attribute,channel,magnitude,regime,model_class,n,mean_margin,ci95,median_margin,fraction_negative
gender,declared,,Declared,male,484,0.035005407780202044,0.015504995441355902,0.021363240451891835,0.3760330578512397
gender,steered,0.0,Neutral (N=0),male,484,0.040115315941468783,0.0152481623754175,0.022070927339439106,0.365702479338843
gender,steered,2.0,Steered N=2,male,484,0.04149593125930536,0.015311624374837957,0.02214102562780637,0.36363636363636365
gender,steered,4.0,Steered N=4,male,484,0.040998081970931605,0.015275994321256413,0.02201165378054548,0.371900826446281
gender,steered,6.0,Steered N=6,male,484,0.040389273048226974,0.01531433273702792,0.022369890534501544,0.365702479338843
gender,steered,8.0,Steered N=8,male,484,0.039717965888251515,0.015529403728619197,0.022141025627806343,0.36983471074380164
gender,steered,10.0,Steered N=10,male,484,0.03884565091158531,0.015793894018230902,0.022141025627806316,0.3677685950413223
gender,steered,12.0,Steered N=12,male,484,0.039300991493917865,0.015824439133612374,0.02246246011718922,0.36983471074380164
gender,steered,14.0,Steered N=14,male,484,0.03929340062132648,0.015925500687617267,0.022113393700402856,0.371900826446281
gender,steered,16.0,Steered N=16,male,484,0.03967827829232745,0.015835556211270946,0.022113393700402884,0.3739669421487603
gender,steered,18.0,Steered N=18,male,484,0.04047480489050476,0.015678870022127235,0.023230714999999985,0.365702479338843
gender,steered,20.0,Steered N=20,male,484,0.034373433075164966,0.015670035328369074,0.02083879489624771,0.39669421487603307
gender,declared,,Declared,female,484,-0.039102945754452854,0.015432586865510002,-0.02189068902167962,0.628099173553719
gender,steered,0.0,Neutral (N=0),female,484,-0.040115315941468783,0.0152481623754175,-0.022070927339439106,0.6342975206611571
gender,steered,2.0,Steered N=2,female,484,-0.03927954550730655,0.01509701392944059,-0.022141025627806316,0.6363636363636364
gender,steered,4.0,Steered N=4,female,484,-0.03846068289432673,0.015064610273041856,-0.022141025627806316,0.6322314049586777
gender,steered,6.0,Steered N=6,female,484,-0.03650616764867928,0.015047126836619134,-0.02189068902167962,0.621900826446281
gender,steered,8.0,Steered N=8,female,484,-0.03424703046492737,0.01484148471556887,-0.021681850000000058,0.6157024793388429
gender,steered,10.0,Steered N=10,female,484,-0.03271563181915332,0.01430716164385556,-0.02110642043987962,0.6136363636363636
gender,steered,12.0,Steered N=12,female,484,-0.031232279903664065,0.014003295926012339,-0.02083879489624761,0.609504132231405
gender,steered,14.0,Steered N=14,female,484,-0.029229493444135127,0.014004031685237062,-0.02083879489624761,0.6033057851239669
gender,steered,16.0,Steered N=16,female,484,-0.029866325740831805,0.013939402052928663,-0.020838794896247653,0.6074380165289256
gender,steered,18.0,Steered N=18,female,484,-0.02881722777539299,0.013826286325076651,-0.020034841893510014,0.6074380165289256
gender,steered,20.0,Steered N=20,female,484,-0.030574015556186825,0.013680702068267941,-0.020584570103385075,0.6136363636363636
age,declared,,Declared,adult,482,0.00217038113710818,0.02018811843536539,0.006392334999999992,0.47925311203319504
age,steered,0.0,Neutral (N=0),adult,482,0.005739122098297,0.02049632459264797,0.0019813842496770873,0.49377593360995853
age,steered,2.0,Steered N=2,adult,482,0.007360711369847964,0.020389686422271933,0.0019813842496770873,0.49377593360995853
age,steered,4.0,Steered N=4,adult,482,0.0075254439151412784,0.020086076654338543,-0.0003979549999999499,0.5
age,steered,6.0,Steered N=6,adult,482,0.007840092922972428,0.01932901723791658,-0.0035026933114380918,0.5062240663900415
age,steered,8.0,Steered N=8,adult,482,0.007203246998130642,0.018961591447881006,-0.006849872974659693,0.5124481327800829
age,steered,10.0,Steered N=10,adult,482,0.008790293557607371,0.018645314662316708,-0.0037190934464519376,0.504149377593361
age,steered,12.0,Steered N=12,adult,482,0.006040358841607177,0.019174817272334634,0.0015423054105947256,0.495850622406639
age,steered,14.0,Steered N=14,adult,482,0.0028435526055911584,0.020249462091489406,0.003075464412451573,0.491701244813278
age,steered,16.0,Steered N=16,adult,482,0.0001732623083417933,0.020872230847784196,0.0034656357926617226,0.4896265560165975
age,steered,18.0,Steered N=18,adult,482,-0.004553036903993519,0.02113618019728222,0.00277613219647054,0.491701244813278
age,steered,20.0,Steered N=20,adult,482,-0.008891804309394655,0.020683922682165228,-0.0011509136559412006,0.5020746887966805
age,declared,,Declared,older_adult,482,-0.02564054046782839,0.019523679217532508,-0.004134017526956468,0.520746887966805
age,steered,0.0,Neutral (N=0),older_adult,482,-0.005739122098297,0.02049632459264797,-0.0019813842496770873,0.5062240663900415
age,steered,2.0,Steered N=2,older_adult,482,-0.008212997650698215,0.020252552282135215,-0.0019813842496770873,0.5062240663900415
age,steered,4.0,Steered N=4,older_adult,482,-0.01057425083921376,0.020068677168139162,-0.004005777867931576,0.5145228215767634
age,steered,6.0,Steered N=6,older_adult,482,-0.011062416827649363,0.020209186637211038,-0.0032447802051132346,0.5103734439834025
age,steered,8.0,Steered N=8,older_adult,482,-0.011126891034657355,0.02029794233404962,-0.0025196294124516794,0.508298755186722
age,steered,10.0,Steered N=10,older_adult,482,-0.011416655449937843,0.02025255863402057,-0.0019813842496769762,0.5062240663900415
age,steered,12.0,Steered N=12,older_adult,482,-0.010177136909643864,0.019983031542271837,-0.0008616498367330916,0.5020746887966805
age,steered,14.0,Steered N=14,older_adult,482,-0.009426989318560126,0.019488687028812565,-0.0011926913734093825,0.504149377593361
age,steered,16.0,Steered N=16,older_adult,482,-0.0067825145476874266,0.019557197279951595,0.0006178799999999596,0.5
age,steered,18.0,Steered N=18,older_adult,482,-0.002371905645396979,0.019849792611812633,0.0014876911609177645,0.4979253112033195
age,steered,20.0,Steered N=20,older_adult,482,0.0027632748700082196,0.020334201206980176,0.00500171251089071,0.487551867219917
education,declared,,Declared,some schooling,486,0.04139896371039933,0.017047971945177237,0.030986947693477707,0.38477366255144035
education,steered,0.0,Neutral (N=0),some schooling,486,0.05637345550670212,0.01709449000654622,0.03687531250000009,0.3765432098765432
education,steered,2.0,Steered N=2,some schooling,486,0.05466334511823793,0.016903678973059,0.035647210329956575,0.38065843621399176
education,steered,4.0,Steered N=4,some schooling,486,0.053606999393866164,0.01679406326613271,0.035647210329956575,0.38065843621399176
education,steered,6.0,Steered N=6,some schooling,486,0.05274523152222088,0.016878035493757052,0.034751063035011784,0.3868312757201646
education,steered,8.0,Steered N=8,some schooling,486,0.053926536148624075,0.01681350993262396,0.035647210329956464,0.3765432098765432
education,steered,10.0,Steered N=10,some schooling,486,0.0536915952690138,0.01673523927584695,0.035647210329956575,0.3765432098765432
education,steered,12.0,Steered N=12,some schooling,486,0.04962621321829202,0.016685040085567527,0.033537668597164366,0.3786008230452675
education,steered,14.0,Steered N=14,some schooling,486,0.047936992253204545,0.016621329391552683,0.030986947693477734,0.3868312757201646
education,steered,16.0,Steered N=16,some schooling,486,0.05049863660574214,0.016330272826482313,0.03430759906115832,0.3765432098765432
education,steered,18.0,Steered N=18,some schooling,486,0.049165600447264514,0.016230941841989803,0.03373980878514285,0.38271604938271603
education,steered,20.0,Steered N=20,some schooling,486,0.04078729076648228,0.016059522619537893,0.02603851922998418,0.411522633744856
education,declared,,Declared,high school,486,0.01582675908380651,0.00963254540109432,0.009692170617229254,0.44650205761316875
education,steered,0.0,Neutral (N=0),high school,486,0.01847935538756889,0.009999219881996013,0.014343125903051424,0.43209876543209874
education,steered,2.0,Steered N=2,high school,486,0.01915089863187262,0.010072324277942801,0.013545643865882057,0.43209876543209874
education,steered,4.0,Steered N=4,high school,486,0.0182374968357713,0.010245448507648249,0.012693580472939586,0.43621399176954734
education,steered,6.0,Steered N=6,high school,486,0.019692081536649992,0.010190586790301933,0.01269358047293953,0.43209876543209874
education,steered,8.0,Steered N=8,high school,486,0.020144918225550788,0.01026538418007015,0.01769707941483381,0.4279835390946502
education,steered,10.0,Steered N=10,high school,486,0.020599970013863572,0.01012734625533108,0.017827916171292535,0.42592592592592593
education,steered,12.0,Steered N=12,high school,486,0.018672014283331647,0.010361744793654164,0.01738814133548372,0.42592592592592593
education,steered,14.0,Steered N=14,high school,486,0.018095496739697826,0.010415967026671214,0.014351036906723846,0.4382716049382716
education,steered,16.0,Steered N=16,high school,486,0.017219290631370624,0.010336364704760877,0.012051595472939575,0.4382716049382716
education,steered,18.0,Steered N=18,high school,486,0.019104028505410982,0.010103291356999453,0.01205159547293952,0.43415637860082307
education,steered,20.0,Steered N=20,high school,486,0.013652175574520945,0.00975800386398748,0.009030166387065261,0.4609053497942387
education,declared,,Declared,college and more,486,-0.07831718392597253,0.015141942234839039,-0.07037070834203091,0.7119341563786008
education,steered,0.0,Neutral (N=0),college and more,486,-0.07485281089427101,0.015942490051457987,-0.06532197455908262,0.6790123456790124
education,steered,2.0,Steered N=2,college and more,486,-0.07375626933915172,0.016013166946474547,-0.06480266755396057,0.6748971193415638
education,steered,4.0,Steered N=4,college and more,486,-0.07164737415794821,0.016063802801939496,-0.06454454505396054,0.6728395061728395
education,steered,6.0,Steered N=6,college and more,486,-0.07042349838613735,0.01577622237183781,-0.06313747000000003,0.6707818930041153
education,steered,8.0,Steered N=8,college and more,486,-0.06897156836656575,0.01606266651054154,-0.06286690500000008,0.6707818930041153
education,steered,10.0,Steered N=10,college and more,486,-0.0691063460216679,0.016165397368455806,-0.0645445450539606,0.6728395061728395
education,steered,12.0,Steered N=12,college and more,486,-0.06965635446412545,0.016327549909819505,-0.0648026675539606,0.6728395061728395
education,steered,14.0,Steered N=14,college and more,486,-0.06773784247925059,0.016328522544227512,-0.06286690500000008,0.668724279835391
education,steered,16.0,Steered N=16,college and more,486,-0.06699831148264063,0.016261757077277405,-0.06313747000000003,0.6666666666666666
education,steered,18.0,Steered N=18,college and more,486,-0.06542381068152694,0.01623647313972206,-0.06381826374999991,0.6728395061728395
education,steered,20.0,Steered N=20,college and more,486,-0.06440614692666286,0.016265834964256827,-0.06193793750000007,0.6625514403292181
socioeco,declared,,Declared,low,486,-0.012640789910954499,0.020584824530540727,0.003575006394452712,0.49382716049382713
socioeco,steered,0.0,Neutral (N=0),low,486,0.037201915424987526,0.019252926276563973,0.024003027510127894,0.43004115226337447
socioeco,steered,2.0,Steered N=2,low,486,0.03696008154137852,0.01917068048635934,0.024920967510128053,0.43209876543209874
socioeco,steered,4.0,Steered N=4,low,486,0.03643003682661434,0.01927377271685752,0.02400302751012795,0.43209876543209874
socioeco,steered,6.0,Steered N=6,low,486,0.036238903914713703,0.01940403561433758,0.02140253854591931,0.43209876543209874
socioeco,steered,8.0,Steered N=8,low,486,0.038125213369328434,0.019621149128764212,0.024003027510127783,0.43209876543209874
socioeco,steered,10.0,Steered N=10,low,486,0.03775299241979953,0.01969759678593475,0.023219233774740305,0.43415637860082307
socioeco,steered,12.0,Steered N=12,low,486,0.03819365269535851,0.019783201312438773,0.022665636638979553,0.43004115226337447
socioeco,steered,14.0,Steered N=14,low,486,0.037316848024285164,0.0198207107039958,0.025125330010128025,0.4279835390946502
socioeco,steered,16.0,Steered N=16,low,486,0.03605947979132879,0.02001808586373944,0.02655452250000012,0.4218106995884774
socioeco,steered,18.0,Steered N=18,low,486,0.035708830739604715,0.020364953387087572,0.023219233774740416,0.43209876543209874
socioeco,steered,20.0,Steered N=20,low,486,0.03495187722635354,0.02055313762373077,0.0220709212747405,0.43209876543209874
socioeco,declared,,Declared,high,486,-0.04967257287366928,0.019966882078733067,-0.029703949095091498,0.5740740740740741
socioeco,steered,0.0,Neutral (N=0),high,486,-0.037201915424987526,0.019252926276563973,-0.024003027510127894,0.5699588477366255
socioeco,steered,2.0,Steered N=2,high,486,-0.03675706117642088,0.01935861395089191,-0.023219233774740416,0.565843621399177
socioeco,steered,4.0,Steered N=4,high,486,-0.03747801301843727,0.01935608039650894,-0.023219233774740416,0.5637860082304527
socioeco,steered,6.0,Steered N=6,high,486,-0.03879241142597396,0.01937021336247041,-0.02094333227117884,0.5637860082304527
socioeco,steered,8.0,Steered N=8,high,486,-0.039054179951357716,0.0194319670801812,-0.024003027510127894,0.5699588477366255
socioeco,steered,10.0,Steered N=10,high,486,-0.03774559106700041,0.01949702155855817,-0.023219233774740528,0.5720164609053497
socioeco,steered,12.0,Steered N=12,high,486,-0.03861768033003968,0.01950620320942187,-0.024003027510127894,0.5720164609053497
socioeco,steered,14.0,Steered N=14,high,486,-0.038959358232182405,0.01979124917638476,-0.024003027510128006,0.5720164609053497
socioeco,steered,16.0,Steered N=16,high,486,-0.04011074996441731,0.02002803139428314,-0.02735570500000023,0.5781893004115226
socioeco,steered,18.0,Steered N=18,high,486,-0.04067751081159175,0.019971155672753007,-0.025125330010128025,0.5781893004115226
socioeco,steered,20.0,Steered N=20,high,486,-0.03934312751673048,0.01998805875080488,-0.016898155000000026,0.5617283950617284
