qkey,attribute,channel,class_label,magnitude,n_names,response_distribution
CARRYGUN_W26,gender,inferred,male,,20,"[0.04674848, 0.00931755, 0.12592087, 0.81801311]"
CARRYGUN_W26,gender,inferred,female,,20,"[0.10204947, 0.00954712, 0.1758699, 0.7125335]"
GROWUPGUN2A_W26,gender,inferred,male,,20,"[0.73724848, 0.2627515]"
GROWUPGUN2A_W26,gender,inferred,female,,20,"[0.75138671, 0.2486133]"
GROWUPGUN2B_W26,gender,inferred,male,,20,"[0.88618614, 0.11381386]"
GROWUPGUN2B_W26,gender,inferred,female,,20,"[0.90981311, 0.09018688]"
GROWUPGUN2C_W26,gender,inferred,male,,20,"[0.80735182, 0.19264817]"
GROWUPGUN2C_W26,gender,inferred,female,,20,"[0.86318845, 0.13681156]"
GROWUPGUN4_W26,gender,inferred,male,,20,"[0.22220331, 0.01949863, 0.45809285, 0.3002052]"
GROWUPGUN4_W26,gender,inferred,female,,20,"[0.18479431, 0.01969635, 0.55330417, 0.24220517]"
GROWUPGUN6_W26,gender,inferred,male,,20,"[0.20767332, 0.015381, 0.22605638, 0.55088931]"
GROWUPGUN6_W26,gender,inferred,female,,20,"[0.21513529, 0.01759194, 0.33603007, 0.4312427]"
GROWUPGUN7_W26,gender,inferred,male,,20,"[0.10029407, 0.01240838, 0.42006649, 0.46723107]"
GROWUPGUN7_W26,gender,inferred,female,,20,"[0.1000154, 0.01504966, 0.45193354, 0.43300139]"
GROWUPVIOL_W26,gender,inferred,male,,20,"[0.18588706, 0.00826634, 0.19244718, 0.61339941]"
GROWUPVIOL_W26,gender,inferred,female,,20,"[0.20077281, 0.01152143, 0.28562794, 0.50207783]"
GUNACCESS_W26,gender,inferred,male,,20,"[0.11011924, 0.01595288, 0.25842174, 0.61550613]"
GUNACCESS_W26,gender,inferred,female,,20,"[0.17788828, 0.01391943, 0.28063987, 0.52755241]"
GUNACTIVITYA_W26,gender,inferred,male,,20,"[0.32217455, 0.03515127, 0.19854516, 0.44412902]"
GUNACTIVITYA_W26,gender,inferred,female,,20,"[0.34963196, 0.0416727, 0.2050715, 0.40362382]"
GUNACTIVITYB_W26,gender,inferred,male,,20,"[0.09274943, 0.01955926, 0.11794899, 0.76974234]"
GUNACTIVITYB_W26,gender,inferred,female,,20,"[0.14142348, 0.0273518, 0.15614367, 0.67508104]"
GUNCONTRIBA_W26,gender,inferred,male,,20,"[0.50225796, 0.01414802, 0.27400775, 0.20958626]"
GUNCONTRIBA_W26,gender,inferred,female,,20,"[0.44463897, 0.01173405, 0.34988639, 0.19374058]"
GUNCONTRIBC_W26,gender,inferred,male,,20,"[0.29878527, 0.01945625, 0.57068107, 0.11107741]"
GUNCONTRIBC_W26,gender,inferred,female,,20,"[0.1766689, 0.01419979, 0.66910649, 0.14002482]"
GUNCONTRIBE_W26,gender,inferred,male,,20,"[0.28104341, 0.02209829, 0.57885831, 0.118]"
GUNCONTRIBE_W26,gender,inferred,female,,20,"[0.21529744, 0.01449156, 0.64208404, 0.12812694]"
GUNCONTRIBF_W26,gender,inferred,male,,20,"[0.30978442, 0.0304905, 0.47459891, 0.18512618]"
GUNCONTRIBF_W26,gender,inferred,female,,20,"[0.22614606, 0.02693589, 0.53513097, 0.21178708]"
GUNFRIEND_W26,gender,inferred,male,,20,"[0.15234294, 0.02223201, 0.6438687, 0.18155635]"
GUNFRIEND_W26,gender,inferred,female,,20,"[0.25348558, 0.02228749, 0.57587814, 0.14834881]"
GUNIDENTITY_W26,gender,inferred,male,,20,"[0.06357874, 0.02372266, 0.07978948, 0.83290912]"
GUNIDENTITY_W26,gender,inferred,female,,20,"[0.10433061, 0.02464083, 0.09856579, 0.77246275]"
GUNLOADED1_W26,gender,inferred,male,,20,"[0.25789327, 0.03755593, 0.7045508]"
GUNLOADED1_W26,gender,inferred,female,,20,"[0.28309316, 0.02592879, 0.69097805]"
GUNLOADED2_W26,gender,inferred,male,,20,"[0.88636749, 0.11363252]"
GUNLOADED2_W26,gender,inferred,female,,20,"[0.9268104, 0.0731896]"
GUNLOCKED1_W26,gender,inferred,male,,20,"[0.27238316, 0.04542152, 0.68219532]"
GUNLOCKED1_W26,gender,inferred,female,,20,"[0.33771288, 0.03391161, 0.62837553]"
GUNLOCKED2_W26,gender,inferred,male,,20,"[0.85141863, 0.14858138]"
GUNLOCKED2_W26,gender,inferred,female,,20,"[0.89032055, 0.10967946]"
GUNRESPKIDSD_W26,gender,inferred,male,,20,"[0.4894753, 0.03060071, 0.10711063, 0.37281336]"
GUNRESPKIDSD_W26,gender,inferred,female,,20,"[0.48806975, 0.02659506, 0.07865979, 0.40667542]"
GUNRESPKIDSE_W26,gender,inferred,male,,20,"[0.58009685, 0.03765986, 0.06170696, 0.32053632]"
GUNRESPKIDSE_W26,gender,inferred,female,,20,"[0.57282404, 0.03518143, 0.04844051, 0.34355402]"
GUNRESPNOKIDSA_W26,gender,inferred,male,,20,"[0.72016567, 0.02314959, 0.07217759, 0.18450715]"
GUNRESPNOKIDSA_W26,gender,inferred,female,,20,"[0.71297387, 0.01945237, 0.08492554, 0.18264823]"
GUNRESPNOKIDSB_W26,gender,inferred,male,,20,"[0.53472947, 0.02978346, 0.1204916, 0.31499549]"
GUNRESPNOKIDSB_W26,gender,inferred,female,,20,"[0.61927596, 0.02387035, 0.08859152, 0.26826217]"
GUNRESPNOKIDSC_W26,gender,inferred,male,,20,"[0.4680008, 0.02532774, 0.24202275, 0.26464871]"
GUNRESPNOKIDSC_W26,gender,inferred,female,,20,"[0.31245123, 0.02723789, 0.42978402, 0.23052685]"
GUNRESPNOKIDSD_W26,gender,inferred,male,,20,"[0.61057443, 0.03119831, 0.14557273, 0.21265454]"
GUNRESPNOKIDSD_W26,gender,inferred,female,,20,"[0.57888487, 0.02607406, 0.17416741, 0.22087366]"
GUNRESPNOKIDSE_W26,gender,inferred,male,,20,"[0.6499721, 0.02799128, 0.10937639, 0.21266022]"
GUNRESPNOKIDSE_W26,gender,inferred,female,,20,"[0.5984031, 0.02327614, 0.15005564, 0.22826514]"
GUNRESPNOKIDSF_W26,gender,inferred,male,,20,"[0.495918, 0.03149561, 0.2414353, 0.23115108]"
GUNRESPNOKIDSF_W26,gender,inferred,female,,20,"[0.39450328, 0.03031599, 0.36571553, 0.20946519]"
GUNSAFETYKIDS_W26,gender,inferred,male,,20,"[0.48391001, 0.20877829, 0.30731171]"
GUNSAFETYKIDS_W26,gender,inferred,female,,20,"[0.53752761, 0.16051763, 0.30195477]"
GUNSAFE_W26,gender,inferred,male,,20,"[0.44517936, 0.05307547, 0.50174517]"
GUNSAFE_W26,gender,inferred,female,,20,"[0.54635312, 0.03598096, 0.41766591]"
GUNTYPEOWNC_W26,gender,inferred,male,,20,"[0.67653493, 0.00898791, 0.31447716]"
GUNTYPEOWNC_W26,gender,inferred,female,,20,"[0.62365278, 0.01354077, 0.36280645]"
IMPREASONGUN_W26,gender,inferred,male,,20,"[0.01165098, 0.00511, 0.04513765, 0.93120794, 0.00689343]"
IMPREASONGUN_W26,gender,inferred,female,,20,"[0.03739236, 0.01131062, 0.09480715, 0.83421599, 0.02227389]"
NOCARRYGUN_W26,gender,inferred,male,,20,"[0.94009075, 0.05990925]"
NOCARRYGUN_W26,gender,inferred,female,,20,"[0.93743078, 0.06256922]"
REASONGUNA_W26,gender,inferred,male,,20,"[0.65449298, 0.05740213, 0.2881049]"
REASONGUNA_W26,gender,inferred,female,,20,"[0.69808457, 0.02411792, 0.27779751]"
REASONGUNB_W26,gender,inferred,male,,20,"[0.60679635, 0.01870924, 0.37449442]"
REASONGUNB_W26,gender,inferred,female,,20,"[0.47754297, 0.01201871, 0.51043831]"
REASONGUNC_W26,gender,inferred,male,,20,"[0.64821913, 0.02749251, 0.32428836]"
REASONGUNC_W26,gender,inferred,female,,20,"[0.49527088, 0.01646138, 0.48826774]"
REASONGUND_W26,gender,inferred,male,,20,"[0.43558199, 0.09716288, 0.46725512]"
REASONGUND_W26,gender,inferred,female,,20,"[0.55959784, 0.04737036, 0.3930318]"
REASONGUNE_W26,gender,inferred,male,,20,"[0.30061642, 0.14762261, 0.55176098]"
REASONGUNE_W26,gender,inferred,female,,20,"[0.50962786, 0.11107726, 0.37929486]"
SHOOTFREQ_W26,gender,inferred,male,,20,"[0.15205567, 0.01797939, 0.12929314, 0.7006718]"
SHOOTFREQ_W26,gender,inferred,female,,20,"[0.17077728, 0.01730075, 0.19446474, 0.61745725]"
WORRYB_W26,gender,inferred,male,,20,"[0.20453842, 0.1587483, 0.63671329]"
WORRYB_W26,gender,inferred,female,,20,"[0.23414983, 0.154848, 0.61100217]"
WORRYD_W26,gender,inferred,male,,20,"[0.1221135, 0.0156437, 0.86224283]"
WORRYD_W26,gender,inferred,female,,20,"[0.10511421, 0.01736094, 0.87752485]"
WORRYE_W26,gender,inferred,male,,20,"[0.20877234, 0.14664029, 0.64458738]"
WORRYE_W26,gender,inferred,female,,20,"[0.25142993, 0.15389293, 0.59467713]"
WORRYF_W26,gender,inferred,male,,20,"[0.28964666, 0.10715232, 0.60320102]"
WORRYF_W26,gender,inferred,female,,20,"[0.30864424, 0.1024065, 0.58894926]"
BOYSF1B_W29,gender,inferred,male,,20,"[0.38988975, 0.05315465, 0.55695561]"
BOYSF1B_W29,gender,inferred,female,,20,"[0.34936059, 0.04224953, 0.60838988]"
FAVORS_CPS_W29,gender,inferred,male,,20,"[0.14273391, 0.01468673, 0.31419414, 0.48767765, 0.01181363, 0.02889396]"
FAVORS_CPS_W29,gender,inferred,female,,20,"[0.13554593, 0.01850831, 0.3437889, 0.4389536, 0.02287073, 0.04033252]"
FEM2_W29,gender,inferred,male,,20,"[0.16136025, 0.04622251, 0.44164769, 0.35076954]"
FEM2_W29,gender,inferred,female,,20,"[0.0658109, 0.01257618, 0.10433486, 0.81727805]"
GIRLSF2C_W29,gender,inferred,male,,20,"[0.59110653, 0.0310107, 0.37788277]"
GIRLSF2C_W29,gender,inferred,female,,20,"[0.41135624, 0.05321453, 0.53542923]"
GIRLSF2D_W29,gender,inferred,male,,20,"[0.53134746, 0.02154414, 0.4471084]"
GIRLSF2D_W29,gender,inferred,female,,20,"[0.39307185, 0.0409688, 0.56595935]"
GOPDIRCT_W29,gender,inferred,male,,20,"[0.16097847, 0.00716089, 0.14457225, 0.68728839]"
GOPDIRCT_W29,gender,inferred,female,,20,"[0.18426132, 0.00840493, 0.21758452, 0.58974924]"
HOOD_NHISB_W29,gender,inferred,male,,20,"[0.1100956, 0.00911087, 0.3632756, 0.51751792]"
HOOD_NHISB_W29,gender,inferred,female,,20,"[0.10968865, 0.0114842, 0.36220828, 0.51661887]"
LOCALELECT_W29,gender,inferred,male,,20,"[0.07283721, 0.0125873, 0.2622557, 0.6523198]"
LOCALELECT_W29,gender,inferred,female,,20,"[0.05909212, 0.01899241, 0.28629379, 0.63562169]"
MAN1A_W29,gender,inferred,male,,20,"[0.15200163, 0.03185234, 0.60803673, 0.20810931]"
MAN1A_W29,gender,inferred,female,,20,"[0.11827381, 0.02667792, 0.58783414, 0.26721414]"
MAN1B_W29,gender,inferred,male,,20,"[0.14912219, 0.04264969, 0.24763049, 0.56059762]"
MAN1B_W29,gender,inferred,female,,20,"[0.16449992, 0.02518614, 0.19099494, 0.61931902]"
MAN1C_W29,gender,inferred,male,,20,"[0.07875401, 0.01135023, 0.16230833, 0.74758742]"
MAN1C_W29,gender,inferred,female,,20,"[0.07040994, 0.01059396, 0.10206401, 0.81693207]"
MAN1D_W29,gender,inferred,male,,20,"[0.09523342, 0.0352103, 0.08348273, 0.78607355]"
MAN1D_W29,gender,inferred,female,,20,"[0.06782634, 0.01952853, 0.05467674, 0.85796839]"
MAN1E_W29,gender,inferred,male,,20,"[0.15374715, 0.03535293, 0.63555915, 0.17534078]"
MAN1E_W29,gender,inferred,female,,20,"[0.10831614, 0.02995705, 0.62724996, 0.23447684]"
MASC2_W29,gender,inferred,male,,20,"[0.0732358, 0.01857713, 0.09398403, 0.81420303]"
MASC2_W29,gender,inferred,female,,20,"[0.07843195, 0.01874609, 0.13085496, 0.77196701]"
S12_W29,gender,inferred,male,,20,"[0.14545558, 0.01501889, 0.32270779, 0.46882571, 0.01435263, 0.03363941]"
S12_W29,gender,inferred,female,,20,"[0.14998484, 0.01979301, 0.34997812, 0.40881716, 0.02744936, 0.0439775]"
S13_W29,gender,inferred,male,,20,"[0.09718683, 0.01755108, 0.45375093, 0.39398899, 0.0198494, 0.01767276]"
S13_W29,gender,inferred,female,,20,"[0.08723011, 0.02336256, 0.40559318, 0.39669677, 0.0672298, 0.01988759]"
SEENFEM_W29,gender,inferred,male,,20,"[0.10809659, 0.04277423, 0.17136854, 0.67776064]"
SEENFEM_W29,gender,inferred,female,,20,"[0.07554583, 0.03248163, 0.10564512, 0.78632743]"
SEENMASC_W29,gender,inferred,male,,20,"[0.12637411, 0.05790955, 0.11105276, 0.7046636]"
SEENMASC_W29,gender,inferred,female,,20,"[0.0988875, 0.05257596, 0.10336459, 0.74517194]"
TALK_CPS_W29,gender,inferred,male,,20,"[0.12254489, 0.01699196, 0.31831294, 0.49845597, 0.01302949, 0.03066475]"
TALK_CPS_W29,gender,inferred,female,,20,"[0.09879948, 0.021606, 0.3193288, 0.48729467, 0.03227704, 0.04069401]"
WORRYBILL_W29,gender,inferred,male,,20,"[0.1324774, 0.00978523, 0.46767972, 0.39005764]"
WORRYBILL_W29,gender,inferred,female,,20,"[0.13013534, 0.01449817, 0.47794759, 0.37741891]"
CLASS_W32,gender,inferred,male,,20,"[0.02015743, 0.00714779, 0.68405017, 0.27957319, 0.00907142]"
CLASS_W32,gender,inferred,female,,20,"[0.01976027, 0.00677704, 0.72573334, 0.22335865, 0.0243707]"
COMMIMPA_W32,gender,inferred,male,,20,"[0.12824368, 0.00307925, 0.54295097, 0.3257261]"
COMMIMPA_W32,gender,inferred,female,,20,"[0.11932491, 0.00551306, 0.47338036, 0.40178169]"
COMMIMPB_W32,gender,inferred,male,,20,"[0.24514696, 0.00590019, 0.46223455, 0.28671829]"
COMMIMPB_W32,gender,inferred,female,,20,"[0.21142663, 0.00946799, 0.42708095, 0.35202444]"
COMMIMPC_W32,gender,inferred,male,,20,"[0.30286616, 0.00552089, 0.35108927, 0.34052367]"
COMMIMPC_W32,gender,inferred,female,,20,"[0.30006726, 0.00713533, 0.34984992, 0.34294749]"
COMMIMPF_W32,gender,inferred,male,,20,"[0.16938201, 0.00604567, 0.53481223, 0.2897601]"
COMMIMPF_W32,gender,inferred,female,,20,"[0.15185334, 0.01021614, 0.48861718, 0.34931335]"
COMMIMPG_W32,gender,inferred,male,,20,"[0.19762655, 0.00764066, 0.52566718, 0.26906562]"
COMMIMPG_W32,gender,inferred,female,,20,"[0.18279646, 0.01268449, 0.4619332, 0.34258585]"
COMMIMPH_W32,gender,inferred,male,,20,"[0.11243397, 0.00686093, 0.07301714, 0.80768795]"
COMMIMPH_W32,gender,inferred,female,,20,"[0.21468078, 0.01005652, 0.19459219, 0.58067051]"
COMMYRS_W32,gender,inferred,male,,20,"[0.08327529, 0.02369421, 0.45651283, 0.42554902, 0.01096864]"
COMMYRS_W32,gender,inferred,female,,20,"[0.09669454, 0.03211477, 0.46686779, 0.38247702, 0.02184588]"
ETHNCMAJ_W32,gender,inferred,male,,20,"[0.22937688, 0.05321164, 0.71741148]"
ETHNCMAJ_W32,gender,inferred,female,,20,"[0.22454728, 0.0502591, 0.72519362]"
GAYMARR2_W32,gender,inferred,male,,20,"[0.14549819, 0.01225989, 0.08994196, 0.75229996]"
GAYMARR2_W32,gender,inferred,female,,20,"[0.18468278, 0.00998855, 0.05768235, 0.74764632]"
HARASS2F1_W32,gender,inferred,male,,20,"[0.33559341, 0.06126108, 0.60314551]"
HARASS2F1_W32,gender,inferred,female,,20,"[0.16255349, 0.02934659, 0.80809992]"
IMMIMPACT_W32,gender,inferred,male,,20,"[0.11391715, 0.0766154, 0.80946746]"
IMMIMPACT_W32,gender,inferred,female,,20,"[0.15999091, 0.09825207, 0.74175701]"
MOVERURAL_W32,gender,inferred,male,,20,"[0.26803524, 0.01384114, 0.71812361]"
MOVERURAL_W32,gender,inferred,female,,20,"[0.20954448, 0.01730835, 0.77314717]"
MOVESUBURB_W32,gender,inferred,male,,20,"[0.27357472, 0.01511751, 0.71130776]"
MOVESUBURB_W32,gender,inferred,female,,20,"[0.21444896, 0.01877942, 0.76677163]"
MOVEURBAN_W32,gender,inferred,male,,20,"[0.22823503, 0.0130809, 0.75868407]"
MOVEURBAN_W32,gender,inferred,female,,20,"[0.18860879, 0.01770187, 0.79368935]"
NEIGHINTERA_W32,gender,inferred,male,,20,"[0.0957138, 0.00870882, 0.56854097, 0.28827351, 0.00955063, 0.02921226]"
NEIGHINTERA_W32,gender,inferred,female,,20,"[0.07285912, 0.00986233, 0.57082259, 0.28328869, 0.02390077, 0.0392665]"
NEIGHINTERB_W32,gender,inferred,male,,20,"[0.07231832, 0.00586623, 0.71187688, 0.18891889, 0.00729244, 0.01372726]"
NEIGHINTERB_W32,gender,inferred,female,,20,"[0.05356074, 0.00794153, 0.67406473, 0.22174572, 0.02117602, 0.02151126]"
NEIGHKIDS_W32,gender,inferred,male,,20,"[0.69164205, 0.08471851, 0.22363944]"
NEIGHKIDS_W32,gender,inferred,female,,20,"[0.73011988, 0.13359637, 0.13628374]"
NEIGHSAMEA_W32,gender,inferred,male,,20,"[0.05772772, 0.01998808, 0.41634088, 0.48425491, 0.02168841]"
NEIGHSAMEA_W32,gender,inferred,female,,20,"[0.06659075, 0.01818737, 0.38082145, 0.51249872, 0.02190172]"
SATLIFED_W32,gender,inferred,male,,20,"[0.32927781, 0.02170557, 0.35780813, 0.29120849]"
SATLIFED_W32,gender,inferred,female,,20,"[0.31242259, 0.02168962, 0.37704629, 0.28884151]"
SOCTRUST2_W32,gender,inferred,male,,20,"[0.70947815, 0.29052186]"
SOCTRUST2_W32,gender,inferred,female,,20,"[0.77799416, 0.22200584]"
VALUERURAL_W32,gender,inferred,male,,20,"[0.10871288, 0.00424761, 0.64893143, 0.23810809]"
VALUERURAL_W32,gender,inferred,female,,20,"[0.09338865, 0.00394609, 0.68406994, 0.21859531]"
WHADVANT_W32,gender,inferred,male,,20,"[0.15604925, 0.04963519, 0.48690441, 0.30741116]"
WHADVANT_W32,gender,inferred,female,,20,"[0.15998398, 0.04593852, 0.49596735, 0.29811015]"
WILLMOVE_W32,gender,inferred,male,,20,"[0.26274353, 0.0107604, 0.32311109, 0.40338497]"
WILLMOVE_W32,gender,inferred,female,,20,"[0.26123527, 0.01709579, 0.37048483, 0.35118411]"
EAT1_W34,gender,inferred,male,,20,"[0.09051331, 0.00667804, 0.44567166, 0.44909673, 0.00804026]"
EAT1_W34,gender,inferred,female,,20,"[0.06496101, 0.00919621, 0.41892129, 0.48359913, 0.02332236]"
EAT2_W34,gender,inferred,male,,20,"[0.1232403, 0.00829707, 0.36169094, 0.49626906, 0.01050262]"
EAT2_W34,gender,inferred,female,,20,"[0.09081371, 0.01047038, 0.34728739, 0.52281164, 0.02861689]"
EAT5B_W34,gender,inferred,male,,20,"[0.29312479, 0.10234748, 0.39452463, 0.21000313]"
EAT5B_W34,gender,inferred,female,,20,"[0.23157989, 0.06119673, 0.48797007, 0.2192533]"
EAT5C_W34,gender,inferred,male,,20,"[0.18547939, 0.10063261, 0.53962894, 0.17425908]"
EAT5C_W34,gender,inferred,female,,20,"[0.15644716, 0.05801723, 0.60324047, 0.18229515]"
EAT5D_W34,gender,inferred,male,,20,"[0.2191661, 0.10990207, 0.48880858, 0.18212325]"
EAT5D_W34,gender,inferred,female,,20,"[0.17537889, 0.06604347, 0.56566286, 0.19291477]"
EVOBIOA_W34,gender,inferred,male,,20,"[0.19109312, 0.02621678, 0.78269009]"
EVOBIOA_W34,gender,inferred,female,,20,"[0.11367477, 0.01804725, 0.86827797]"
EVOBIOB_W34,gender,inferred,male,,20,"[0.82449811, 0.17550188]"
EVOBIOB_W34,gender,inferred,female,,20,"[0.81118094, 0.18881906]"
EVOPERS3_W34,gender,inferred,male,,20,"[0.39916684, 0.03812537, 0.56270778]"
EVOPERS3_W34,gender,inferred,female,,20,"[0.20333648, 0.03001335, 0.76665019]"
EVOTHREE_W34,gender,inferred,male,,20,"[0.951655, 0.04834499]"
EVOTHREE_W34,gender,inferred,female,,20,"[0.91238438, 0.08761563]"
FUD22_W34,gender,inferred,male,,20,"[0.07647856, 0.02737019, 0.571676, 0.32447528]"
FUD22_W34,gender,inferred,female,,20,"[0.07102865, 0.02645498, 0.60378873, 0.29872765]"
FUD24_W34,gender,inferred,male,,20,"[0.06913612, 0.00795932, 0.92290455]"
FUD24_W34,gender,inferred,female,,20,"[0.05474408, 0.00473885, 0.94051707]"
FUD33B_W34,gender,inferred,male,,20,"[0.08612775, 0.01757094, 0.89630131]"
FUD33B_W34,gender,inferred,female,,20,"[0.05722692, 0.0128649, 0.92990818]"
FUD35_W34,gender,inferred,male,,20,"[0.11399408, 0.01156553, 0.47740056, 0.39703984]"
FUD35_W34,gender,inferred,female,,20,"[0.09908197, 0.01643036, 0.49382937, 0.3906583]"
FUD37A_W34,gender,inferred,male,,20,"[0.29150532, 0.02149805, 0.44937871, 0.23761793]"
FUD37A_W34,gender,inferred,female,,20,"[0.18661387, 0.01722678, 0.52746108, 0.26869828]"
FUD37B_W34,gender,inferred,male,,20,"[0.21189945, 0.015987, 0.4239413, 0.34817227]"
FUD37B_W34,gender,inferred,female,,20,"[0.20060433, 0.01158372, 0.54010869, 0.24770327]"
FUD37C_W34,gender,inferred,male,,20,"[0.22647839, 0.02811006, 0.53726155, 0.20814998]"
FUD37C_W34,gender,inferred,female,,20,"[0.13792238, 0.01712373, 0.63098723, 0.21396665]"
BETTERBIZ1F2D_W36,gender,inferred,male,,20,"[0.43540619, 0.06064859, 0.50394523]"
BETTERBIZ1F2D_W36,gender,inferred,female,,20,"[0.55424849, 0.02018962, 0.4255619]"
BETTERBIZ1F2E_W36,gender,inferred,male,,20,"[0.4011171, 0.13430296, 0.46457993]"
BETTERBIZ1F2E_W36,gender,inferred,female,,20,"[0.41271056, 0.05693024, 0.5303592]"
BETTERBIZ1F2H_W36,gender,inferred,male,,20,"[0.46694977, 0.06349224, 0.469558]"
BETTERBIZ1F2H_W36,gender,inferred,female,,20,"[0.5698324, 0.01747117, 0.41269644]"
BETTERBIZ2F2C_W36,gender,inferred,male,,20,"[0.25269447, 0.08194963, 0.66535589]"
BETTERBIZ2F2C_W36,gender,inferred,female,,20,"[0.24280565, 0.06850372, 0.68869063]"
BETTERBIZ2F2E_W36,gender,inferred,male,,20,"[0.19803895, 0.080736, 0.72122504]"
BETTERBIZ2F2E_W36,gender,inferred,female,,20,"[0.19005973, 0.0629798, 0.74696046]"
BETTERBIZ2F2F_W36,gender,inferred,male,,20,"[0.31907049, 0.07651377, 0.60441574]"
BETTERBIZ2F2F_W36,gender,inferred,female,,20,"[0.30840539, 0.06962865, 0.62196597]"
BETTERPOL1F1B_W36,gender,inferred,male,,20,"[0.46657625, 0.10775245, 0.42567131]"
BETTERPOL1F1B_W36,gender,inferred,female,,20,"[0.48551787, 0.12325214, 0.39123]"
BETTERPOL1F1E_W36,gender,inferred,male,,20,"[0.40454506, 0.11127944, 0.4841755]"
BETTERPOL1F1E_W36,gender,inferred,female,,20,"[0.35555782, 0.07989894, 0.56454324]"
BETTERPOL1F1I_W36,gender,inferred,male,,20,"[0.45802897, 0.14063831, 0.40133271]"
BETTERPOL1F1I_W36,gender,inferred,female,,20,"[0.43869022, 0.06812254, 0.49318725]"
BETTERPOL2F1A_W36,gender,inferred,male,,20,"[0.37543416, 0.0600194, 0.56454645]"
BETTERPOL2F1A_W36,gender,inferred,female,,20,"[0.44153642, 0.01998949, 0.5384741]"
BETTERPOL2F1C_W36,gender,inferred,male,,20,"[0.31053188, 0.05793438, 0.63153374]"
BETTERPOL2F1C_W36,gender,inferred,female,,20,"[0.29793081, 0.06008064, 0.64198855]"
BETTERPOL2F1D_W36,gender,inferred,male,,20,"[0.45010562, 0.09479337, 0.45510099]"
BETTERPOL2F1D_W36,gender,inferred,female,,20,"[0.42959897, 0.10080172, 0.46959932]"
BETTERPOL2F1F_W36,gender,inferred,male,,20,"[0.24405655, 0.0495887, 0.70635477]"
BETTERPOL2F1F_W36,gender,inferred,female,,20,"[0.22409099, 0.04689688, 0.72901213]"
E5_W36,gender,inferred,male,,20,"[0.18640781, 0.01822586, 0.79536634]"
E5_W36,gender,inferred,female,,20,"[0.17273121, 0.01614703, 0.81112175]"
ESSENBIZF2E_W36,gender,inferred,male,,20,"[0.13794952, 0.02117795, 0.84087254]"
ESSENBIZF2E_W36,gender,inferred,female,,20,"[0.1195019, 0.01884521, 0.86165288]"
ESSENBIZF2J_W36,gender,inferred,male,,20,"[0.11125731, 0.01746934, 0.87127335]"
ESSENBIZF2J_W36,gender,inferred,female,,20,"[0.10603408, 0.01815502, 0.87581088]"
ESSENPOLF1A_W36,gender,inferred,male,,20,"[0.2329062, 0.01186063, 0.75523315]"
ESSENPOLF1A_W36,gender,inferred,female,,20,"[0.14086524, 0.0080205, 0.85111427]"
ESSENPOLF1B_W36,gender,inferred,male,,20,"[0.19053739, 0.02185125, 0.78761135]"
ESSENPOLF1B_W36,gender,inferred,female,,20,"[0.1553788, 0.01866916, 0.82595206]"
ESSENPOLF1D_W36,gender,inferred,male,,20,"[0.18044384, 0.01842134, 0.80113482]"
ESSENPOLF1D_W36,gender,inferred,female,,20,"[0.11913627, 0.01436929, 0.86649443]"
ESSENPOLF1G_W36,gender,inferred,male,,20,"[0.1605141, 0.01583597, 0.82364992]"
ESSENPOLF1G_W36,gender,inferred,female,,20,"[0.09604655, 0.01110948, 0.89284396]"
ESSENPOLF1H_W36,gender,inferred,male,,20,"[0.22545372, 0.0193047, 0.75524159]"
ESSENPOLF1H_W36,gender,inferred,female,,20,"[0.18412925, 0.01797286, 0.79789788]"
HIGHEDWRNGB_W36,gender,inferred,male,,20,"[0.30899374, 0.01395872, 0.67704755]"
HIGHEDWRNGB_W36,gender,inferred,female,,20,"[0.25178239, 0.0093433, 0.7388743]"
HIGHEDWRNGC_W36,gender,inferred,male,,20,"[0.238818, 0.02261945, 0.73856255]"
HIGHEDWRNGC_W36,gender,inferred,female,,20,"[0.18900579, 0.01361501, 0.7973792]"
IMPROVE1_W36,gender,inferred,male,,20,"[0.35077871, 0.06422688, 0.42688203, 0.15811239]"
IMPROVE1_W36,gender,inferred,female,,20,"[0.19593866, 0.05548183, 0.54409203, 0.2044875]"
IMPROVE2_W36,gender,inferred,male,,20,"[0.02797036, 0.00625714, 0.05378554, 0.91198696]"
IMPROVE2_W36,gender,inferred,female,,20,"[0.03283915, 0.01071326, 0.04125935, 0.91518822]"
IMPROVE3_W36,gender,inferred,male,,20,"[0.3145973, 0.05400271, 0.49157577, 0.13982422]"
IMPROVE3_W36,gender,inferred,female,,20,"[0.18520894, 0.04670138, 0.5816998, 0.18638988]"
MOREWMN1F2_W36,gender,inferred,male,,20,"[0.27569457, 0.04003197, 0.68427347]"
MOREWMN1F2_W36,gender,inferred,female,,20,"[0.17626986, 0.03272736, 0.79100277]"
POLCHF1_W36,gender,inferred,male,,20,"[0.20580185, 0.09216645, 0.7020317]"
POLCHF1_W36,gender,inferred,female,,20,"[0.25027994, 0.12590187, 0.62381819]"
TRAITBIZMF2C_W36,gender,inferred,male,,20,"[0.12871952, 0.05700355, 0.81427693]"
TRAITBIZMF2C_W36,gender,inferred,female,,20,"[0.14884781, 0.05432799, 0.79682419]"
TRAITBIZMF2D_W36,gender,inferred,male,,20,"[0.14004458, 0.05939022, 0.8005652]"
TRAITBIZMF2D_W36,gender,inferred,female,,20,"[0.15231749, 0.04656278, 0.80111974]"
TRAITBIZMF2E_W36,gender,inferred,male,,20,"[0.1414353, 0.06120709, 0.7973576]"
TRAITBIZMF2E_W36,gender,inferred,female,,20,"[0.13391503, 0.02711766, 0.83896731]"
TRAITBIZMF2G_W36,gender,inferred,male,,20,"[0.33963397, 0.10028025, 0.56008578]"
TRAITBIZMF2G_W36,gender,inferred,female,,20,"[0.31136881, 0.08273098, 0.60590022]"
TRAITBIZWF2C_W36,gender,inferred,male,,20,"[0.13245583, 0.03924921, 0.82829497]"
TRAITBIZWF2C_W36,gender,inferred,female,,20,"[0.15591684, 0.05885968, 0.7852235]"
TRAITBIZWF2D_W36,gender,inferred,male,,20,"[0.32563463, 0.13366052, 0.54070485]"
TRAITBIZWF2D_W36,gender,inferred,female,,20,"[0.160707, 0.03598524, 0.80330777]"
TRAITBIZWF2E_W36,gender,inferred,male,,20,"[0.4143303, 0.14303785, 0.44263186]"
TRAITBIZWF2E_W36,gender,inferred,female,,20,"[0.09303801, 0.03315514, 0.87380686]"
TRAITBIZWF2G_W36,gender,inferred,male,,20,"[0.14488637, 0.06830532, 0.78680833]"
TRAITBIZWF2G_W36,gender,inferred,female,,20,"[0.20244072, 0.06139153, 0.73616775]"
TRAITPOLMF1B_W36,gender,inferred,male,,20,"[0.24713439, 0.0324908, 0.72037483]"
TRAITPOLMF1B_W36,gender,inferred,female,,20,"[0.21783369, 0.02633407, 0.75583225]"
TRAITPOLMF1C_W36,gender,inferred,male,,20,"[0.17451792, 0.057558, 0.76792408]"
TRAITPOLMF1C_W36,gender,inferred,female,,20,"[0.18769399, 0.0471853, 0.76512071]"
TRAITPOLMF1D_W36,gender,inferred,male,,20,"[0.23806709, 0.04835054, 0.71358237]"
TRAITPOLMF1D_W36,gender,inferred,female,,20,"[0.21690497, 0.02619439, 0.75690061]"
TRAITPOLMF1E_W36,gender,inferred,male,,20,"[0.19536143, 0.02240215, 0.78223642]"
TRAITPOLMF1E_W36,gender,inferred,female,,20,"[0.35546404, 0.09217635, 0.55235962]"
TRAITPOLMF1F_W36,gender,inferred,male,,20,"[0.30033379, 0.06833325, 0.63133296]"
TRAITPOLMF1F_W36,gender,inferred,female,,20,"[0.3352858, 0.03363348, 0.63108072]"
TRAITPOLMF1G_W36,gender,inferred,male,,20,"[0.30700813, 0.0626997, 0.63029216]"
TRAITPOLMF1G_W36,gender,inferred,female,,20,"[0.29318209, 0.05104304, 0.65577487]"
TRAITPOLWF1A_W36,gender,inferred,male,,20,"[0.37364831, 0.10831892, 0.51803279]"
TRAITPOLWF1A_W36,gender,inferred,female,,20,"[0.21513825, 0.04356153, 0.74130022]"
TRAITPOLWF1C_W36,gender,inferred,male,,20,"[0.19095519, 0.03449138, 0.77455343]"
TRAITPOLWF1C_W36,gender,inferred,female,,20,"[0.18687928, 0.05346039, 0.75966034]"
TRAITPOLWF1D_W36,gender,inferred,male,,20,"[0.36619528, 0.10470123, 0.52910349]"
TRAITPOLWF1D_W36,gender,inferred,female,,20,"[0.20955798, 0.02765772, 0.7627843]"
TRAITPOLWF1E_W36,gender,inferred,male,,20,"[0.37401973, 0.10357632, 0.52240394]"
TRAITPOLWF1E_W36,gender,inferred,female,,20,"[0.13496923, 0.02934409, 0.83568667]"
TRAITPOLWF1F_W36,gender,inferred,male,,20,"[0.14239128, 0.03850138, 0.81910733]"
TRAITPOLWF1F_W36,gender,inferred,female,,20,"[0.27202865, 0.06368033, 0.66429102]"
TRAITPOLWF1G_W36,gender,inferred,male,,20,"[0.14950366, 0.04516267, 0.80533367]"
TRAITPOLWF1G_W36,gender,inferred,female,,20,"[0.16723559, 0.03727749, 0.79548692]"
WHYNOTBIZF2A_W36,gender,inferred,male,,20,"[0.24455567, 0.11069174, 0.6447526]"
WHYNOTBIZF2A_W36,gender,inferred,female,,20,"[0.25658018, 0.1779166, 0.56550322]"
WHYNOTBIZF2B_W36,gender,inferred,male,,20,"[0.30358949, 0.12172293, 0.57468758]"
WHYNOTBIZF2B_W36,gender,inferred,female,,20,"[0.2837565, 0.17762672, 0.53861678]"
WHYNOTBIZF2D_W36,gender,inferred,male,,20,"[0.16272703, 0.17696939, 0.66030359]"
WHYNOTBIZF2D_W36,gender,inferred,female,,20,"[0.16300511, 0.16357235, 0.67342255]"
WHYNOTBIZF2F_W36,gender,inferred,male,,20,"[0.1292942, 0.16702746, 0.70367834]"
WHYNOTBIZF2F_W36,gender,inferred,female,,20,"[0.13015126, 0.15089484, 0.7189539]"
WHYNOTBIZF2G_W36,gender,inferred,male,,20,"[0.24644423, 0.08590668, 0.66764908]"
WHYNOTBIZF2G_W36,gender,inferred,female,,20,"[0.26802264, 0.11028618, 0.62169117]"
WHYNOTBIZF2H_W36,gender,inferred,male,,20,"[0.2578789, 0.1048944, 0.63722668]"
WHYNOTBIZF2H_W36,gender,inferred,female,,20,"[0.26906884, 0.14537455, 0.58555661]"
WHYNOTBIZF2J_W36,gender,inferred,male,,20,"[0.33675531, 0.15855706, 0.50468763]"
WHYNOTBIZF2J_W36,gender,inferred,female,,20,"[0.07108227, 0.02495779, 0.90395993]"
WHYNOTBIZF2M_W36,gender,inferred,male,,20,"[0.28795086, 0.18762377, 0.52442539]"
WHYNOTBIZF2M_W36,gender,inferred,female,,20,"[0.1480761, 0.05539698, 0.79652693]"
WHYNOTBIZF2N_W36,gender,inferred,male,,20,"[0.18866493, 0.0677309, 0.74360416]"
WHYNOTBIZF2N_W36,gender,inferred,female,,20,"[0.22255393, 0.09115002, 0.68629604]"
WHYNOTBIZF2O_W36,gender,inferred,male,,20,"[0.18124142, 0.06984119, 0.74891739]"
WHYNOTBIZF2O_W36,gender,inferred,female,,20,"[0.20154814, 0.07164872, 0.72680314]"
WHYNOTPOLF1A_W36,gender,inferred,male,,20,"[0.1916815, 0.08928162, 0.71903689]"
WHYNOTPOLF1A_W36,gender,inferred,female,,20,"[0.26582545, 0.19710893, 0.53706562]"
WHYNOTPOLF1B_W36,gender,inferred,male,,20,"[0.26254497, 0.13870761, 0.59874742]"
WHYNOTPOLF1B_W36,gender,inferred,female,,20,"[0.27754126, 0.04621698, 0.67624176]"
WHYNOTPOLF1C_W36,gender,inferred,male,,20,"[0.30741485, 0.02944596, 0.66313919]"
WHYNOTPOLF1C_W36,gender,inferred,female,,20,"[0.15399721, 0.02204762, 0.82395517]"
WHYNOTPOLF1E_W36,gender,inferred,male,,20,"[0.31766987, 0.0685768, 0.61375332]"
WHYNOTPOLF1E_W36,gender,inferred,female,,20,"[0.21468376, 0.02149881, 0.76381744]"
WHYNOTPOLF1G_W36,gender,inferred,male,,20,"[0.39706802, 0.0441132, 0.55881879]"
WHYNOTPOLF1G_W36,gender,inferred,female,,20,"[0.28502857, 0.02726434, 0.68770709]"
WHYNOTPOLF1I_W36,gender,inferred,male,,20,"[0.35899924, 0.07424138, 0.56675937]"
WHYNOTPOLF1I_W36,gender,inferred,female,,20,"[0.28906511, 0.0210309, 0.689904]"
WHYNOTPOLF1J_W36,gender,inferred,male,,20,"[0.29609406, 0.1077253, 0.59618064]"
WHYNOTPOLF1J_W36,gender,inferred,female,,20,"[0.46735787, 0.144228, 0.38841412]"
WHYNOTPOLF1K_W36,gender,inferred,male,,20,"[0.13751482, 0.06178573, 0.80069945]"
WHYNOTPOLF1K_W36,gender,inferred,female,,20,"[0.14153808, 0.04662829, 0.81183364]"
WHYNOTPOLF1L_W36,gender,inferred,male,,20,"[0.09309652, 0.02941791, 0.87748559]"
WHYNOTPOLF1L_W36,gender,inferred,female,,20,"[0.15224055, 0.04242993, 0.80532951]"
WMNPRZ1_W36,gender,inferred,male,,20,"[0.03965019, 0.01112855, 0.12217004, 0.82705121]"
WMNPRZ1_W36,gender,inferred,female,,20,"[0.03545288, 0.01154113, 0.04450555, 0.90850044]"
AUTOLKLY_W41,gender,inferred,male,,20,"[0.09408869, 0.01666661, 0.59808064, 0.29116405]"
AUTOLKLY_W41,gender,inferred,female,,20,"[0.07021537, 0.01339458, 0.62066227, 0.29572777]"
AUTOWKPLC_W41,gender,inferred,male,,20,"[0.31047373, 0.08750727, 0.60201902]"
AUTOWKPLC_W41,gender,inferred,female,,20,"[0.20167989, 0.0572625, 0.74105761]"
ELDFINANCEF1_W41,gender,inferred,male,,20,"[0.44533886, 0.13492285, 0.41973828]"
ELDFINANCEF1_W41,gender,inferred,female,,20,"[0.38788299, 0.09572908, 0.51638793]"
ELDFINANCEF2_W41,gender,inferred,male,,20,"[0.57211943, 0.05534333, 0.37253723]"
ELDFINANCEF2_W41,gender,inferred,female,,20,"[0.49694122, 0.0460291, 0.45702967]"
ETHNCMAJMOD_W41,gender,inferred,male,,20,"[0.10274347, 0.05704202, 0.39862717, 0.41655236, 0.02503499]"
ETHNCMAJMOD_W41,gender,inferred,female,,20,"[0.11122513, 0.04724461, 0.36593976, 0.45043379, 0.02515672]"
FTRWORRYc_W41,gender,inferred,male,,20,"[0.19293822, 0.00550925, 0.43914639, 0.36240614]"
FTRWORRYc_W41,gender,inferred,female,,20,"[0.15179887, 0.00788014, 0.46150668, 0.3788143]"
FTRWORRYe_W41,gender,inferred,male,,20,"[0.18666848, 0.0063462, 0.28088569, 0.52609964]"
FTRWORRYe_W41,gender,inferred,female,,20,"[0.16980212, 0.00908408, 0.39071997, 0.43039383]"
FTRWORRYf_W41,gender,inferred,male,,20,"[0.26777901, 0.01023917, 0.42242927, 0.29955256]"
FTRWORRYf_W41,gender,inferred,female,,20,"[0.20280296, 0.01343095, 0.44127799, 0.34248811]"
FUTRCLASSb_W41,gender,inferred,male,,20,"[0.65950981, 0.0364295, 0.30406069]"
FUTRCLASSb_W41,gender,inferred,female,,20,"[0.5192964, 0.03888323, 0.44182037]"
FUTRCLASSc_W41,gender,inferred,male,,20,"[0.49632104, 0.03619671, 0.46748225]"
FUTRCLASSc_W41,gender,inferred,female,,20,"[0.3900188, 0.03353668, 0.57644452]"
FUTR_DIV_W41,gender,inferred,male,,20,"[0.16049107, 0.02580289, 0.81370604]"
FUTR_DIV_W41,gender,inferred,female,,20,"[0.0851728, 0.01372952, 0.90109767]"
GOVPRIOb_W41,gender,inferred,male,,20,"[0.08767981, 0.01788797, 0.61332353, 0.28110869]"
GOVPRIOb_W41,gender,inferred,female,,20,"[0.06379546, 0.01298243, 0.63682347, 0.28639863]"
GOVPRIOc_W41,gender,inferred,male,,20,"[0.17820089, 0.018755, 0.59107381, 0.21197029]"
GOVPRIOc_W41,gender,inferred,female,,20,"[0.11533475, 0.0140472, 0.65131837, 0.2192997]"
GOVPRIOe_W41,gender,inferred,male,,20,"[0.13980629, 0.01613763, 0.58035403, 0.26370204]"
GOVPRIOe_W41,gender,inferred,female,,20,"[0.09276721, 0.01226013, 0.6464584, 0.24851426]"
GOVPRIOfF1_W41,gender,inferred,male,,20,"[0.30664514, 0.02395415, 0.32261633, 0.34678438]"
GOVPRIOfF1_W41,gender,inferred,female,,20,"[0.21798658, 0.01391742, 0.49430403, 0.27379195]"
GOVPRIOgF1_W41,gender,inferred,male,,20,"[0.07718423, 0.03871393, 0.57205781, 0.31204403]"
GOVPRIOgF1_W41,gender,inferred,female,,20,"[0.08108255, 0.04101359, 0.58563274, 0.29227111]"
GOVPRIOhF1_W41,gender,inferred,male,,20,"[0.0704206, 0.01242581, 0.12687553, 0.79027808]"
GOVPRIOhF1_W41,gender,inferred,female,,20,"[0.0619254, 0.0112522, 0.11251804, 0.81430436]"
GOVPRIOiF1_W41,gender,inferred,male,,20,"[0.11520909, 0.01430654, 0.62902241, 0.24146197]"
GOVPRIOiF1_W41,gender,inferred,female,,20,"[0.07272543, 0.01040159, 0.68495828, 0.23191469]"
GOVPRIOjF1_W41,gender,inferred,male,,20,"[0.20051085, 0.01189289, 0.35273365, 0.43486261]"
GOVPRIOjF1_W41,gender,inferred,female,,20,"[0.1490545, 0.00824356, 0.50754784, 0.33515409]"
GOVPRIOkF2_W41,gender,inferred,male,,20,"[0.04333968, 0.00773735, 0.04647172, 0.90245125]"
GOVPRIOkF2_W41,gender,inferred,female,,20,"[0.04978283, 0.00779905, 0.06311488, 0.87930324]"
GOVPRIOlF2_W41,gender,inferred,male,,20,"[0.09510754, 0.04391579, 0.48529505, 0.37568161]"
GOVPRIOlF2_W41,gender,inferred,female,,20,"[0.10479663, 0.04877374, 0.52616931, 0.32026031]"
GOVPRIOmF2_W41,gender,inferred,male,,20,"[0.19035031, 0.02565975, 0.46590677, 0.31808318]"
GOVPRIOmF2_W41,gender,inferred,female,,20,"[0.11797091, 0.01593779, 0.59077924, 0.27531208]"
GOVPRIOnF2_W41,gender,inferred,male,,20,"[0.2945472, 0.01371252, 0.2288575, 0.46288279]"
GOVPRIOnF2_W41,gender,inferred,female,,20,"[0.25129319, 0.01184013, 0.38683685, 0.35002983]"
GOVPRIOoF2_W41,gender,inferred,male,,20,"[0.14210928, 0.02145885, 0.56063541, 0.27579645]"
GOVPRIOoF2_W41,gender,inferred,female,,20,"[0.08520209, 0.01370135, 0.63381573, 0.26728083]"
HAPPEN2b_W41,gender,inferred,male,,20,"[0.21225545, 0.06177358, 0.45702351, 0.26894746]"
HAPPEN2b_W41,gender,inferred,female,,20,"[0.16514944, 0.03699458, 0.53088318, 0.26697281]"
HAPPEN2f_W41,gender,inferred,male,,20,"[0.04559445, 0.02079401, 0.19329217, 0.74031939]"
HAPPEN2f_W41,gender,inferred,female,,20,"[0.07499724, 0.02839438, 0.2923444, 0.60426397]"
HARASS1F1b_W41,gender,inferred,male,,20,"[0.21719019, 0.05563462, 0.7271752]"
HARASS1F1b_W41,gender,inferred,female,,20,"[0.26594761, 0.07219485, 0.66185754]"
HARASS1F1d_W41,gender,inferred,male,,20,"[0.11405141, 0.0251981, 0.86075049]"
HARASS1F1d_W41,gender,inferred,female,,20,"[0.17765523, 0.02779921, 0.79454557]"
HARASS1NOWRKF2d_W41,gender,inferred,male,,20,"[0.28107275, 0.0507703, 0.66815694]"
HARASS1NOWRKF2d_W41,gender,inferred,female,,20,"[0.57540533, 0.07457459, 0.35002005]"
HARASS3NOWRKF2_W41,gender,inferred,male,,20,"[0.22155113, 0.07365871, 0.70479016]"
HARASS3NOWRKF2_W41,gender,inferred,female,,20,"[0.27878539, 0.06660848, 0.65460611]"
INTRMAR_W41,gender,inferred,male,,20,"[0.17614635, 0.03640488, 0.41266896, 0.35058665, 0.02419315]"
INTRMAR_W41,gender,inferred,female,,20,"[0.14258557, 0.02826487, 0.45214324, 0.27065292, 0.1063534]"
LEGALIMG_W41,gender,inferred,male,,20,"[0.415978, 0.02250825, 0.56151373]"
LEGALIMG_W41,gender,inferred,female,,20,"[0.39225397, 0.02592673, 0.5818193]"
SOLVPROBa_W41,gender,inferred,male,,20,"[0.15768298, 0.04113811, 0.54531082, 0.25586808]"
SOLVPROBa_W41,gender,inferred,female,,20,"[0.13536744, 0.03878844, 0.54498962, 0.28085451]"
SOLVPROBb_W41,gender,inferred,male,,20,"[0.13414081, 0.04302347, 0.56263907, 0.26019666]"
SOLVPROBb_W41,gender,inferred,female,,20,"[0.12481843, 0.04163449, 0.55003279, 0.28351431]"
SOLVPROBc_W41,gender,inferred,male,,20,"[0.1223925, 0.02283652, 0.51984496, 0.33492602]"
SOLVPROBc_W41,gender,inferred,female,,20,"[0.14728844, 0.02509615, 0.51065366, 0.31696175]"
SOLVPROBdF1_W41,gender,inferred,male,,20,"[0.06960491, 0.00912151, 0.60929965, 0.31197394]"
SOLVPROBdF1_W41,gender,inferred,female,,20,"[0.11019769, 0.01326059, 0.58979388, 0.28674783]"
SOLVPROBf_W41,gender,inferred,male,,20,"[0.15155614, 0.03951057, 0.57033756, 0.23859573]"
SOLVPROBf_W41,gender,inferred,female,,20,"[0.13624363, 0.03916712, 0.56799696, 0.25659227]"
SOLVPROBg_W41,gender,inferred,male,,20,"[0.1133297, 0.01350451, 0.55917039, 0.3139954]"
SOLVPROBg_W41,gender,inferred,female,,20,"[0.14096827, 0.0185255, 0.51986315, 0.32064308]"
SOLVPROBh_W41,gender,inferred,male,,20,"[0.1385411, 0.04863085, 0.54500981, 0.26781824]"
SOLVPROBh_W41,gender,inferred,female,,20,"[0.1339733, 0.05059399, 0.52482354, 0.29060916]"
WRKTRN1F1_W41,gender,inferred,male,,20,"[0.36098898, 0.11257945, 0.40649143, 0.11994014]"
WRKTRN1F1_W41,gender,inferred,female,,20,"[0.30453065, 0.06281164, 0.49542314, 0.13723457]"
WRKTRN1F2_W41,gender,inferred,male,,20,"[0.37069325, 0.09033074, 0.41656726, 0.12240875]"
WRKTRN1F2_W41,gender,inferred,female,,20,"[0.26506934, 0.05550239, 0.51746166, 0.16196661]"
CONFb_W42,gender,inferred,male,,20,"[0.17256963, 0.01872196, 0.65694196, 0.15176644]"
CONFb_W42,gender,inferred,female,,20,"[0.1397342, 0.01841812, 0.65481645, 0.18703123]"
CONFc_W42,gender,inferred,male,,20,"[0.17573123, 0.01405301, 0.5828301, 0.22738567]"
CONFc_W42,gender,inferred,female,,20,"[0.15608224, 0.01597012, 0.56815756, 0.25979009]"
CONFe_W42,gender,inferred,male,,20,"[0.18877428, 0.0152313, 0.5313501, 0.26464432]"
CONFe_W42,gender,inferred,female,,20,"[0.15503577, 0.01785214, 0.55080137, 0.27631071]"
CONFg_W42,gender,inferred,male,,20,"[0.13117994, 0.0174713, 0.58235459, 0.26899417]"
CONFg_W42,gender,inferred,female,,20,"[0.12231784, 0.0202309, 0.53304065, 0.32441062]"
PQ4_F2Aa_W42,gender,inferred,male,,20,"[0.13096206, 0.00858223, 0.64665932, 0.21379638]"
PQ4_F2Aa_W42,gender,inferred,female,,20,"[0.08558142, 0.00781878, 0.63190733, 0.27469246]"
PQ4_F2Ac_W42,gender,inferred,male,,20,"[0.19013098, 0.02669542, 0.56551449, 0.2176591]"
PQ4_F2Ac_W42,gender,inferred,female,,20,"[0.13105408, 0.02181759, 0.60665707, 0.24047126]"
PQ4_F2Ae_W42,gender,inferred,male,,20,"[0.17916241, 0.02100059, 0.61636876, 0.18346823]"
PQ4_F2Ae_W42,gender,inferred,female,,20,"[0.11354147, 0.01824962, 0.62856198, 0.23964694]"
PQ4_F2Bb_W42,gender,inferred,male,,20,"[0.08198147, 0.00816445, 0.52963323, 0.38022085]"
PQ4_F2Bb_W42,gender,inferred,female,,20,"[0.05623401, 0.00841928, 0.52862053, 0.40672618]"
PQ4_F2Bc_W42,gender,inferred,male,,20,"[0.15123393, 0.01761171, 0.44067918, 0.39047518]"
PQ4_F2Bc_W42,gender,inferred,female,,20,"[0.12156239, 0.01870525, 0.47590798, 0.38382439]"
PQ4_F2Bd_W42,gender,inferred,male,,20,"[0.09435554, 0.01349883, 0.36706289, 0.52508274]"
PQ4_F2Bd_W42,gender,inferred,female,,20,"[0.06054948, 0.01064611, 0.50415439, 0.42465001]"
PQ4_F2Cc_W42,gender,inferred,male,,20,"[0.16657386, 0.01805267, 0.51077415, 0.30459935]"
PQ4_F2Cc_W42,gender,inferred,female,,20,"[0.13168675, 0.01960926, 0.55552004, 0.29318395]"
PQ8_F2B_W42,gender,inferred,male,,20,"[0.13451309, 0.03535884, 0.51836175, 0.31176632]"
PQ8_F2B_W42,gender,inferred,female,,20,"[0.10793056, 0.02735339, 0.55365867, 0.31105738]"
RQ1_F1B_W42,gender,inferred,male,,20,"[0.1554177, 0.01381924, 0.83076305]"
RQ1_F1B_W42,gender,inferred,female,,20,"[0.16180856, 0.01014937, 0.82804205]"
RQ1_F1C_W42,gender,inferred,male,,20,"[0.18849453, 0.01638737, 0.7951181]"
RQ1_F1C_W42,gender,inferred,female,,20,"[0.20315025, 0.01261303, 0.78423672]"
RQ2_F1A_W42,gender,inferred,male,,20,"[0.16132261, 0.17278569, 0.6658917]"
RQ2_F1A_W42,gender,inferred,female,,20,"[0.12743342, 0.13624959, 0.73631701]"
RQ4_F1Ab_W42,gender,inferred,male,,20,"[0.11579065, 0.00826915, 0.68100482, 0.19493538]"
RQ4_F1Ab_W42,gender,inferred,female,,20,"[0.08718654, 0.00800236, 0.70134763, 0.20346347]"
RQ4_F1Ae_W42,gender,inferred,male,,20,"[0.16041347, 0.02306039, 0.61423312, 0.20229303]"
RQ4_F1Ae_W42,gender,inferred,female,,20,"[0.10008573, 0.01567343, 0.68679556, 0.19744528]"
RQ4_F1Ba_W42,gender,inferred,male,,20,"[0.07847751, 0.00703939, 0.69190348, 0.22257963]"
RQ4_F1Ba_W42,gender,inferred,female,,20,"[0.07276436, 0.00833177, 0.64831123, 0.27059263]"
RQ4_F1Bc_W42,gender,inferred,male,,20,"[0.19771746, 0.02352364, 0.49271445, 0.28604445]"
RQ4_F1Bc_W42,gender,inferred,female,,20,"[0.14203897, 0.02121908, 0.54471729, 0.29202467]"
RQ4_F1Bd_W42,gender,inferred,male,,20,"[0.16880538, 0.01865574, 0.3318967, 0.48064218]"
RQ4_F1Bd_W42,gender,inferred,female,,20,"[0.10355186, 0.01316161, 0.51484394, 0.36844258]"
RQ4_F1Be_W42,gender,inferred,male,,20,"[0.16836883, 0.02029945, 0.57113612, 0.24019561]"
RQ4_F1Be_W42,gender,inferred,female,,20,"[0.12047508, 0.01660583, 0.61867307, 0.24424603]"
RQ4_F1Ca_W42,gender,inferred,male,,20,"[0.0492986, 0.00629848, 0.69429994, 0.25010298]"
RQ4_F1Ca_W42,gender,inferred,female,,20,"[0.04866163, 0.00738385, 0.64585929, 0.29809522]"
RQ4_F1Cb_W42,gender,inferred,male,,20,"[0.093134, 0.00716622, 0.62746874, 0.27223104]"
RQ4_F1Cb_W42,gender,inferred,female,,20,"[0.0735172, 0.00711693, 0.65664058, 0.26272531]"
RQ4_F1Cd_W42,gender,inferred,male,,20,"[0.14656576, 0.01644401, 0.41240023, 0.42459001]"
RQ4_F1Cd_W42,gender,inferred,female,,20,"[0.07872439, 0.01205866, 0.59313618, 0.31608076]"
RQ5_F1B_W42,gender,inferred,male,,20,"[0.02905549, 0.00773513, 0.10587217, 0.85733719]"
RQ5_F1B_W42,gender,inferred,female,,20,"[0.0586849, 0.00803114, 0.16217017, 0.7711138]"
RQ5_F1C_W42,gender,inferred,male,,20,"[0.00834192, 0.00465101, 0.02382484, 0.96318224]"
RQ5_F1C_W42,gender,inferred,female,,20,"[0.00867703, 0.00403292, 0.01778603, 0.96950403]"
IDIMPORT_W43,gender,inferred,male,,20,"[0.09739288, 0.06196788, 0.46913436, 0.30989982, 0.06160507]"
IDIMPORT_W43,gender,inferred,female,,20,"[0.10361039, 0.05686763, 0.48817782, 0.2912123, 0.06013186]"
RACESURV13_W43,gender,inferred,male,,20,"[0.09007213, 0.06480616, 0.41432125, 0.43080046]"
RACESURV13_W43,gender,inferred,female,,20,"[0.09641127, 0.06491192, 0.42631466, 0.41236216]"
RACESURV14_W43,gender,inferred,male,,20,"[0.0858171, 0.03833052, 0.48045674, 0.39539565]"
RACESURV14_W43,gender,inferred,female,,20,"[0.08781824, 0.03722198, 0.46372212, 0.41123765]"
RACESURV15a_W43,gender,inferred,male,,20,"[0.20749154, 0.09993325, 0.69257521]"
RACESURV15a_W43,gender,inferred,female,,20,"[0.20052808, 0.07773325, 0.72173867]"
RACESURV15b_W43,gender,inferred,male,,20,"[0.14213318, 0.07701174, 0.78085509]"
RACESURV15b_W43,gender,inferred,female,,20,"[0.14452518, 0.0612999, 0.79417492]"
RACESURV17_W43,gender,inferred,male,,20,"[0.47309501, 0.05309432, 0.38973433, 0.08407634]"
RACESURV17_W43,gender,inferred,female,,20,"[0.37806825, 0.05886678, 0.45341208, 0.10965288]"
RACESURV18b_W43,gender,inferred,male,,20,"[0.06782526, 0.02777697, 0.2504287, 0.6260839, 0.02788516]"
RACESURV18b_W43,gender,inferred,female,,20,"[0.08139178, 0.02769356, 0.25946209, 0.59621205, 0.03524053]"
RACESURV18f_W43,gender,inferred,male,,20,"[0.10902204, 0.02744641, 0.16938117, 0.65709613, 0.03705424]"
RACESURV18f_W43,gender,inferred,female,,20,"[0.15219226, 0.03213755, 0.21827268, 0.53427486, 0.06312266]"
RACESURV19a_W43,gender,inferred,male,,20,"[0.22660383, 0.09417323, 0.67922295]"
RACESURV19a_W43,gender,inferred,female,,20,"[0.24416703, 0.08807361, 0.66775937]"
RACESURV19c_W43,gender,inferred,male,,20,"[0.24379912, 0.07791952, 0.67828137]"
RACESURV19c_W43,gender,inferred,female,,20,"[0.26573594, 0.07242346, 0.6618406]"
RACESURV19e_W43,gender,inferred,male,,20,"[0.23928124, 0.09156872, 0.66915003]"
RACESURV19e_W43,gender,inferred,female,,20,"[0.25987777, 0.08494291, 0.6551793]"
RACESURV1b_W43,gender,inferred,male,,20,"[0.20609166, 0.01152433, 0.782384]"
RACESURV1b_W43,gender,inferred,female,,20,"[0.15725766, 0.01136626, 0.83137606]"
RACESURV21_W43,gender,inferred,male,,20,"[0.03285461, 0.00676983, 0.02783276, 0.93254281]"
RACESURV21_W43,gender,inferred,female,,20,"[0.08800975, 0.01243016, 0.09063518, 0.80892492]"
RACESURV27_W43,gender,inferred,male,,20,"[0.16646349, 0.00979757, 0.26744214, 0.55629679]"
RACESURV27_W43,gender,inferred,female,,20,"[0.22486914, 0.01618582, 0.37422883, 0.38471622]"
RACESURV28a_W43,gender,inferred,male,,20,"[0.13012731, 0.07166925, 0.79820347]"
RACESURV28a_W43,gender,inferred,female,,20,"[0.13498578, 0.06459462, 0.80041958]"
RACESURV28b_W43,gender,inferred,male,,20,"[0.14155769, 0.06720067, 0.79124165]"
RACESURV28b_W43,gender,inferred,female,,20,"[0.1448975, 0.06054434, 0.79455816]"
RACESURV28c_W43,gender,inferred,male,,20,"[0.15183298, 0.07133108, 0.77683594]"
RACESURV28c_W43,gender,inferred,female,,20,"[0.15465113, 0.06341531, 0.78193357]"
RACESURV28d_W43,gender,inferred,male,,20,"[0.14713391, 0.06614793, 0.78671814]"
RACESURV28d_W43,gender,inferred,female,,20,"[0.14909525, 0.06040093, 0.79050382]"
RACESURV28e_W43,gender,inferred,male,,20,"[0.1156078, 0.05307751, 0.83131468]"
RACESURV28e_W43,gender,inferred,female,,20,"[0.11577237, 0.04666757, 0.83756003]"
RACESURV28f_W43,gender,inferred,male,,20,"[0.1231924, 0.06812727, 0.80868034]"
RACESURV28f_W43,gender,inferred,female,,20,"[0.12179106, 0.06049217, 0.81771677]"
RACESURV28g_W43,gender,inferred,male,,20,"[0.15080026, 0.06957427, 0.77962548]"
RACESURV28g_W43,gender,inferred,female,,20,"[0.15194391, 0.06351932, 0.78453678]"
RACESURV29d_W43,gender,inferred,male,,20,"[0.07705696, 0.02209433, 0.18535055, 0.71549816]"
RACESURV29d_W43,gender,inferred,female,,20,"[0.07735394, 0.02177145, 0.157003, 0.74387162]"
RACESURV2_W43,gender,inferred,male,,20,"[0.27124171, 0.0130944, 0.33804807, 0.36478261, 0.01283322]"
RACESURV2_W43,gender,inferred,female,,20,"[0.21755991, 0.01593991, 0.35669153, 0.33369288, 0.07611577]"
RACESURV34a_W43,gender,inferred,male,,20,"[0.08291129, 0.03765354, 0.42901803, 0.41579282, 0.03462434]"
RACESURV34a_W43,gender,inferred,female,,20,"[0.09279993, 0.03703009, 0.44702624, 0.38263124, 0.04051252]"
RACESURV34b_W43,gender,inferred,male,,20,"[0.03949586, 0.01450368, 0.06592558, 0.85742746, 0.02264741]"
RACESURV34b_W43,gender,inferred,female,,20,"[0.02749671, 0.00848341, 0.04337301, 0.90625544, 0.01439141]"
RACESURV34c_W43,gender,inferred,male,,20,"[0.22911344, 0.00824634, 0.25762167, 0.4982945, 0.00672405]"
RACESURV34c_W43,gender,inferred,female,,20,"[0.25937851, 0.00900033, 0.27415109, 0.41656717, 0.04090291]"
RACESURV34d_W43,gender,inferred,male,,20,"[0.22615643, 0.00865077, 0.35123861, 0.40703068, 0.00692352]"
RACESURV34d_W43,gender,inferred,female,,20,"[0.26201483, 0.01268951, 0.33547059, 0.35776673, 0.03205834]"
RACESURV34e_W43,gender,inferred,male,,20,"[0.28021844, 0.00743718, 0.32774273, 0.37887488, 0.00572676]"
RACESURV34e_W43,gender,inferred,female,,20,"[0.2637402, 0.00912281, 0.30369787, 0.39407918, 0.02935995]"
RACESURV38_W43,gender,inferred,male,,20,"[0.07856861, 0.03233997, 0.5750319, 0.31405954]"
RACESURV38_W43,gender,inferred,female,,20,"[0.07688177, 0.02670958, 0.59613962, 0.30026903]"
RACESURV40_W43,gender,inferred,male,,20,"[0.11673895, 0.08243628, 0.42748708, 0.27522107, 0.09811664]"
RACESURV40_W43,gender,inferred,female,,20,"[0.12085828, 0.07532179, 0.4360349, 0.2736885, 0.09409653]"
RACESURV41_W43,gender,inferred,male,,20,"[0.12420584, 0.04529618, 0.56408772, 0.21405469, 0.05235558]"
RACESURV41_W43,gender,inferred,female,,20,"[0.13121585, 0.04105568, 0.56344409, 0.21259012, 0.05169427]"
RACESURV45_W43,gender,inferred,male,,20,"[0.13705295, 0.06826301, 0.48497204, 0.23997971, 0.06973228]"
RACESURV45_W43,gender,inferred,female,,20,"[0.14486445, 0.06171626, 0.48837937, 0.23803089, 0.06700904]"
RACESURV47a_W43,gender,inferred,male,,20,"[0.31141525, 0.04545356, 0.35716954, 0.21400214, 0.0719595]"
RACESURV47a_W43,gender,inferred,female,,20,"[0.40044376, 0.03717199, 0.30698406, 0.18348883, 0.07191135]"
RACESURV47b_W43,gender,inferred,male,,20,"[0.08219042, 0.08805897, 0.38568895, 0.37830051, 0.06576115]"
RACESURV47b_W43,gender,inferred,female,,20,"[0.09183333, 0.08992834, 0.40187663, 0.34867962, 0.06768208]"
RACESURV47d_W43,gender,inferred,male,,20,"[0.11530146, 0.03214562, 0.55352547, 0.24813454, 0.05089291]"
RACESURV47d_W43,gender,inferred,female,,20,"[0.13205508, 0.02960006, 0.5286232, 0.25517767, 0.054544]"
RACESURV47e_W43,gender,inferred,male,,20,"[0.20374048, 0.02610995, 0.3153935, 0.41786551, 0.03689058]"
RACESURV47e_W43,gender,inferred,female,,20,"[0.24669205, 0.02363815, 0.3153117, 0.37493036, 0.03942774]"
RACESURV47f_W43,gender,inferred,male,,20,"[0.11231347, 0.04828591, 0.43920981, 0.34136272, 0.05882809]"
RACESURV47f_W43,gender,inferred,female,,20,"[0.12537256, 0.04716538, 0.41874069, 0.34118036, 0.06754102]"
RACESURV48_W43,gender,inferred,male,,20,"[0.22718606, 0.02753479, 0.64713778, 0.09814136]"
RACESURV48_W43,gender,inferred,female,,20,"[0.18887669, 0.02678496, 0.65738157, 0.12695679]"
RACESURV51_W43,gender,inferred,male,,20,"[0.18370925, 0.07347238, 0.74281837]"
RACESURV51_W43,gender,inferred,female,,20,"[0.18641951, 0.05834039, 0.7552401]"
RACESURV52_W43,gender,inferred,male,,20,"[0.31555, 0.01345231, 0.14342116, 0.52757653]"
RACESURV52_W43,gender,inferred,female,,20,"[0.2833497, 0.01191627, 0.19190613, 0.51282788]"
RACESURV5a_W43,gender,inferred,male,,20,"[0.13253956, 0.04320096, 0.50492545, 0.25192095, 0.06741307]"
RACESURV5a_W43,gender,inferred,female,,20,"[0.13376061, 0.03745651, 0.52526966, 0.23910886, 0.06440437]"
RACESURV5b_W43,gender,inferred,male,,20,"[0.11145108, 0.0422266, 0.45982795, 0.32812483, 0.05836953]"
RACESURV5b_W43,gender,inferred,female,,20,"[0.11261593, 0.03734709, 0.45894307, 0.33297519, 0.05811872]"
RACESURV5d_W43,gender,inferred,male,,20,"[0.08907968, 0.01469796, 0.26997225, 0.6067755, 0.01947461]"
RACESURV5d_W43,gender,inferred,female,,20,"[0.11669127, 0.01424513, 0.25512516, 0.58967844, 0.02426]"
RACESURV5e_W43,gender,inferred,male,,20,"[0.10030721, 0.02810389, 0.39350124, 0.44097974, 0.03710792]"
RACESURV5e_W43,gender,inferred,female,,20,"[0.12792024, 0.02705476, 0.35923449, 0.44314751, 0.04264299]"
RACESURV5f_W43,gender,inferred,male,,20,"[0.09630351, 0.04270271, 0.41769546, 0.39571234, 0.04758598]"
RACESURV5f_W43,gender,inferred,female,,20,"[0.1013077, 0.03789263, 0.38654447, 0.42510078, 0.04915445]"
RACESURV5g_W43,gender,inferred,male,,20,"[0.09356513, 0.02281218, 0.36800882, 0.48107753, 0.03453633]"
RACESURV5g_W43,gender,inferred,female,,20,"[0.0976951, 0.01848535, 0.29969466, 0.55139832, 0.03272657]"
RACESURV5h_W43,gender,inferred,male,,20,"[0.07664369, 0.02539204, 0.35512644, 0.49609671, 0.04674113]"
RACESURV5h_W43,gender,inferred,female,,20,"[0.08611275, 0.02390099, 0.38466853, 0.45141071, 0.05390701]"
RACESURV5i_W43,gender,inferred,male,,20,"[0.02013545, 0.00480923, 0.03283706, 0.92160521, 0.02061305]"
RACESURV5i_W43,gender,inferred,female,,20,"[0.0073034, 0.00170784, 0.01203047, 0.97329375, 0.00566451]"
RACESURV5j_W43,gender,inferred,male,,20,"[0.02656892, 0.00707612, 0.08926566, 0.86540998, 0.01167932]"
RACESURV5j_W43,gender,inferred,female,,20,"[0.0170501, 0.00717824, 0.04352036, 0.91468023, 0.01757107]"
RACESURV5l_W43,gender,inferred,male,,20,"[0.24037766, 0.01557511, 0.35815559, 0.36606101, 0.01983062]"
RACESURV5l_W43,gender,inferred,female,,20,"[0.21542807, 0.01702578, 0.35388819, 0.33272459, 0.08093337]"
RACESURV9_W43,gender,inferred,male,,20,"[0.07191018, 0.0106207, 0.11670991, 0.78260939, 0.01814983]"
RACESURV9_W43,gender,inferred,female,,20,"[0.18330583, 0.01382301, 0.16685545, 0.60302326, 0.03299244]"
INFOCHALa_W45,gender,inferred,male,,20,"[0.17554866, 0.02640776, 0.51154237, 0.28650121]"
INFOCHALa_W45,gender,inferred,female,,20,"[0.17475466, 0.02902366, 0.49451395, 0.30170774]"
INFOCREATEa_W45,gender,inferred,male,,20,"[0.0231406, 0.00536901, 0.03624453, 0.93524585]"
INFOCREATEa_W45,gender,inferred,female,,20,"[0.033568, 0.00690743, 0.0466157, 0.91290888]"
MADEUPOFT_W45,gender,inferred,male,,20,"[0.13123274, 0.02944252, 0.10564949, 0.73367527]"
MADEUPOFT_W45,gender,inferred,female,,20,"[0.10800118, 0.02348376, 0.07794623, 0.79056884]"
MADEUPSHAREWHY_W45,gender,inferred,male,,20,"[0.04217965, 0.00828205, 0.21324916, 0.73628915]"
MADEUPSHAREWHY_W45,gender,inferred,female,,20,"[0.04534592, 0.00727414, 0.5886955, 0.35868444]"
MADEUPTOPICb_W45,gender,inferred,male,,20,"[0.30473196, 0.03500462, 0.51094387, 0.14931955]"
MADEUPTOPICb_W45,gender,inferred,female,,20,"[0.23427852, 0.03321823, 0.60895654, 0.12354672]"
MADEUPTOPICc_W45,gender,inferred,male,,20,"[0.37033674, 0.02583303, 0.392159, 0.21167124]"
MADEUPTOPICc_W45,gender,inferred,female,,20,"[0.27295217, 0.02623863, 0.50960061, 0.19120858]"
MADEUPTOPICd_W45,gender,inferred,male,,20,"[0.15488243, 0.03609329, 0.21304865, 0.59597562]"
MADEUPTOPICd_W45,gender,inferred,female,,20,"[0.1740341, 0.03380164, 0.25429644, 0.53786781]"
NEWSPREFV2_W45,gender,inferred,male,,20,"[0.10439545, 0.01016265, 0.38481653, 0.46315988, 0.03746547]"
NEWSPREFV2_W45,gender,inferred,female,,20,"[0.09534, 0.01156771, 0.33943996, 0.43993217, 0.11372017]"
NEWSPROBd_W45,gender,inferred,male,,20,"[0.06070399, 0.03117823, 0.67689586, 0.23122193]"
NEWSPROBd_W45,gender,inferred,female,,20,"[0.05381396, 0.02704327, 0.66362536, 0.25551742]"
NEWSPROBe_W45,gender,inferred,male,,20,"[0.09965414, 0.02059354, 0.66678856, 0.21296376]"
NEWSPROBe_W45,gender,inferred,female,,20,"[0.09126755, 0.02486991, 0.67220241, 0.21166014]"
NEWS_PLATFORMg_W45,gender,inferred,male,,20,"[0.12233084, 0.02074843, 0.4821506, 0.37477013]"
NEWS_PLATFORMg_W45,gender,inferred,female,,20,"[0.08599095, 0.0192185, 0.49094158, 0.40384894]"
SMLIKESb_W45,gender,inferred,male,,20,"[0.32090501, 0.04382656, 0.63526844]"
SMLIKESb_W45,gender,inferred,female,,20,"[0.25800517, 0.03594878, 0.70604605]"
SMLIKESf_W45,gender,inferred,male,,20,"[0.41721208, 0.04817221, 0.53461573]"
SMLIKESf_W45,gender,inferred,female,,20,"[0.36042324, 0.04003862, 0.59953815]"
BENEFITGOV_W49,gender,inferred,male,,20,"[0.41675854, 0.01329996, 0.28985627, 0.28008523]"
BENEFITGOV_W49,gender,inferred,female,,20,"[0.30372076, 0.01031302, 0.3744357, 0.31153052]"
CONCERNCO_W49,gender,inferred,male,,20,"[0.17166447, 0.01252048, 0.45314923, 0.36266582]"
CONCERNCO_W49,gender,inferred,female,,20,"[0.12690266, 0.01581094, 0.44078644, 0.41649993]"
CONCERNGRPa_W49,gender,inferred,male,,20,"[0.54246535, 0.02292994, 0.43460471]"
CONCERNGRPa_W49,gender,inferred,female,,20,"[0.44903642, 0.01855754, 0.53240605]"
CONCERNGRPc_W49,gender,inferred,male,,20,"[0.35350719, 0.01993111, 0.62656171]"
CONCERNGRPc_W49,gender,inferred,female,,20,"[0.28217343, 0.02527391, 0.69255266]"
CONTROLCO_W49,gender,inferred,male,,20,"[0.14762883, 0.09217572, 0.5326152, 0.22758026]"
CONTROLCO_W49,gender,inferred,female,,20,"[0.10540199, 0.06788892, 0.55163186, 0.27507722]"
CONTROLGRPc_W49,gender,inferred,male,,20,"[0.17240253, 0.0874623, 0.74013517]"
CONTROLGRPc_W49,gender,inferred,female,,20,"[0.16235567, 0.08909398, 0.74855035]"
DATAUSEd_W49,gender,inferred,male,,20,"[0.59040894, 0.12429092, 0.28530014]"
DATAUSEd_W49,gender,inferred,female,,20,"[0.38652767, 0.0752453, 0.53822703]"
FACE3c_W49,gender,inferred,male,,20,"[0.23479958, 0.01280029, 0.50680535, 0.24559478]"
FACE3c_W49,gender,inferred,female,,20,"[0.15784078, 0.01036046, 0.60682829, 0.22497047]"
GOVREGV1_W49,gender,inferred,male,,20,"[0.38484356, 0.0481558, 0.56700066]"
GOVREGV1_W49,gender,inferred,female,,20,"[0.25248296, 0.02526851, 0.72224853]"
HOMEASSIST2_W49,gender,inferred,male,,20,"[0.33039016, 0.01703454, 0.29730252, 0.35527278]"
HOMEASSIST2_W49,gender,inferred,female,,20,"[0.27390004, 0.02027624, 0.32893323, 0.37689049]"
HOMEASSIST3_W49,gender,inferred,male,,20,"[0.88178672, 0.04752286, 0.07069042]"
HOMEASSIST3_W49,gender,inferred,female,,20,"[0.85508651, 0.05536432, 0.08954918]"
HOMEASSIST4_W49,gender,inferred,male,,20,"[0.13617846, 0.01540385, 0.59572518, 0.25269252]"
HOMEASSIST4_W49,gender,inferred,female,,20,"[0.11412098, 0.02306864, 0.55405055, 0.30875983]"
PP5e_W49,gender,inferred,male,,20,"[0.13420272, 0.0120968, 0.44954274, 0.40415774]"
PP5e_W49,gender,inferred,female,,20,"[0.10452977, 0.01540526, 0.42180188, 0.45826309]"
PWMAN2_W49,gender,inferred,male,,20,"[0.05405849, 0.0100586, 0.48669524, 0.37625928, 0.00479597, 0.00669341, 0.01400525, 0.04383278, 0.00360098]"
PWMAN2_W49,gender,inferred,female,,20,"[0.04602118, 0.00917757, 0.46294532, 0.36540226, 0.01163612, 0.00782348, 0.02157961, 0.0700502, 0.00536427]"
SMARTAPP_W49,gender,inferred,male,,20,"[0.17765755, 0.04024852, 0.47605512, 0.30603882]"
SMARTAPP_W49,gender,inferred,female,,20,"[0.14161514, 0.05188962, 0.45711063, 0.34938462]"
TRACKCO1a_W49,gender,inferred,male,,20,"[0.09641324, 0.07536432, 0.25619963, 0.53035276, 0.04167006]"
TRACKCO1a_W49,gender,inferred,female,,20,"[0.06762434, 0.04318504, 0.35376587, 0.46736834, 0.06805641]"
TRACKCO1b_W49,gender,inferred,male,,20,"[0.12290566, 0.07923028, 0.28444001, 0.45331099, 0.06011306]"
TRACKCO1b_W49,gender,inferred,female,,20,"[0.08250157, 0.04096906, 0.38969146, 0.38571449, 0.10112341]"
TRACKGOV1a_W49,gender,inferred,male,,20,"[0.08397603, 0.03625634, 0.54280263, 0.3084011, 0.02856388]"
TRACKGOV1a_W49,gender,inferred,female,,20,"[0.06798186, 0.02203859, 0.58723812, 0.28611169, 0.03662973]"
TRACKGOV1b_W49,gender,inferred,male,,20,"[0.05669578, 0.0229601, 0.44484831, 0.43545423, 0.04004158]"
TRACKGOV1b_W49,gender,inferred,female,,20,"[0.05299524, 0.02034557, 0.38590889, 0.48701281, 0.05373752]"
COHABDUR_W50,gender,inferred,male,,20,"[0.0535656, 0.01124929, 0.21190658, 0.68961018, 0.01168194, 0.02198641]"
COHABDUR_W50,gender,inferred,female,,20,"[0.056845, 0.0143833, 0.34004133, 0.52921444, 0.03381043, 0.02570552]"
DNA2b_W50,gender,inferred,male,,20,"[0.93096699, 0.069033]"
DNA2b_W50,gender,inferred,female,,20,"[0.8965097, 0.10349031]"
DNA5_W50,gender,inferred,male,,20,"[0.81144125, 0.18855876]"
DNA5_W50,gender,inferred,female,,20,"[0.80875452, 0.19124549]"
E5MOD_W50,gender,inferred,male,,20,"[0.21414219, 0.01406763, 0.77179019]"
E5MOD_W50,gender,inferred,female,,20,"[0.19981634, 0.01298581, 0.78719783]"
FAMSURV10c_W50,gender,inferred,male,,20,"[0.08813956, 0.01751318, 0.7808993, 0.11344794]"
FAMSURV10c_W50,gender,inferred,female,,20,"[0.07480311, 0.01448156, 0.77420074, 0.13651459]"
FAMSURV16_W50,gender,inferred,male,,20,"[0.16859763, 0.01125837, 0.82014401]"
FAMSURV16_W50,gender,inferred,female,,20,"[0.17204459, 0.01339779, 0.81455763]"
FAMSURV17_W50,gender,inferred,male,,20,"[0.10407109, 0.0117919, 0.21383223, 0.49861985, 0.0116007, 0.01180357, 0.03334863, 0.10502817, 0.00990386]"
FAMSURV17_W50,gender,inferred,female,,20,"[0.12448808, 0.01352542, 0.26819329, 0.33358124, 0.04917217, 0.01351169, 0.03582871, 0.15431228, 0.0073871]"
FAMSURV1_W50,gender,inferred,male,,20,"[0.13863562, 0.02981079, 0.83155359]"
FAMSURV1_W50,gender,inferred,female,,20,"[0.10168728, 0.02120285, 0.87710987]"
FAMSURV20_W50,gender,inferred,male,,20,"[0.95207004, 0.04792996]"
FAMSURV20_W50,gender,inferred,female,,20,"[0.92934082, 0.07065918]"
FAMSURV23b_W50,gender,inferred,male,,20,"[0.39470571, 0.04537613, 0.55991817]"
FAMSURV23b_W50,gender,inferred,female,,20,"[0.3205237, 0.04700679, 0.6324695]"
FAMSURV23c_W50,gender,inferred,male,,20,"[0.46851867, 0.02651388, 0.50496744]"
FAMSURV23c_W50,gender,inferred,female,,20,"[0.36122911, 0.02858983, 0.61018106]"
FAMSURV23d_W50,gender,inferred,male,,20,"[0.44475869, 0.03123966, 0.52400165]"
FAMSURV23d_W50,gender,inferred,female,,20,"[0.33355767, 0.03108847, 0.63535385]"
FAMSURV23e_W50,gender,inferred,male,,20,"[0.3235684, 0.03443518, 0.64199641]"
FAMSURV23e_W50,gender,inferred,female,,20,"[0.2493273, 0.033693, 0.71697971]"
FAMSURV23f_W50,gender,inferred,male,,20,"[0.38399747, 0.03488477, 0.58111775]"
FAMSURV23f_W50,gender,inferred,female,,20,"[0.30054653, 0.03186935, 0.66758412]"
FAMSURV23g_W50,gender,inferred,male,,20,"[0.39529438, 0.05184701, 0.55285861]"
FAMSURV23g_W50,gender,inferred,female,,20,"[0.33262898, 0.04956709, 0.61780392]"
FAMSURV26a_W50,gender,inferred,male,,20,"[0.12245355, 0.00762647, 0.25960916, 0.61031082]"
FAMSURV26a_W50,gender,inferred,female,,20,"[0.09966735, 0.00998973, 0.33931519, 0.55102772]"
FAMSURV26b_W50,gender,inferred,male,,20,"[0.10817026, 0.00798633, 0.29394009, 0.58990333]"
FAMSURV26b_W50,gender,inferred,female,,20,"[0.08523595, 0.01120709, 0.3452567, 0.55830026]"
FAMSURV26c_W50,gender,inferred,male,,20,"[0.12670569, 0.00920865, 0.3038937, 0.56019195]"
FAMSURV26c_W50,gender,inferred,female,,20,"[0.09891104, 0.01298593, 0.35821751, 0.52988551]"
FAMSURV26d_W50,gender,inferred,male,,20,"[0.17845279, 0.00905992, 0.2564396, 0.55604769]"
FAMSURV26d_W50,gender,inferred,female,,20,"[0.12939679, 0.0122406, 0.34503822, 0.5133244]"
FAMSURV29_W50,gender,inferred,male,,20,"[0.17524656, 0.02648324, 0.4641367, 0.33413351]"
FAMSURV29_W50,gender,inferred,female,,20,"[0.19625102, 0.03712063, 0.52077972, 0.24584863]"
FAMSURV2Ma_W50,gender,inferred,male,,20,"[0.26962633, 0.10741448, 0.62295919]"
FAMSURV2Ma_W50,gender,inferred,female,,20,"[0.25918803, 0.09497658, 0.64583539]"
FAMSURV2Mc_W50,gender,inferred,male,,20,"[0.39191836, 0.09087357, 0.51720807]"
FAMSURV2Mc_W50,gender,inferred,female,,20,"[0.35248234, 0.08802901, 0.55948865]"
FAMSURV2Wa_W50,gender,inferred,male,,20,"[0.34504083, 0.13862216, 0.51633701]"
FAMSURV2Wa_W50,gender,inferred,female,,20,"[0.24461215, 0.08826839, 0.66711944]"
FAMSURV2Wc_W50,gender,inferred,male,,20,"[0.41319271, 0.11433727, 0.47247003]"
FAMSURV2Wc_W50,gender,inferred,female,,20,"[0.33083578, 0.08042987, 0.58873436]"
FAMSURV32e_W50,gender,inferred,male,,20,"[0.13583528, 0.00609298, 0.20229369, 0.65577805]"
FAMSURV32e_W50,gender,inferred,female,,20,"[0.21334715, 0.01082235, 0.36874823, 0.40708228]"
FAMSURV39_W50,gender,inferred,male,,20,"[0.08588138, 0.01797352, 0.59240423, 0.30374087]"
FAMSURV39_W50,gender,inferred,female,,20,"[0.07645651, 0.0272066, 0.60387879, 0.29245809]"
FAMSURV3_W50,gender,inferred,male,,20,"[0.27022553, 0.0289625, 0.70081198]"
FAMSURV3_W50,gender,inferred,female,,20,"[0.30400914, 0.01843139, 0.67755948]"
FAMSURV40_W50,gender,inferred,male,,20,"[0.13517552, 0.00863597, 0.30301144, 0.55317707]"
FAMSURV40_W50,gender,inferred,female,,20,"[0.14357662, 0.01231141, 0.38362015, 0.46049181]"
FAMSURV43_W50,gender,inferred,male,,20,"[0.15378413, 0.01129736, 0.53819158, 0.29672693]"
FAMSURV43_W50,gender,inferred,female,,20,"[0.08222211, 0.01230009, 0.59334848, 0.31212933]"
FAMSURV44_W50,gender,inferred,male,,20,"[0.17756382, 0.00543214, 0.17610491, 0.64089911]"
FAMSURV44_W50,gender,inferred,female,,20,"[0.15677301, 0.00728467, 0.20423298, 0.63170935]"
FAMSURV6_W50,gender,inferred,male,,20,"[0.49963724, 0.014235, 0.21010445, 0.27602332]"
FAMSURV6_W50,gender,inferred,female,,20,"[0.37954648, 0.01676671, 0.33286912, 0.27081769]"
FAMSURV9c_W50,gender,inferred,male,,20,"[0.13461217, 0.01568428, 0.70672639, 0.14297717]"
FAMSURV9c_W50,gender,inferred,female,,20,"[0.12572999, 0.01600601, 0.69218926, 0.16607473]"
FATHER_W50,gender,inferred,male,,20,"[0.78720543, 0.21279456]"
FATHER_W50,gender,inferred,female,,20,"[0.76629077, 0.23370923]"
HAVEKIDS1_W50,gender,inferred,male,,20,"[0.2196582, 0.00986033, 0.16465129, 0.60583016]"
HAVEKIDS1_W50,gender,inferred,female,,20,"[0.26498047, 0.01389402, 0.25409847, 0.46702705]"
MARRDUR_W50,gender,inferred,male,,20,"[0.05627196, 0.01075228, 0.24295961, 0.65614366, 0.01228883, 0.02158365]"
MARRDUR_W50,gender,inferred,female,,20,"[0.06326563, 0.01405805, 0.35487662, 0.50290813, 0.03795698, 0.02693459]"
MARRYPREF1_W50,gender,inferred,male,,20,"[0.17939664, 0.02034573, 0.80025763]"
MARRYPREF1_W50,gender,inferred,female,,20,"[0.12085097, 0.01802823, 0.86112079]"
MARRYPREF2_W50,gender,inferred,male,,20,"[0.20219646, 0.01391841, 0.78388512]"
MARRYPREF2_W50,gender,inferred,female,,20,"[0.13796285, 0.01465745, 0.84737969]"
MOTHER_W50,gender,inferred,male,,20,"[0.80607701, 0.193923]"
MOTHER_W50,gender,inferred,female,,20,"[0.74541123, 0.25458877]"
PAR1_W50,gender,inferred,male,,20,"[0.39207676, 0.01383124, 0.594092]"
PAR1_W50,gender,inferred,female,,20,"[0.20279918, 0.01026278, 0.78693805]"
PAR2_W50,gender,inferred,male,,20,"[0.21143402, 0.02275642, 0.76580956]"
PAR2_W50,gender,inferred,female,,20,"[0.15672397, 0.0180528, 0.82522323]"
ROMRELDUR_W50,gender,inferred,male,,20,"[0.06123786, 0.01630825, 0.26659401, 0.61801468, 0.01910054, 0.01874467]"
ROMRELDUR_W50,gender,inferred,female,,20,"[0.05690852, 0.01984379, 0.33385613, 0.50837717, 0.05903406, 0.02198032]"
ROMRELSER_W50,gender,inferred,male,,20,"[0.17212878, 0.00839215, 0.50340693, 0.31607214]"
ROMRELSER_W50,gender,inferred,female,,20,"[0.18280989, 0.01218051, 0.538414, 0.26659561]"
SATLIFEc_W50,gender,inferred,male,,20,"[0.27869548, 0.02090694, 0.38055845, 0.31983913]"
SATLIFEc_W50,gender,inferred,female,,20,"[0.25873182, 0.02192254, 0.38144874, 0.3378969]"
ECIMPg_W54,gender,inferred,male,,20,"[0.28193871, 0.05242025, 0.66564103]"
ECIMPg_W54,gender,inferred,female,,20,"[0.20169421, 0.0349733, 0.76333248]"
ECON1_W54,gender,inferred,male,,20,"[0.16077764, 0.01037541, 0.66042597, 0.16842099]"
ECON1_W54,gender,inferred,female,,20,"[0.15518497, 0.00931507, 0.66678007, 0.16871989]"
ECON3_d_W54,gender,inferred,male,,20,"[0.31413261, 0.00368231, 0.47570352, 0.20648157]"
ECON3_d_W54,gender,inferred,female,,20,"[0.25841443, 0.00583921, 0.45242858, 0.28331778]"
ECON4_a_W54,gender,inferred,male,,20,"[0.18999752, 0.01028649, 0.47212501, 0.32759097]"
ECON4_a_W54,gender,inferred,female,,20,"[0.14376659, 0.01415147, 0.4294495, 0.41263244]"
ECON4_b_W54,gender,inferred,male,,20,"[0.15471365, 0.00941366, 0.59942286, 0.23644984]"
ECON4_b_W54,gender,inferred,female,,20,"[0.12073343, 0.01295672, 0.51127744, 0.3550324]"
ECON4_e_W54,gender,inferred,male,,20,"[0.14052012, 0.00938756, 0.53144466, 0.31864766]"
ECON4_e_W54,gender,inferred,female,,20,"[0.10916385, 0.01314869, 0.46032714, 0.41736033]"
ECON4_f_W54,gender,inferred,male,,20,"[0.15881521, 0.00788543, 0.63921718, 0.19408219]"
ECON4_f_W54,gender,inferred,female,,20,"[0.13144653, 0.0107148, 0.5703049, 0.28753377]"
ECON4_g_W54,gender,inferred,male,,20,"[0.10856112, 0.00410011, 0.63985144, 0.24748735]"
ECON4_g_W54,gender,inferred,female,,20,"[0.07033942, 0.00524456, 0.616491, 0.30792501]"
ECON5_b_W54,gender,inferred,male,,20,"[0.29641517, 0.00604577, 0.41205179, 0.27676564, 0.00872165]"
ECON5_b_W54,gender,inferred,female,,20,"[0.23885654, 0.00775912, 0.47005577, 0.23667473, 0.04665383]"
ECON5_c_W54,gender,inferred,male,,20,"[0.29274738, 0.00999364, 0.43870247, 0.25189926, 0.00665725]"
ECON5_c_W54,gender,inferred,female,,20,"[0.20438899, 0.00955033, 0.51200754, 0.23958303, 0.03447011]"
ECON5_d_W54,gender,inferred,male,,20,"[0.34361035, 0.0112834, 0.41849978, 0.21906167, 0.0075448]"
ECON5_d_W54,gender,inferred,female,,20,"[0.25402605, 0.01140261, 0.49732469, 0.20115462, 0.03609202]"
ECON5_e_W54,gender,inferred,male,,20,"[0.32090205, 0.01351159, 0.39500514, 0.26455343, 0.00602778]"
ECON5_e_W54,gender,inferred,female,,20,"[0.24862703, 0.01433351, 0.46062753, 0.24513525, 0.03127669]"
ECON5_f_W54,gender,inferred,male,,20,"[0.31762703, 0.01472599, 0.43283876, 0.22804708, 0.00676114]"
ECON5_f_W54,gender,inferred,female,,20,"[0.23829109, 0.01478861, 0.49862361, 0.21873263, 0.02956405]"
ECON5_g_W54,gender,inferred,male,,20,"[0.0906364, 0.06857931, 0.44291097, 0.31469076, 0.08318256]"
ECON5_g_W54,gender,inferred,female,,20,"[0.09400252, 0.05861194, 0.43634435, 0.33030488, 0.08073633]"
ECON5_h_W54,gender,inferred,male,,20,"[0.0581086, 0.02263181, 0.21012216, 0.67259463, 0.03654281]"
ECON5_h_W54,gender,inferred,female,,20,"[0.0514219, 0.01778641, 0.14075976, 0.75830583, 0.03172614]"
ECON5_i_W54,gender,inferred,male,,20,"[0.01544835, 0.00444111, 0.06154475, 0.90387717, 0.01468863]"
ECON5_i_W54,gender,inferred,female,,20,"[0.06844543, 0.00703064, 0.18604134, 0.66646304, 0.07201955]"
ECON5_j_W54,gender,inferred,male,,20,"[0.41731149, 0.01576978, 0.37119175, 0.18902494, 0.00670205]"
ECON5_j_W54,gender,inferred,female,,20,"[0.27773444, 0.01589829, 0.4748206, 0.1990195, 0.03252716]"
ECON5_k_W54,gender,inferred,male,,20,"[0.33468736, 0.01629245, 0.44676055, 0.19549717, 0.00676246]"
ECON5_k_W54,gender,inferred,female,,20,"[0.22697085, 0.01703642, 0.52758521, 0.19690041, 0.03150712]"
FIN_SIT_W54,gender,inferred,male,,20,"[0.14758488, 0.01895604, 0.59768874, 0.23577034]"
FIN_SIT_W54,gender,inferred,female,,20,"[0.14137188, 0.02057697, 0.60287834, 0.23517281]"
GOVPRIORITYb_W54,gender,inferred,male,,20,"[0.04369635, 0.02655344, 0.27658703, 0.65316316]"
GOVPRIORITYb_W54,gender,inferred,female,,20,"[0.05422112, 0.03055214, 0.2799081, 0.63531863]"
GOVPRIORITYc_W54,gender,inferred,male,,20,"[0.23858163, 0.02292805, 0.42968426, 0.30880605]"
GOVPRIORITYc_W54,gender,inferred,female,,20,"[0.16305679, 0.01277354, 0.57278249, 0.25138718]"
GOVPRIORITYd_W54,gender,inferred,male,,20,"[0.20957183, 0.02594859, 0.50066965, 0.26380993]"
GOVPRIORITYd_W54,gender,inferred,female,,20,"[0.1552175, 0.01379469, 0.62044713, 0.21054068]"
GOVPRIORITYf_W54,gender,inferred,male,,20,"[0.23827149, 0.01737664, 0.16141064, 0.58294121]"
GOVPRIORITYf_W54,gender,inferred,female,,20,"[0.22377564, 0.01554589, 0.32261583, 0.43806264]"
INEQ11_W54,gender,inferred,male,,20,"[0.72076994, 0.27923006]"
INEQ11_W54,gender,inferred,female,,20,"[0.74148411, 0.2585159]"
INEQ1_W54,gender,inferred,male,,20,"[0.39143255, 0.01255162, 0.59601584]"
INEQ1_W54,gender,inferred,female,,20,"[0.27783411, 0.00940868, 0.71275724]"
INEQ4_a_W54,gender,inferred,male,,20,"[0.28680465, 0.06285965, 0.49231596, 0.15801973]"
INEQ4_a_W54,gender,inferred,female,,20,"[0.18536151, 0.0507606, 0.57386463, 0.19001325]"
INEQ5_a_W54,gender,inferred,male,,20,"[0.3630597, 0.02454635, 0.50776478, 0.10462916]"
INEQ5_a_W54,gender,inferred,female,,20,"[0.26504488, 0.02062455, 0.58977625, 0.12455434]"
INEQ5_d_W54,gender,inferred,male,,20,"[0.25359741, 0.01015603, 0.5435055, 0.19274105]"
INEQ5_d_W54,gender,inferred,female,,20,"[0.18448138, 0.01026976, 0.60100916, 0.2042397]"
INEQ5_e_W54,gender,inferred,male,,20,"[0.37248604, 0.00860319, 0.46863833, 0.15027243]"
INEQ5_e_W54,gender,inferred,female,,20,"[0.30051246, 0.00926639, 0.53672177, 0.15349939]"
INEQ5_f_W54,gender,inferred,male,,20,"[0.48700213, 0.01510941, 0.41188228, 0.08600617]"
INEQ5_f_W54,gender,inferred,female,,20,"[0.39920353, 0.01277135, 0.50564182, 0.08238329]"
INEQ5_h_W54,gender,inferred,male,,20,"[0.2995799, 0.02054065, 0.56787006, 0.11200939]"
INEQ5_h_W54,gender,inferred,female,,20,"[0.18650022, 0.01788977, 0.66267553, 0.13293447]"
INEQ5_i_W54,gender,inferred,male,,20,"[0.2814793, 0.01508125, 0.5765514, 0.12688803]"
INEQ5_i_W54,gender,inferred,female,,20,"[0.20561119, 0.01272236, 0.6589882, 0.12267824]"
INEQ5_k_W54,gender,inferred,male,,20,"[0.18456181, 0.03155875, 0.18181298, 0.60206646]"
INEQ5_k_W54,gender,inferred,female,,20,"[0.33735609, 0.02835041, 0.20630433, 0.42798916]"
INEQ5_l_W54,gender,inferred,male,,20,"[0.07678235, 0.04388934, 0.65158536, 0.22774293]"
INEQ5_l_W54,gender,inferred,female,,20,"[0.08580458, 0.0453491, 0.62092823, 0.24791808]"
INEQ5_m_W54,gender,inferred,male,,20,"[0.06336454, 0.03977361, 0.51040669, 0.38645515]"
INEQ5_m_W54,gender,inferred,female,,20,"[0.07055861, 0.03818837, 0.46689497, 0.42435804]"
INEQ8_a_W54,gender,inferred,male,,20,"[0.1179801, 0.02651756, 0.60948862, 0.24601372]"
INEQ8_a_W54,gender,inferred,female,,20,"[0.06218136, 0.01791847, 0.6530568, 0.26684336]"
INEQ8_b_W54,gender,inferred,male,,20,"[0.09060615, 0.02747654, 0.55746122, 0.32445609]"
INEQ8_b_W54,gender,inferred,female,,20,"[0.050398, 0.01729876, 0.62242748, 0.30987577]"
INEQ8_c_W54,gender,inferred,male,,20,"[0.19048362, 0.03163282, 0.50734821, 0.27053536]"
INEQ8_c_W54,gender,inferred,female,,20,"[0.09870266, 0.01805062, 0.62252895, 0.26071778]"
INEQ8_d_W54,gender,inferred,male,,20,"[0.12264961, 0.03892448, 0.59472712, 0.24369878]"
INEQ8_d_W54,gender,inferred,female,,20,"[0.06877714, 0.02029989, 0.66789164, 0.24303132]"
INEQ8_f_W54,gender,inferred,male,,20,"[0.10203227, 0.02449822, 0.54583837, 0.32763114]"
INEQ8_f_W54,gender,inferred,female,,20,"[0.05625053, 0.01578938, 0.59968274, 0.32827735]"
INEQ8_g_W54,gender,inferred,male,,20,"[0.12676482, 0.02017601, 0.62185914, 0.23120001]"
INEQ8_g_W54,gender,inferred,female,,20,"[0.06488649, 0.01364053, 0.67434657, 0.2471264]"
INEQ8_h_W54,gender,inferred,male,,20,"[0.09341371, 0.01861302, 0.41002099, 0.47795226]"
INEQ8_h_W54,gender,inferred,female,,20,"[0.09480695, 0.01918185, 0.4933766, 0.3926346]"
INEQ8_i_W54,gender,inferred,male,,20,"[0.16468206, 0.03664704, 0.56630989, 0.23236102]"
INEQ8_i_W54,gender,inferred,female,,20,"[0.08925795, 0.02006335, 0.64752027, 0.24315843]"
INEQ8_j_W54,gender,inferred,male,,20,"[0.13344181, 0.03194833, 0.57739149, 0.25721837]"
INEQ8_j_W54,gender,inferred,female,,20,"[0.077525, 0.01839338, 0.64133742, 0.26274419]"
JOBTRAIN_W54,gender,inferred,male,,20,"[0.21648552, 0.02091725, 0.76259723]"
JOBTRAIN_W54,gender,inferred,female,,20,"[0.19136494, 0.02234771, 0.78628735]"
WORRY2a_W54,gender,inferred,male,,20,"[0.11235462, 0.01652445, 0.5223939, 0.33201011, 0.01671692]"
WORRY2a_W54,gender,inferred,female,,20,"[0.08590182, 0.01943518, 0.48105838, 0.36403889, 0.04956573]"
WORRY2b_W54,gender,inferred,male,,20,"[0.17493979, 0.02785842, 0.54128318, 0.24544515, 0.01047347]"
WORRY2b_W54,gender,inferred,female,,20,"[0.14383982, 0.03009165, 0.51980393, 0.27555289, 0.03071172]"
WORRY2c_W54,gender,inferred,male,,20,"[0.12421392, 0.02144294, 0.52278885, 0.31583693, 0.01571735]"
WORRY2c_W54,gender,inferred,female,,20,"[0.10685488, 0.02450779, 0.48667943, 0.33706439, 0.04489351]"
WORRY2d_W54,gender,inferred,male,,20,"[0.13051658, 0.00813353, 0.54477251, 0.30689753, 0.00967985]"
WORRY2d_W54,gender,inferred,female,,20,"[0.10125023, 0.00977912, 0.45916157, 0.39032143, 0.03948765]"
WORRY2e_W54,gender,inferred,male,,20,"[0.08943442, 0.02180056, 0.58135226, 0.29367658, 0.0137362]"
WORRY2e_W54,gender,inferred,female,,20,"[0.07629737, 0.02627042, 0.51054223, 0.34692617, 0.03996381]"
GAP21Q10_W82,gender,inferred,male,,20,"[0.20890979, 0.03238743, 0.75870277]"
GAP21Q10_W82,gender,inferred,female,,20,"[0.10469, 0.01772412, 0.87758588]"
GAP21Q13_b_W82,gender,inferred,male,,20,"[0.09720369, 0.04829293, 0.60638706, 0.24811633]"
GAP21Q13_b_W82,gender,inferred,female,,20,"[0.07799877, 0.03299983, 0.64489874, 0.24410268]"
GAP21Q15_a_W82,gender,inferred,male,,20,"[0.58668223, 0.00860335, 0.38891203, 0.01187836, 0.00392404]"
GAP21Q15_a_W82,gender,inferred,female,,20,"[0.50238785, 0.00758744, 0.46533148, 0.01873682, 0.00595641]"
GAP21Q15_b_W82,gender,inferred,male,,20,"[0.46921773, 0.00426896, 0.50782509, 0.01121504, 0.00747318]"
GAP21Q15_b_W82,gender,inferred,female,,20,"[0.35212491, 0.00394536, 0.61861969, 0.01541654, 0.00989349]"
GAP21Q15_c_W82,gender,inferred,male,,20,"[0.46103274, 0.00539288, 0.51674162, 0.01199923, 0.00483352]"
GAP21Q15_c_W82,gender,inferred,female,,20,"[0.37660583, 0.00484784, 0.5951269, 0.01683807, 0.00658136]"
GAP21Q15_d_W82,gender,inferred,male,,20,"[0.63995642, 0.00403831, 0.34412844, 0.00777174, 0.00410509]"
GAP21Q15_d_W82,gender,inferred,female,,20,"[0.60507597, 0.00415368, 0.37353958, 0.01160193, 0.00562885]"
GAP21Q15_e_W82,gender,inferred,male,,20,"[0.42924953, 0.00788738, 0.53547447, 0.01794597, 0.00944265]"
GAP21Q15_e_W82,gender,inferred,female,,20,"[0.32746919, 0.00714917, 0.6290193, 0.0230592, 0.01330315]"
GAP21Q15_f_W82,gender,inferred,male,,20,"[0.55817663, 0.00949548, 0.40043134, 0.01886384, 0.0130327]"
GAP21Q15_f_W82,gender,inferred,female,,20,"[0.42557483, 0.00949961, 0.51746698, 0.02703711, 0.02042147]"
GAP21Q17_W82,gender,inferred,male,,20,"[0.18497251, 0.05108711, 0.61764473, 0.14629565]"
GAP21Q17_W82,gender,inferred,female,,20,"[0.12538709, 0.04894453, 0.62860453, 0.19706384]"
GAP21Q19_a_W82,gender,inferred,male,,20,"[0.01120272, 0.00456708, 0.06137647, 0.92285372]"
GAP21Q19_a_W82,gender,inferred,female,,20,"[0.0090327, 0.00318834, 0.03725207, 0.9505269]"
GAP21Q19_b_W82,gender,inferred,male,,20,"[0.29705827, 0.00975281, 0.25094619, 0.44224274]"
GAP21Q19_b_W82,gender,inferred,female,,20,"[0.21526902, 0.01003366, 0.33251259, 0.44218473]"
GAP21Q19_c_W82,gender,inferred,male,,20,"[0.17365204, 0.00596218, 0.49562208, 0.3247637]"
GAP21Q19_c_W82,gender,inferred,female,,20,"[0.13591319, 0.00621017, 0.53780592, 0.32007074]"
GAP21Q19_d_W82,gender,inferred,male,,20,"[0.29270649, 0.01214604, 0.30320895, 0.39193853]"
GAP21Q19_d_W82,gender,inferred,female,,20,"[0.21790946, 0.01497825, 0.38145874, 0.38565355]"
GAP21Q19_e_W82,gender,inferred,male,,20,"[0.24857726, 0.01523195, 0.32334082, 0.41284998]"
GAP21Q19_e_W82,gender,inferred,female,,20,"[0.18889734, 0.01809638, 0.39408094, 0.39892536]"
GAP21Q21_a_W82,gender,inferred,male,,20,"[0.48647459, 0.08248259, 0.34944549, 0.08159734]"
GAP21Q21_a_W82,gender,inferred,female,,20,"[0.35588121, 0.06428318, 0.47269299, 0.10714261]"
GAP21Q21_e_W82,gender,inferred,male,,20,"[0.38870876, 0.10380093, 0.37261786, 0.13487246]"
GAP21Q21_e_W82,gender,inferred,female,,20,"[0.30652033, 0.06999995, 0.47198755, 0.15149217]"
GAP21Q23_W82,gender,inferred,male,,20,"[0.06140287, 0.01185929, 0.0315278, 0.89521004]"
GAP21Q23_W82,gender,inferred,female,,20,"[0.06619537, 0.01184932, 0.02495241, 0.8970029]"
GAP21Q24_W82,gender,inferred,male,,20,"[0.32362837, 0.00720664, 0.41581371, 0.25335129]"
GAP21Q24_W82,gender,inferred,female,,20,"[0.24544887, 0.00990435, 0.46748168, 0.27716511]"
GAP21Q25_W82,gender,inferred,male,,20,"[0.14385095, 0.01257383, 0.496586, 0.34698921]"
GAP21Q25_W82,gender,inferred,female,,20,"[0.09906889, 0.01459134, 0.50590602, 0.38043374]"
GAP21Q26_a_W82,gender,inferred,male,,20,"[0.5235191, 0.01331713, 0.38782053, 0.07534324]"
GAP21Q26_a_W82,gender,inferred,female,,20,"[0.33450358, 0.01122126, 0.5359519, 0.11832324]"
GAP21Q26_b_W82,gender,inferred,male,,20,"[0.34643157, 0.01073457, 0.42839263, 0.21444124]"
GAP21Q26_b_W82,gender,inferred,female,,20,"[0.20857399, 0.01019974, 0.54435654, 0.23686974]"
GAP21Q26_c_W82,gender,inferred,male,,20,"[0.29559354, 0.00337343, 0.36666496, 0.33436809]"
GAP21Q26_c_W82,gender,inferred,female,,20,"[0.25776984, 0.00399922, 0.34521355, 0.39301741]"
GAP21Q27_W82,gender,inferred,male,,20,"[0.14011968, 0.07006496, 0.78981536]"
GAP21Q27_W82,gender,inferred,female,,20,"[0.10383756, 0.04187068, 0.85429176]"
GAP21Q28_W82,gender,inferred,male,,20,"[0.10447289, 0.0219772, 0.56239339, 0.31115654]"
GAP21Q28_W82,gender,inferred,female,,20,"[0.08833114, 0.02256777, 0.50521371, 0.38388738]"
GAP21Q31_W82,gender,inferred,male,,20,"[0.24469497, 0.03242802, 0.59056451, 0.1323125]"
GAP21Q31_W82,gender,inferred,female,,20,"[0.19862352, 0.03247616, 0.59128884, 0.17761149]"
GAP21Q32_W82,gender,inferred,male,,20,"[0.48421859, 0.03486532, 0.37044043, 0.11047567]"
GAP21Q32_W82,gender,inferred,female,,20,"[0.40750699, 0.02208086, 0.43626983, 0.13414232]"
GAP21Q33_c_W82,gender,inferred,male,,20,"[0.19064091, 0.08197619, 0.72738291]"
GAP21Q33_c_W82,gender,inferred,female,,20,"[0.15330648, 0.06499137, 0.78170215]"
GAP21Q33_g_W82,gender,inferred,male,,20,"[0.20281513, 0.05079992, 0.74638494]"
GAP21Q33_g_W82,gender,inferred,female,,20,"[0.27246325, 0.0545282, 0.67300856]"
GAP21Q33_i_W82,gender,inferred,male,,20,"[0.37873139, 0.05246603, 0.56880259]"
GAP21Q33_i_W82,gender,inferred,female,,20,"[0.30720512, 0.03538863, 0.65740625]"
GAP21Q33_j_W82,gender,inferred,male,,20,"[0.26105066, 0.07321724, 0.6657321]"
GAP21Q33_j_W82,gender,inferred,female,,20,"[0.17821155, 0.05424063, 0.76754785]"
GAP21Q33_m_W82,gender,inferred,male,,20,"[0.20941032, 0.06353797, 0.7270517]"
GAP21Q33_m_W82,gender,inferred,female,,20,"[0.19471668, 0.05318492, 0.7520984]"
GAP21Q33_n_W82,gender,inferred,male,,20,"[0.39314126, 0.03638015, 0.5704786]"
GAP21Q33_n_W82,gender,inferred,female,,20,"[0.4140986, 0.02185716, 0.56404424]"
GAP21Q33_q_W82,gender,inferred,male,,20,"[0.35481196, 0.05003241, 0.59515563]"
GAP21Q33_q_W82,gender,inferred,female,,20,"[0.26231366, 0.04443371, 0.69325263]"
GAP21Q33_r_W82,gender,inferred,male,,20,"[0.26963419, 0.06095671, 0.66940909]"
GAP21Q33_r_W82,gender,inferred,female,,20,"[0.2212865, 0.04893915, 0.72977435]"
GAP21Q33_s_W82,gender,inferred,male,,20,"[0.17092949, 0.03875467, 0.79031585]"
GAP21Q33_s_W82,gender,inferred,female,,20,"[0.20070925, 0.03518415, 0.7641066]"
GAP21Q34_a_W82,gender,inferred,male,,20,"[0.14680114, 0.00572168, 0.26795162, 0.57952556]"
GAP21Q34_a_W82,gender,inferred,female,,20,"[0.20604366, 0.00756062, 0.3517833, 0.43461241]"
GAP21Q34_b_W82,gender,inferred,male,,20,"[0.03395263, 0.00281406, 0.07235502, 0.8908783]"
GAP21Q34_b_W82,gender,inferred,female,,20,"[0.16588959, 0.00569524, 0.24532877, 0.58308639]"
GAP21Q34_c_W82,gender,inferred,male,,20,"[0.0316594, 0.0044203, 0.10835163, 0.85556867]"
GAP21Q34_c_W82,gender,inferred,female,,20,"[0.09707181, 0.0067393, 0.30654764, 0.58964126]"
GAP21Q34_d_W82,gender,inferred,male,,20,"[0.28149661, 0.00745418, 0.29770725, 0.41334196]"
GAP21Q34_d_W82,gender,inferred,female,,20,"[0.24222362, 0.00828056, 0.37888557, 0.37061026]"
GAP21Q34_e_W82,gender,inferred,male,,20,"[0.26259039, 0.00727105, 0.24514642, 0.48499214]"
GAP21Q34_e_W82,gender,inferred,female,,20,"[0.2473197, 0.00871558, 0.32571356, 0.41825116]"
GAP21Q34_f_W82,gender,inferred,male,,20,"[0.26513346, 0.00522584, 0.1989233, 0.53071741]"
GAP21Q34_f_W82,gender,inferred,female,,20,"[0.27109568, 0.00634975, 0.27892845, 0.44362611]"
GAP21Q38_a_W82,gender,inferred,male,,20,"[0.28964629, 0.03316545, 0.50246404, 0.17472422]"
GAP21Q38_a_W82,gender,inferred,female,,20,"[0.18782733, 0.03116784, 0.54582816, 0.23517667]"
GAP21Q38_b_W82,gender,inferred,male,,20,"[0.29691646, 0.02857618, 0.51055275, 0.1639546]"
GAP21Q38_b_W82,gender,inferred,female,,20,"[0.19751092, 0.02994973, 0.56240794, 0.21013142]"
GAP21Q38_c_W82,gender,inferred,male,,20,"[0.26929501, 0.03298744, 0.55126975, 0.14644782]"
GAP21Q38_c_W82,gender,inferred,female,,20,"[0.18534268, 0.03706578, 0.57743758, 0.20015395]"
GAP21Q41_W82,gender,inferred,male,,20,"[0.25228501, 0.01231508, 0.26092325, 0.47447665]"
GAP21Q41_W82,gender,inferred,female,,20,"[0.19127274, 0.01216594, 0.31717122, 0.47939009]"
GAP21Q43_g_W82,gender,inferred,male,,20,"[0.20828325, 0.04411214, 0.58050029, 0.16710431]"
GAP21Q43_g_W82,gender,inferred,female,,20,"[0.13332382, 0.02314107, 0.65114184, 0.19239326]"
GAP21Q47_W82,gender,inferred,male,,20,"[0.03904211, 0.01510421, 0.25045601, 0.69539767]"
GAP21Q47_W82,gender,inferred,female,,20,"[0.04637277, 0.01454583, 0.2297536, 0.7093278]"
GAP21Q4_a_W82,gender,inferred,male,,20,"[0.19126098, 0.00565595, 0.29738198, 0.50570109]"
GAP21Q4_a_W82,gender,inferred,female,,20,"[0.17447666, 0.00731694, 0.38452907, 0.43367732]"
GAP21Q4_b_W82,gender,inferred,male,,20,"[0.20635787, 0.0038467, 0.15185787, 0.63793757]"
GAP21Q4_b_W82,gender,inferred,female,,20,"[0.21108543, 0.00499844, 0.22384822, 0.5600679]"
GAP21Q4_c_W82,gender,inferred,male,,20,"[0.25418065, 0.00864197, 0.37238616, 0.36479123]"
GAP21Q4_c_W82,gender,inferred,female,,20,"[0.20496522, 0.01062023, 0.47127446, 0.31314009]"
GAP21Q4_d_W82,gender,inferred,male,,20,"[0.22494473, 0.00696557, 0.32029496, 0.44779475]"
GAP21Q4_d_W82,gender,inferred,female,,20,"[0.17996283, 0.00845681, 0.41616391, 0.39541645]"
GAP21Q4_e_W82,gender,inferred,male,,20,"[0.24405857, 0.00812532, 0.32439517, 0.42342094]"
GAP21Q4_e_W82,gender,inferred,female,,20,"[0.19345497, 0.01075894, 0.40320253, 0.39258356]"
GAP21Q4_f_W82,gender,inferred,male,,20,"[0.18355298, 0.00550798, 0.35863047, 0.45230856]"
GAP21Q4_f_W82,gender,inferred,female,,20,"[0.14182915, 0.0067278, 0.44721769, 0.40422536]"
GAP21Q7_a_W82,gender,inferred,male,,20,"[0.57407806, 0.00686105, 0.32193153, 0.09712936]"
GAP21Q7_a_W82,gender,inferred,female,,20,"[0.45625831, 0.0065033, 0.40789816, 0.12934023]"
GAP21Q7_b_W82,gender,inferred,male,,20,"[0.16722924, 0.00440554, 0.14009157, 0.68827364]"
GAP21Q7_b_W82,gender,inferred,female,,20,"[0.12180713, 0.00395233, 0.08362929, 0.79061124]"
GAP21Q7_d_W82,gender,inferred,male,,20,"[0.50831896, 0.00882187, 0.34590046, 0.1369587]"
GAP21Q7_d_W82,gender,inferred,female,,20,"[0.34294895, 0.00791325, 0.47248313, 0.17665464]"
BILLION_W92,gender,inferred,male,,20,"[0.25308031, 0.03640257, 0.71051711]"
BILLION_W92,gender,inferred,female,,20,"[0.12713922, 0.01756443, 0.85529635]"
CANDEXP_W92,gender,inferred,male,,20,"[0.28904141, 0.01589008, 0.59390885, 0.10115966]"
CANDEXP_W92,gender,inferred,female,,20,"[0.20885541, 0.01694123, 0.63397242, 0.14023095]"
ELECT_CONF3_PRVFR_W92,gender,inferred,male,,20,"[0.02068901, 0.0031009, 0.08509982, 0.89111028]"
ELECT_CONF3_PRVFR_W92,gender,inferred,female,,20,"[0.04425635, 0.00588134, 0.24558133, 0.70428097]"
ELECT_CONF3_PRVSUP_W92,gender,inferred,male,,20,"[0.12162641, 0.01255373, 0.46503643, 0.40078344]"
ELECT_CONF3_PRVSUP_W92,gender,inferred,female,,20,"[0.09422814, 0.01663181, 0.45766944, 0.43147061]"
ELECT_IMPT3_PRVFR_W92,gender,inferred,male,,20,"[0.00854311, 0.00507641, 0.01587544, 0.97050503]"
ELECT_IMPT3_PRVFR_W92,gender,inferred,female,,20,"[0.01410968, 0.00710382, 0.04164843, 0.93713806]"
FREECOLL_W92,gender,inferred,male,,20,"[0.53503661, 0.01720584, 0.25187634, 0.1958812]"
FREECOLL_W92,gender,inferred,female,,20,"[0.40679094, 0.01882163, 0.35383786, 0.22054958]"
GODMORALIMP_W92,gender,inferred,male,,20,"[0.48906141, 0.02530327, 0.44467592, 0.04095939]"
GODMORALIMP_W92,gender,inferred,female,,20,"[0.41261734, 0.01791498, 0.52962934, 0.03983834]"
LEGALIMMIGAMT_W92,gender,inferred,male,,20,"[0.06276296, 0.02597899, 0.1674584, 0.69072603, 0.05307362]"
LEGALIMMIGAMT_W92,gender,inferred,female,,20,"[0.06218359, 0.0219426, 0.14259209, 0.71390192, 0.05937979]"
POLINTOL2_a_W92,gender,inferred,male,,20,"[0.05370713, 0.01758032, 0.26345923, 0.66525331]"
POLINTOL2_a_W92,gender,inferred,female,,20,"[0.05588295, 0.01506331, 0.20048278, 0.72857094]"
PROG_RNEED_W92,gender,inferred,male,,20,"[0.45092717, 0.18382133, 0.36525148]"
PROG_RNEED_W92,gender,inferred,female,,20,"[0.43494403, 0.18596953, 0.37908645]"
RACESURV52MOD_W92,gender,inferred,male,,20,"[0.20506377, 0.00839077, 0.22999232, 0.55655313]"
RACESURV52MOD_W92,gender,inferred,female,,20,"[0.18574555, 0.00718998, 0.2351891, 0.57187538]"
REPRSNTDEM_W92,gender,inferred,male,,20,"[0.02610824, 0.00313741, 0.05258366, 0.91817069]"
REPRSNTDEM_W92,gender,inferred,female,,20,"[0.13508247, 0.00542538, 0.34568583, 0.51380632]"
REPRSNTREP_W92,gender,inferred,male,,20,"[0.05394075, 0.01787367, 0.18020736, 0.7479782]"
REPRSNTREP_W92,gender,inferred,female,,20,"[0.050304, 0.01410631, 0.1679187, 0.767671]"
SOCIETY_GUNS_W92,gender,inferred,male,,20,"[0.27063124, 0.01263929, 0.0757049, 0.62601526, 0.0150093]"
SOCIETY_GUNS_W92,gender,inferred,female,,20,"[0.30066754, 0.01084419, 0.05872177, 0.61417871, 0.01558779]"
SOCIETY_RELG_W92,gender,inferred,male,,20,"[0.41916135, 0.02527755, 0.44645317, 0.101004, 0.00810393]"
SOCIETY_RELG_W92,gender,inferred,female,,20,"[0.30493048, 0.01907441, 0.54833667, 0.10289661, 0.02476183]"
SOCIETY_RHIST_W92,gender,inferred,male,,20,"[0.45137903, 0.05615096, 0.37982099, 0.10444956, 0.00819945]"
SOCIETY_RHIST_W92,gender,inferred,female,,20,"[0.37451588, 0.04617811, 0.44583986, 0.11308876, 0.0203774]"
SOCIETY_SSM_W92,gender,inferred,male,,20,"[0.25897893, 0.01156898, 0.07687649, 0.63832997, 0.01424563]"
SOCIETY_SSM_W92,gender,inferred,female,,20,"[0.37669251, 0.01305014, 0.08582567, 0.50348229, 0.02094937]"
SOCIETY_TRANS_W92,gender,inferred,male,,20,"[0.60400033, 0.01204316, 0.06280427, 0.30803759, 0.01311465]"
SOCIETY_TRANS_W92,gender,inferred,female,,20,"[0.48572898, 0.01422652, 0.07851885, 0.40426613, 0.01725952]"
SOCIETY_WHT_W92,gender,inferred,male,,20,"[0.08356108, 0.05392788, 0.47305901, 0.33448048, 0.05497154]"
SOCIETY_WHT_W92,gender,inferred,female,,20,"[0.08762935, 0.04850195, 0.47675896, 0.33390186, 0.05320787]"
UNIMMIGCOMM_W92,gender,inferred,male,,20,"[0.04983013, 0.05235551, 0.59505255, 0.30276181]"
UNIMMIGCOMM_W92,gender,inferred,female,,20,"[0.05059002, 0.04682675, 0.63069173, 0.27189149]"
USEXCEPT_W92,gender,inferred,male,,20,"[0.12708425, 0.04285655, 0.8300592]"
USEXCEPT_W92,gender,inferred,female,,20,"[0.11731779, 0.03908472, 0.84359748]"
USMILSIZ_W92,gender,inferred,male,,20,"[0.16068456, 0.00624509, 0.52721282, 0.29627346, 0.00958408]"
USMILSIZ_W92,gender,inferred,female,,20,"[0.11655143, 0.00646136, 0.58714472, 0.24056024, 0.04928225]"
WHADVANT_W92,gender,inferred,male,,20,"[0.1033005, 0.07919221, 0.51445356, 0.30305373]"
WHADVANT_W92,gender,inferred,female,,20,"[0.10622826, 0.07368488, 0.50903798, 0.31104889]"
