position,attribute,layer,n,mean_activation_strength,mean_normalized_confidence,gender_accuracy
after_name,age,0,40,0.00059938,0.25044954,
after_name,age,1,40,0.00494071925,0.2537055389999999,
after_name,age,2,40,0.008382280000000002,0.25628671025000005,
after_name,age,3,40,0.0144971065,0.26087282925000005,
after_name,age,4,40,0.022020448499999998,0.26651533675,
after_name,age,5,40,0.030497723500000008,0.27287329275,
after_name,age,6,40,0.01787167675,0.26340375675,
after_name,age,7,40,0.011284732000000002,0.25846354875,
after_name,age,8,40,0.035443183499999996,0.27658238749999997,
after_name,age,9,40,0.07703052399999999,0.30777289325,
after_name,age,10,40,0.05439901125,0.2907992585,
after_name,age,11,40,0.06306731475000002,0.29730048600000003,
after_name,age,12,40,0.11000954700000001,0.33250715950000004,
after_name,age,13,40,0.11730354125,0.3379776554999999,
after_name,age,14,40,0.20428768074999998,0.40321575975,
after_name,age,15,40,0.27985094274999994,0.45988820775,
after_name,age,16,40,0.21190322925,0.408927422,
after_name,age,17,40,0.18274461,0.38705845775,
after_name,age,18,40,0.146539083,0.35990431275000007,
after_name,age,19,40,0.18515149599999994,0.38886362225,
after_name,age,20,40,0.14698395275000004,0.36023796475000003,
after_name,age,21,40,0.15035185700000003,0.36276389275000004,
after_name,age,22,40,0.07925918474999998,0.30944438874999997,
after_name,age,23,40,0.13202927574999998,0.34902195724999985,
after_name,age,24,40,0.12028143,0.34021107200000006,
after_name,age,25,40,0.09260294025000002,0.31945220574999994,
after_name,age,26,40,0.066208683,0.299656512,
after_name,age,27,40,0.09425454949999999,0.32069091275,
after_name,age,28,40,0.10074623075,0.32555967225,
after_name,age,29,40,0.08667448199999998,0.31500586150000004,
after_name,age,30,40,0.24516784,0.43387587974999986,
after_name,age,31,40,0.0928900375,0.31966752774999996,
after_name,age,32,40,0.09328345275000001,0.31996258974999997,
after_name,age,33,40,0.13286250324999999,0.3496468770000001,
after_name,age,34,40,0.19560718524999995,0.39670538949999995,
after_name,age,35,40,0.187684667,0.39076350049999997,
after_name,age,36,40,0.16404941950000002,0.37303706475000004,
after_name,age,37,40,0.12416032574999995,0.343120245,
after_name,age,38,40,0.21845873524999998,0.4138440515000001,
after_name,age,39,40,0.15566489175,0.36674866875,
after_name,age,40,40,0.20199276725,0.4014945747499999,
after_name,education,0,40,0.0001994800000000001,0.3334663199999998,
after_name,education,1,40,0.0014530550000000002,0.33430203699999994,
after_name,education,2,40,0.0039462679999999984,0.3359641785000001,
after_name,education,3,40,0.014481351499999998,0.34298756724999996,
after_name,education,4,40,0.035075624999999985,0.356717084,
after_name,education,5,40,0.01928558025,0.34619038625,
after_name,education,6,40,0.018189420249999998,0.3454596134999998,
after_name,education,7,40,0.028301477750000005,0.35220098525,
after_name,education,8,40,0.08453083599999998,0.38968722325000005,
after_name,education,9,40,0.03402569874999999,0.35601713299999993,
after_name,education,10,40,0.06210537724999998,0.3747369172499999,
after_name,education,11,40,0.0541694135,0.3694462754999999,
after_name,education,12,40,0.06059570425000001,0.37373046874999993,
after_name,education,13,40,0.10302265775,0.4020151055,
after_name,education,14,40,0.09515731149999998,0.39677154075,
after_name,education,15,40,0.06572370075,0.3771491349999999,
after_name,education,16,40,0.09265958499999999,0.3951063895000001,
after_name,education,17,40,0.15170073499999998,0.434467157,
after_name,education,18,40,0.0240151915,0.34934346000000005,
after_name,education,19,40,0.043364836,0.3622432245,
after_name,education,20,40,0.117546495,0.41169766349999987,
after_name,education,21,40,0.20870502949999992,0.47247002024999984,
after_name,education,22,40,0.3086545635000001,0.5391030429999999,
after_name,education,23,40,0.3572586784999999,0.5715057849999999,
after_name,education,24,40,0.24682993399999997,0.4978866224999998,
after_name,education,25,40,0.377291715,0.58486114325,
after_name,education,26,40,0.4505493045000001,0.6336995370000001,
after_name,education,27,40,0.5550040635,0.7033360424999999,
after_name,education,28,40,0.4590203394999999,0.6393468935,
after_name,education,29,40,0.45249277525,0.6349951835000001,
after_name,education,30,40,0.4678028222500002,0.6452018814999999,
after_name,education,31,40,0.47936942349999984,0.6529129495,
after_name,education,32,40,0.40815681674999993,0.6054378777499999,
after_name,education,33,40,0.45368617874999995,0.6357907859999998,
after_name,education,34,40,0.355871399,0.5705809325000002,
after_name,education,35,40,0.6034262615,0.73561750775,
after_name,education,36,40,0.42121048649999987,0.6141403240000003,
after_name,education,37,40,0.35857226225000005,0.57238150725,
after_name,education,38,40,0.57512287325,0.7167485820000001,
after_name,education,39,40,0.42975409750000004,0.6198360649999999,
after_name,education,40,40,0.07464423325,0.38309615575,
after_name,gender,0,40,0.0008410200000000003,0.5004205100000001,0.5
after_name,gender,1,40,0.0038850155000000005,0.5019425087499999,0.5
after_name,gender,2,40,0.0008018495,0.5004009245000001,0.5
after_name,gender,3,40,0.0111155395,0.5055577694999998,0.5
after_name,gender,4,40,0.011316969999999999,0.50565848525,0.45
after_name,gender,5,40,0.04328831700000001,0.5216441587499999,0.5
after_name,gender,6,40,0.060504504749999986,0.5302522522499998,0.5
after_name,gender,7,40,0.1383070115,0.5691535054999999,0.5
after_name,gender,8,40,0.19057241025,0.5952862050000001,0.5
after_name,gender,9,40,0.045801087500000004,0.52290054375,0.475
after_name,gender,10,40,0.08162011450000001,0.5408100574999999,0.0
after_name,gender,11,40,0.14642131425,0.5732106562500001,0.5
after_name,gender,12,40,0.08655068449999999,0.5432753432500002,0.0
after_name,gender,13,40,0.1677305995,0.583865299,0.5
after_name,gender,14,40,0.16940578550000002,0.58470289275,0.25
after_name,gender,15,40,0.06680130050000002,0.53340065,0.175
after_name,gender,16,40,0.18045088875,0.590225445,0.3
after_name,gender,17,40,0.07824723625,0.5391236187499999,0.975
after_name,gender,18,40,0.1831297335,0.5915648672500001,1.0
after_name,gender,19,40,0.3662754922499999,0.6831377460000001,0.5
after_name,gender,20,40,0.23374584349999994,0.6168729217500001,1.0
after_name,gender,21,40,0.31934751299999997,0.6596737564999998,0.5
after_name,gender,22,40,0.24358441575,0.6217922072500001,1.0
after_name,gender,23,40,0.5283183032500001,0.7641591515000002,0.5
after_name,gender,24,40,0.148528511,0.5742642550000001,1.0
after_name,gender,25,40,0.2805106697499999,0.6402553350000001,1.0
after_name,gender,26,40,0.3368520292499999,0.6684260144999999,0.9
after_name,gender,27,40,0.411207628,0.7056038139999998,0.575
after_name,gender,28,40,0.5439902699999999,0.7719951345,1.0
after_name,gender,29,40,0.40179218325,0.70089609175,0.975
after_name,gender,30,40,0.60493791475,0.80246895725,1.0
after_name,gender,31,40,0.5669176945000001,0.7834588464999996,0.6
after_name,gender,32,40,0.3122745480000001,0.6561372747500002,1.0
after_name,gender,33,40,0.3891971410000001,0.6945985695,0.625
after_name,gender,34,40,0.47027702875,0.7351385142500001,0.975
after_name,gender,35,40,0.26023832575000005,0.6301191624999998,0.925
after_name,gender,36,40,0.20097468199999996,0.6004873412499999,0.8
after_name,gender,37,40,0.4513001597499999,0.72565007875,0.675
after_name,gender,38,40,0.48465905200000015,0.7423295259999999,0.925
after_name,gender,39,40,0.523749331,0.7618746652500001,0.575
after_name,gender,40,40,0.3738711210000001,0.6869355592499996,0.55
after_name,socioeco,0,40,0.0002758799999999998,0.33351724999999993,
after_name,socioeco,1,40,0.00114235275,0.334094901,
after_name,socioeco,2,40,0.0008783200000000001,0.33391888025000005,
after_name,socioeco,3,40,0.005302955000000001,0.3368686370000001,
after_name,socioeco,4,40,0.0025501715,0.33503344799999996,
after_name,socioeco,5,40,0.0191497875,0.34609985825,
after_name,socioeco,6,40,0.036333477749999996,0.35755565124999994,
after_name,socioeco,7,40,0.0379366895,0.35862446025000005,
after_name,socioeco,8,40,0.050537261000000014,0.36702484125000007,
after_name,socioeco,9,40,0.037627600750000004,0.3584184005,
after_name,socioeco,10,40,0.05573848425,0.37049232275,
after_name,socioeco,11,40,0.12156397349999999,0.41437598200000003,
after_name,socioeco,12,40,0.11771829600000003,0.4118121974999999,
after_name,socioeco,13,40,0.12081023275,0.41387348799999996,
after_name,socioeco,14,40,0.31144770674999994,0.54096513875,
after_name,socioeco,15,40,0.30261754475,0.53507836275,
after_name,socioeco,16,40,0.23273844075000003,0.48849229425,
after_name,socioeco,17,40,0.16685298199999998,0.44456865425,
after_name,socioeco,18,40,0.17018709299999998,0.44679139574999993,
after_name,socioeco,19,40,0.246349253,0.49756616875,
after_name,socioeco,20,40,0.17674264,0.45116176024999993,
after_name,socioeco,21,40,0.20987462074999996,0.47324974724999996,
after_name,socioeco,22,40,0.13082414175,0.4205494272500001,
after_name,socioeco,23,40,0.17006302600000003,0.446708684,
after_name,socioeco,24,40,0.07807878475,0.3853858560000001,
after_name,socioeco,25,40,0.22610636525000002,0.48407090950000004,
after_name,socioeco,26,40,0.2930192482499999,0.52867949975,
after_name,socioeco,27,40,0.20780335725,0.47186890475000015,
after_name,socioeco,28,40,0.20405262575000002,0.46936841749999997,
after_name,socioeco,29,40,0.0667671795,0.37784478599999993,
after_name,socioeco,30,40,0.1842144,0.45614293300000003,
after_name,socioeco,31,40,0.03827517199999999,0.35885011575000003,
after_name,socioeco,32,40,0.17238489724999997,0.4482565984999999,
after_name,socioeco,33,40,0.07460627925000002,0.38307085299999993,
after_name,socioeco,34,40,0.22964952775000008,0.4864330184999999,
after_name,socioeco,35,40,0.22513494699999997,0.4834232989999999,
after_name,socioeco,36,40,0.0438467715,0.36256451475000007,
after_name,socioeco,37,40,0.3988098459999999,0.5992065635,
after_name,socioeco,38,40,0.26196133775,0.507974225,
after_name,socioeco,39,40,0.2170148835000001,0.47800992200000003,
after_name,socioeco,40,40,0.07777924350000001,0.3851861630000001,
final_prompt,age,0,19760,0.0006119800000002558,0.2504589899999745,
final_prompt,age,1,19760,0.0034349954154858225,0.2525762465571875,
final_prompt,age,2,19760,0.009484531245445266,0.25711339842357855,
final_prompt,age,3,19760,0.013766204650303506,0.26032465347267253,
final_prompt,age,4,19760,0.02497464035222681,0.2687309802677127,
final_prompt,age,5,19760,0.026165897926113412,0.2696244234640694,
final_prompt,age,6,19760,0.016704136985830002,0.26252810273684135,
final_prompt,age,7,19760,0.046144239502024384,0.28460817961791546,
final_prompt,age,8,19760,0.06819549913006061,0.30114662434008105,
final_prompt,age,9,19760,0.08779574808906869,0.31584681105617707,
final_prompt,age,10,19760,0.09621920172216591,0.3221644013345144,
final_prompt,age,11,19760,0.05310291540080994,0.2898271865637626,
final_prompt,age,12,19760,0.09808547037499998,0.3235641027439276,
final_prompt,age,13,19760,0.10800541664929117,0.33100406245192343,
final_prompt,age,14,19760,0.14134951710678098,0.35601213784159924,
final_prompt,age,15,19760,0.1543212733689278,0.3657409549812751,
final_prompt,age,16,19760,0.15661040940030346,0.3674578071062759,
final_prompt,age,17,19760,0.20047605748532404,0.40035704310829867,
final_prompt,age,18,19760,0.22265843497115415,0.41699382619888614,
final_prompt,age,19,19760,0.19566894403896995,0.3967517080420038,
final_prompt,age,20,19760,0.10754622444433184,0.330659668361839,
final_prompt,age,21,19760,0.10463788944838007,0.3284784170956467,
final_prompt,age,22,19760,0.0928117956244941,0.3196088467130576,
final_prompt,age,23,19760,0.1518334962975709,0.36387512223988033,
final_prompt,age,24,19760,0.16755598415131706,0.3756669881290487,
final_prompt,age,25,19760,0.2067580963304651,0.40506857226063037,
final_prompt,age,26,19760,0.22610145797014086,0.41957609348279334,
final_prompt,age,27,19760,0.1414943497945354,0.35612076234868373,
final_prompt,age,28,19760,0.14138788620242904,0.35604091463006154,
final_prompt,age,29,19760,0.1802142696128536,0.3851607022014168,
final_prompt,age,30,19760,0.19376216782388467,0.3953216258841086,
final_prompt,age,31,19760,0.1660721613309726,0.3745541210207476,
final_prompt,age,32,19760,0.1583729081422062,0.3687796811148803,
final_prompt,age,33,19760,0.1381076336933199,0.3535807252525316,
final_prompt,age,34,19760,0.20622073366953655,0.4046655502707485,
final_prompt,age,35,19760,0.15683617069584943,0.3676271280414977,
final_prompt,age,36,19760,0.14413163436437315,0.35809872577682383,
final_prompt,age,37,19760,0.1825640299600207,0.38692302246204424,
final_prompt,age,38,19760,0.2962280963780364,0.4721710722788487,
final_prompt,age,39,19760,0.17130960110728827,0.3784822008355246,
final_prompt,age,40,19760,0.19422400826113342,0.3956680062241893,
final_prompt,education,0,19760,0.0004564800000002291,0.33363765000007467,
final_prompt,education,1,19760,0.0026039556012145623,0.3350693036988855,
final_prompt,education,2,19760,0.009565550514169996,0.3397103670222671,
final_prompt,education,3,19760,0.01752015038765179,0.34501343355060765,
final_prompt,education,4,19760,0.034388716689777124,0.3562591444878534,
final_prompt,education,5,19760,0.007084094377024299,0.3380560628750018,
final_prompt,education,6,19760,0.013845067966093095,0.3425633786644754,
final_prompt,education,7,19760,0.01644540202631573,0.3442969346740883,
final_prompt,education,8,19760,0.03774117363967625,0.35849411575506257,
final_prompt,education,9,19760,0.05283422677732805,0.36855615124696406,
final_prompt,education,10,19760,0.05977364022166023,0.37318242680769315,
final_prompt,education,11,19760,0.04134415640738854,0.3608961042661954,
final_prompt,education,12,19760,0.08274326651872492,0.38849551097773377,
final_prompt,education,13,19760,0.06428151538259082,0.37618767692105365,
final_prompt,education,14,19760,0.1295211054326924,0.41968073700101277,
final_prompt,education,15,19760,0.1979558696113362,0.46530391306275476,
final_prompt,education,16,19760,0.21738640761083014,0.47825760505870674,
final_prompt,education,17,19760,0.1490459940197376,0.43269732934109373,
final_prompt,education,18,19760,0.14599831365536528,0.4306655424443334,
final_prompt,education,19,19760,0.12345783613714605,0.41563855743977796,
final_prompt,education,20,19760,0.1580000613577938,0.43866670759260973,
final_prompt,education,21,19760,0.12296630548583011,0.41531087027884606,
final_prompt,education,22,19760,0.08631048576923049,0.3908736572510135,
final_prompt,education,23,19760,0.07703100806325888,0.3846873387140694,
final_prompt,education,24,19760,0.12303961079250997,0.4153597405632594,
final_prompt,education,25,19760,0.11971575571710383,0.41314383714271125,
final_prompt,education,26,19760,0.06022112569281356,0.37348075048684426,
final_prompt,education,27,19760,0.1483206818856273,0.43221378793927,
final_prompt,education,28,19760,0.11577461066700455,0.4105164070662947,
final_prompt,education,29,19760,0.16812958436740827,0.4454197228997963,
final_prompt,education,30,19760,0.1118806026740896,0.40792040177226585,
final_prompt,education,31,19760,0.17881273511285425,0.4525418234256059,
final_prompt,education,32,19760,0.17614695387753018,0.4507646359483791,
final_prompt,education,33,19760,0.13564920437550596,0.4237661362651835,
final_prompt,education,34,19760,0.21197577323987762,0.47465051551012305,
final_prompt,education,35,19760,0.2321611680597175,0.48810744534564604,
final_prompt,education,36,19760,0.15548478876113414,0.4369898591573866,
final_prompt,education,37,19760,0.18065711005920967,0.4537714067277336,
final_prompt,education,38,19760,0.2487036111887662,0.4991357407909909,
final_prompt,education,39,19760,0.20278981448633568,0.4685265430384618,
final_prompt,education,40,19760,0.1490043724782382,0.4326695816351215,
final_prompt,gender,0,19760,0.0031446200000004,0.5015723099999174,0.5
final_prompt,gender,1,19760,0.004387398471659936,0.5021936992459531,0.5
final_prompt,gender,2,19760,0.0007704600961538406,0.5003852300440282,0.5000506072874494
final_prompt,gender,3,19760,0.016990542857287485,0.5084952713653845,0.5
final_prompt,gender,4,19760,0.01794499236943319,0.5089724961958503,0.5
final_prompt,gender,5,19760,0.0056724685440283406,0.5028362342621447,0.5
final_prompt,gender,6,19760,0.0445608749463562,0.5222804374579972,0.5
final_prompt,gender,7,19760,0.035598598413967515,0.5177992992009125,0.5
final_prompt,gender,8,19760,0.03789072569635642,0.5189453628618396,0.5
final_prompt,gender,9,19760,0.014185798823380657,0.5070928993871441,0.42621457489878545
final_prompt,gender,10,19760,0.10849175654605228,0.5542458782601208,0.5
final_prompt,gender,11,19760,0.04881513905263122,0.5244075695455432,0.4983805668016194
final_prompt,gender,12,19760,0.10731176674999995,0.5536558833881555,0.49903846153846154
final_prompt,gender,13,19760,0.09647654111740972,0.5482382705612359,0.4804655870445344
final_prompt,gender,14,19760,0.19791923315384527,0.5989596165622453,0.5
final_prompt,gender,15,19760,0.4123919984595153,0.706195999213055,0.5
final_prompt,gender,16,19760,0.4070793933056667,0.7035396966320828,0.5
final_prompt,gender,17,19760,0.4582492750637657,0.7291246375435225,0.5424595141700405
final_prompt,gender,18,19760,0.41621928773633493,0.7081096438674042,0.8111336032388664
final_prompt,gender,19,19760,0.39871090263714537,0.6993554513162996,0.8672570850202429
final_prompt,gender,20,19760,0.3693936467049597,0.6846968233608254,0.7442813765182186
final_prompt,gender,21,19760,0.38448981093674206,0.6922449054539479,0.8243927125506073
final_prompt,gender,22,19760,0.3203616015551629,0.6601808007363356,0.8776315789473684
final_prompt,gender,23,19760,0.29123084635071106,0.645615423220645,0.7657388663967611
final_prompt,gender,24,19760,0.385581399838054,0.6927906999190285,0.8326417004048583
final_prompt,gender,25,19760,0.4322666557120444,0.7161333278395741,0.850506072874494
final_prompt,gender,26,19760,0.41780135971811594,0.7089006798755032,0.7147773279352226
final_prompt,gender,27,19760,0.4155190865541502,0.7077595432980787,0.691497975708502
final_prompt,gender,28,19760,0.3930737705673066,0.696536885307694,0.8286943319838057
final_prompt,gender,29,19760,0.4486540141791479,0.7243270071229739,0.5347165991902834
final_prompt,gender,30,19760,0.4006436551508085,0.700321827580969,0.8845647773279353
final_prompt,gender,31,19760,0.39215022040030334,0.6960751102140703,0.7418016194331983
final_prompt,gender,32,19760,0.1957853641290489,0.5978926820440262,0.6852226720647774
final_prompt,gender,33,19760,0.16644987848734827,0.5832249392454444,0.6422570850202429
final_prompt,gender,34,19760,0.44466275740485806,0.7223313787353263,0.5296558704453441
final_prompt,gender,35,19760,0.5545233984134638,0.7772616992029324,0.5007085020242915
final_prompt,gender,36,19760,0.14182851995900844,0.5709142600065789,0.7537449392712551
final_prompt,gender,37,19760,0.8194130340612327,0.909706517028337,0.5013157894736842
final_prompt,gender,38,19760,0.46849413600556755,0.734247067995951,0.5707995951417004
final_prompt,gender,39,19760,0.5214842902793533,0.7607421450931179,0.5887145748987854
final_prompt,gender,40,19760,0.40744752634767073,0.7037237631310685,0.5084008097165992
final_prompt,socioeco,0,19760,0.0020018399999990766,0.3346678899999756,
final_prompt,socioeco,1,19760,0.0009625311573886627,0.33397502076720553,
final_prompt,socioeco,2,19760,0.0025714221467611352,0.335047614786944,
final_prompt,socioeco,3,19760,0.0072425795060728675,0.33816171967105113,
final_prompt,socioeco,4,19760,0.012485839641700396,0.3416572264038463,
final_prompt,socioeco,5,19760,0.03708713647722647,0.3580580909974684,
final_prompt,socioeco,6,19760,0.038227225607287314,0.3588181504235816,
final_prompt,socioeco,7,19760,0.02827032796659922,0.352180218603238,
final_prompt,socioeco,8,19760,0.022306352522773194,0.3482042349944322,
final_prompt,socioeco,9,19760,0.061931711180668564,0.374621140808703,
final_prompt,socioeco,10,19760,0.021198672963056647,0.3474657819919015,
final_prompt,socioeco,11,19760,0.05293903367307685,0.3686260224863355,
final_prompt,socioeco,12,19760,0.1705006541867409,0.4470004361371437,
final_prompt,socioeco,13,19760,0.19290211525809595,0.46193474352833974,
final_prompt,socioeco,14,19760,0.17882712540485812,0.45255141691649364,
final_prompt,socioeco,15,19760,0.2641340812651835,0.5094227208279366,
final_prompt,socioeco,16,19760,0.36616772990941127,0.5774451533193319,
final_prompt,socioeco,17,19760,0.3075739476826919,0.5383826317950433,
final_prompt,socioeco,18,19760,0.2865631785258106,0.5243754523431171,
final_prompt,socioeco,19,19760,0.3154710521229767,0.5436473680592109,
final_prompt,socioeco,20,19760,0.23812084955111285,0.4920805663856292,
final_prompt,socioeco,21,19760,0.14396207082793475,0.4293080472742919,
final_prompt,socioeco,22,19760,0.1465780757763159,0.4310520505172053,
final_prompt,socioeco,23,19760,0.14078403890131502,0.42718935928542434,
final_prompt,socioeco,24,19760,0.09234422070091118,0.3948961471229736,
final_prompt,socioeco,25,19760,0.14074165066751027,0.4271611004397783,
final_prompt,socioeco,26,19760,0.07257716366447367,0.3817181090703447,
final_prompt,socioeco,27,19760,0.07900711480870441,0.38600474320698613,
final_prompt,socioeco,28,19760,0.08323965429453453,0.38882643619838064,
final_prompt,socioeco,29,19760,0.1700037113426118,0.4466691409321833,
final_prompt,socioeco,30,19760,0.20166140418319842,0.4677742694559726,
final_prompt,socioeco,31,19760,0.19323676621356342,0.462157844075908,
final_prompt,socioeco,32,19760,0.17563249570546727,0.4504216637975704,
final_prompt,socioeco,33,19760,0.11363788494180219,0.40909192325556615,
final_prompt,socioeco,34,19760,0.11480311143016206,0.40986874096862597,
final_prompt,socioeco,35,19760,0.12085874565637761,0.41390583048684393,
final_prompt,socioeco,36,19760,0.1586798131477721,0.439119875423585,
final_prompt,socioeco,37,19760,0.2532835742833993,0.5021890495091105,
final_prompt,socioeco,38,19760,0.17468841635020266,0.4497922775364383,
final_prompt,socioeco,39,19760,0.30541515845344164,0.5369434390055675,
final_prompt,socioeco,40,19760,0.23594759170445412,0.49063172782489817,
