qkey,attribute,channel,class_label,magnitude,n_occupations,response_distribution
CARRYGUN_W26,socioeco,inferred,low,,5,"[0.07023214, 0.02314777, 0.08867768, 0.81794239]"
CARRYGUN_W26,socioeco,inferred,high,,5,"[0.08035755, 0.02526721, 0.06675189, 0.82762338]"
GROWUPGUN2A_W26,socioeco,inferred,low,,5,"[0.58358182, 0.41641818]"
GROWUPGUN2A_W26,socioeco,inferred,high,,5,"[0.65469714, 0.34530289]"
GROWUPGUN2B_W26,socioeco,inferred,low,,5,"[0.94550176, 0.05449822]"
GROWUPGUN2B_W26,socioeco,inferred,high,,5,"[0.96849512, 0.03150487]"
GROWUPGUN2C_W26,socioeco,inferred,low,,5,"[0.83759087, 0.16240914]"
GROWUPGUN2C_W26,socioeco,inferred,high,,5,"[0.95349079, 0.04650923]"
GROWUPGUN4_W26,socioeco,inferred,low,,5,"[0.87047824, 0.01074165, 0.03127971, 0.0875004]"
GROWUPGUN4_W26,socioeco,inferred,high,,5,"[0.9270633, 0.01092765, 0.02236437, 0.03964467]"
GROWUPGUN6_W26,socioeco,inferred,low,,5,"[0.03659558, 0.01152806, 0.02107711, 0.93079923]"
GROWUPGUN6_W26,socioeco,inferred,high,,5,"[0.09094581, 0.01718859, 0.02738923, 0.8644764]"
GROWUPGUN7_W26,socioeco,inferred,low,,5,"[0.07639274, 0.01266813, 0.06133308, 0.84960606]"
GROWUPGUN7_W26,socioeco,inferred,high,,5,"[0.22253961, 0.01629639, 0.12403774, 0.63712626]"
GROWUPVIOL_W26,socioeco,inferred,low,,5,"[0.19460731, 0.00592421, 0.07715395, 0.72231453]"
GROWUPVIOL_W26,socioeco,inferred,high,,5,"[0.36364665, 0.00638988, 0.07470605, 0.55525746]"
GUNACCESS_W26,socioeco,inferred,low,,5,"[0.06890083, 0.03138718, 0.16103782, 0.73867421]"
GUNACCESS_W26,socioeco,inferred,high,,5,"[0.06635549, 0.02980929, 0.15345941, 0.75037583]"
GUNACTIVITYA_W26,socioeco,inferred,low,,5,"[0.50881383, 0.03414407, 0.05166538, 0.40537667]"
GUNACTIVITYA_W26,socioeco,inferred,high,,5,"[0.66206715, 0.03697731, 0.05185881, 0.24909673]"
GUNACTIVITYB_W26,socioeco,inferred,low,,5,"[0.21646717, 0.04417294, 0.06167202, 0.67768789]"
GUNACTIVITYB_W26,socioeco,inferred,high,,5,"[0.42443007, 0.05615504, 0.04644138, 0.47297352]"
GUNCONTRIBA_W26,socioeco,inferred,low,,5,"[0.35982089, 0.05204594, 0.1470468, 0.44108637]"
GUNCONTRIBA_W26,socioeco,inferred,high,,5,"[0.44599945, 0.05221989, 0.15754755, 0.3442331]"
GUNCONTRIBC_W26,socioeco,inferred,low,,5,"[0.32965574, 0.06178059, 0.41573384, 0.19282983]"
GUNCONTRIBC_W26,socioeco,inferred,high,,5,"[0.30798011, 0.08559539, 0.41624988, 0.19017462]"
GUNCONTRIBE_W26,socioeco,inferred,low,,5,"[0.16536124, 0.0287682, 0.47112675, 0.3347438]"
GUNCONTRIBE_W26,socioeco,inferred,high,,5,"[0.16235019, 0.04252158, 0.47510297, 0.32002527]"
GUNCONTRIBF_W26,socioeco,inferred,low,,5,"[0.2386009, 0.04499456, 0.41283606, 0.30356851]"
GUNCONTRIBF_W26,socioeco,inferred,high,,5,"[0.2569085, 0.06478287, 0.49030223, 0.1880064]"
GUNFRIEND_W26,socioeco,inferred,low,,5,"[0.20536712, 0.09748361, 0.21021759, 0.48693166]"
GUNFRIEND_W26,socioeco,inferred,high,,5,"[0.3677, 0.09238167, 0.16017541, 0.3797429]"
GUNIDENTITY_W26,socioeco,inferred,low,,5,"[0.05264092, 0.04620446, 0.13128819, 0.76986643]"
GUNIDENTITY_W26,socioeco,inferred,high,,5,"[0.11667346, 0.05502971, 0.14394918, 0.68434764]"
GUNLOADED1_W26,socioeco,inferred,low,,5,"[0.28978264, 0.14232394, 0.56789343]"
GUNLOADED1_W26,socioeco,inferred,high,,5,"[0.32612681, 0.14611333, 0.52775986]"
GUNLOADED2_W26,socioeco,inferred,low,,5,"[0.77364699, 0.22635302]"
GUNLOADED2_W26,socioeco,inferred,high,,5,"[0.80947595, 0.19052407]"
GUNLOCKED1_W26,socioeco,inferred,low,,5,"[0.31001735, 0.18483807, 0.50514457]"
GUNLOCKED1_W26,socioeco,inferred,high,,5,"[0.36009122, 0.200966, 0.43894276]"
GUNLOCKED2_W26,socioeco,inferred,low,,5,"[0.69330027, 0.30669972]"
GUNLOCKED2_W26,socioeco,inferred,high,,5,"[0.71192947, 0.28807052]"
GUNRESPKIDSD_W26,socioeco,inferred,low,,5,"[0.52193293, 0.09237359, 0.16562701, 0.22006645]"
GUNRESPKIDSD_W26,socioeco,inferred,high,,5,"[0.43914343, 0.14284349, 0.16617855, 0.25183454]"
GUNRESPKIDSE_W26,socioeco,inferred,low,,5,"[0.60798162, 0.10820657, 0.11003193, 0.17377986]"
GUNRESPKIDSE_W26,socioeco,inferred,high,,5,"[0.50843089, 0.15644265, 0.12918816, 0.20593829]"
GUNRESPNOKIDSA_W26,socioeco,inferred,low,,5,"[0.54493157, 0.07648936, 0.15111312, 0.22746591]"
GUNRESPNOKIDSA_W26,socioeco,inferred,high,,5,"[0.49422731, 0.10181772, 0.15467732, 0.24927767]"
GUNRESPNOKIDSB_W26,socioeco,inferred,low,,5,"[0.4220665, 0.09136289, 0.19058697, 0.29598366]"
GUNRESPNOKIDSB_W26,socioeco,inferred,high,,5,"[0.39086064, 0.1058978, 0.18323234, 0.32000921]"
GUNRESPNOKIDSC_W26,socioeco,inferred,low,,5,"[0.49027186, 0.04635484, 0.18480651, 0.27856681]"
GUNRESPNOKIDSC_W26,socioeco,inferred,high,,5,"[0.44562806, 0.0887694, 0.20122662, 0.2643759]"
GUNRESPNOKIDSD_W26,socioeco,inferred,low,,5,"[0.45187681, 0.10050025, 0.29753938, 0.15008355]"
GUNRESPNOKIDSD_W26,socioeco,inferred,high,,5,"[0.3761699, 0.13894202, 0.30354515, 0.1813429]"
GUNRESPNOKIDSE_W26,socioeco,inferred,low,,5,"[0.54396169, 0.09485747, 0.21811284, 0.14306802]"
GUNRESPNOKIDSE_W26,socioeco,inferred,high,,5,"[0.4140965, 0.14384172, 0.26848878, 0.17357298]"
GUNRESPNOKIDSF_W26,socioeco,inferred,low,,5,"[0.56304094, 0.09153626, 0.16557838, 0.17984444]"
GUNRESPNOKIDSF_W26,socioeco,inferred,high,,5,"[0.45112378, 0.15800331, 0.18043213, 0.21044076]"
GUNSAFETYKIDS_W26,socioeco,inferred,low,,5,"[0.66367977, 0.28481607, 0.05150418]"
GUNSAFETYKIDS_W26,socioeco,inferred,high,,5,"[0.79326913, 0.17554633, 0.03118456]"
GUNSAFE_W26,socioeco,inferred,low,,5,"[0.57787457, 0.10041567, 0.32170978]"
GUNSAFE_W26,socioeco,inferred,high,,5,"[0.66745184, 0.09297389, 0.23957428]"
GUNTYPEOWNC_W26,socioeco,inferred,low,,5,"[0.26233301, 0.24418638, 0.4934806]"
GUNTYPEOWNC_W26,socioeco,inferred,high,,5,"[0.35884503, 0.24827796, 0.39287702]"
IMPREASONGUN_W26,socioeco,inferred,low,,5,"[0.00550096, 0.00931255, 0.01679658, 0.96374061, 0.00464928]"
IMPREASONGUN_W26,socioeco,inferred,high,,5,"[0.01631049, 0.02149143, 0.035391, 0.91145774, 0.01534928]"
NOCARRYGUN_W26,socioeco,inferred,low,,5,"[0.92428751, 0.0757125]"
NOCARRYGUN_W26,socioeco,inferred,high,,5,"[0.9415241, 0.05847593]"
REASONGUNA_W26,socioeco,inferred,low,,5,"[0.25366815, 0.15366314, 0.59266869]"
REASONGUNA_W26,socioeco,inferred,high,,5,"[0.34455176, 0.11338169, 0.54206657]"
REASONGUNB_W26,socioeco,inferred,low,,5,"[0.14807341, 0.04923098, 0.80269561]"
REASONGUNB_W26,socioeco,inferred,high,,5,"[0.1910509, 0.03676666, 0.77218245]"
REASONGUNC_W26,socioeco,inferred,low,,5,"[0.13788292, 0.04108001, 0.82103708]"
REASONGUNC_W26,socioeco,inferred,high,,5,"[0.17582064, 0.03336021, 0.79081915]"
REASONGUND_W26,socioeco,inferred,low,,5,"[0.18922622, 0.14611504, 0.66465875]"
REASONGUND_W26,socioeco,inferred,high,,5,"[0.21905983, 0.09982337, 0.68111684]"
REASONGUNE_W26,socioeco,inferred,low,,5,"[0.18830557, 0.18269883, 0.6289956]"
REASONGUNE_W26,socioeco,inferred,high,,5,"[0.22693185, 0.13893999, 0.63412816]"
SHOOTFREQ_W26,socioeco,inferred,low,,5,"[0.10153666, 0.03859647, 0.04173077, 0.81813611]"
SHOOTFREQ_W26,socioeco,inferred,high,,5,"[0.2194403, 0.05272847, 0.05453185, 0.67329938]"
WORRYB_W26,socioeco,inferred,low,,5,"[0.17534546, 0.16052832, 0.66412624]"
WORRYB_W26,socioeco,inferred,high,,5,"[0.1833514, 0.19765989, 0.61898868]"
WORRYD_W26,socioeco,inferred,low,,5,"[0.36381425, 0.10190751, 0.53427827]"
WORRYD_W26,socioeco,inferred,high,,5,"[0.30366443, 0.19732916, 0.49900641]"
WORRYE_W26,socioeco,inferred,low,,5,"[0.19249844, 0.18138748, 0.62611409]"
WORRYE_W26,socioeco,inferred,high,,5,"[0.14689487, 0.24894401, 0.60416112]"
WORRYF_W26,socioeco,inferred,low,,5,"[0.21667917, 0.25228805, 0.5310328]"
WORRYF_W26,socioeco,inferred,high,,5,"[0.21069463, 0.27544963, 0.51385573]"
BOYSF1B_W29,socioeco,inferred,low,,5,"[0.5698848, 0.03836132, 0.39175389]"
BOYSF1B_W29,socioeco,inferred,high,,5,"[0.66823439, 0.03660528, 0.29516032]"
FAVORS_CPS_W29,socioeco,inferred,low,,5,"[0.41044181, 0.01713287, 0.18576202, 0.35252191, 0.01406759, 0.02007379]"
FAVORS_CPS_W29,socioeco,inferred,high,,5,"[0.45899973, 0.0234497, 0.22796703, 0.25723901, 0.01219982, 0.02014476]"
FEM2_W29,socioeco,inferred,low,,5,"[0.03887354, 0.03069938, 0.17614713, 0.75427997]"
FEM2_W29,socioeco,inferred,high,,5,"[0.03079986, 0.02760893, 0.14652044, 0.79507077]"
GIRLSF2C_W29,socioeco,inferred,low,,5,"[0.56206334, 0.04886583, 0.38907084]"
GIRLSF2C_W29,socioeco,inferred,high,,5,"[0.6757686, 0.03845805, 0.28577339]"
GIRLSF2D_W29,socioeco,inferred,low,,5,"[0.5084852, 0.0386807, 0.45283411]"
GIRLSF2D_W29,socioeco,inferred,high,,5,"[0.68925856, 0.03442055, 0.27632089]"
GOPDIRCT_W29,socioeco,inferred,low,,5,"[0.02320628, 0.00926503, 0.03245196, 0.93507673]"
GOPDIRCT_W29,socioeco,inferred,high,,5,"[0.17919851, 0.03153521, 0.05467283, 0.73459341]"
HOOD_NHISB_W29,socioeco,inferred,low,,5,"[0.11424231, 0.0219331, 0.25640084, 0.60742375]"
HOOD_NHISB_W29,socioeco,inferred,high,,5,"[0.18337962, 0.03455026, 0.34838084, 0.43368928]"
LOCALELECT_W29,socioeco,inferred,low,,5,"[0.55424427, 0.01092133, 0.07471531, 0.36011909]"
LOCALELECT_W29,socioeco,inferred,high,,5,"[0.67705703, 0.01510786, 0.10661353, 0.20122156]"
MAN1A_W29,socioeco,inferred,low,,5,"[0.11025491, 0.03925585, 0.23310318, 0.61738608]"
MAN1A_W29,socioeco,inferred,high,,5,"[0.25047985, 0.09070446, 0.38408992, 0.2747258]"
MAN1B_W29,socioeco,inferred,low,,5,"[0.13613221, 0.09366647, 0.27041827, 0.49978303]"
MAN1B_W29,socioeco,inferred,high,,5,"[0.13930143, 0.10027686, 0.25202827, 0.50839345]"
MAN1C_W29,socioeco,inferred,low,,5,"[0.0555353, 0.01869473, 0.19779228, 0.72797768]"
MAN1C_W29,socioeco,inferred,high,,5,"[0.06776791, 0.02541615, 0.21681526, 0.69000069]"
MAN1D_W29,socioeco,inferred,low,,5,"[0.08738565, 0.06172065, 0.15067621, 0.70021749]"
MAN1D_W29,socioeco,inferred,high,,5,"[0.1140963, 0.07880932, 0.17472099, 0.63237342]"
MAN1E_W29,socioeco,inferred,low,,5,"[0.14235515, 0.05164431, 0.43414744, 0.37185312]"
MAN1E_W29,socioeco,inferred,high,,5,"[0.22093987, 0.08466376, 0.53210664, 0.1622897]"
MASC2_W29,socioeco,inferred,low,,5,"[0.06417895, 0.03733483, 0.15257608, 0.74591014]"
MASC2_W29,socioeco,inferred,high,,5,"[0.05882008, 0.04204811, 0.14211675, 0.75701507]"
S12_W29,socioeco,inferred,low,,5,"[0.53920558, 0.0148099, 0.15028309, 0.26411571, 0.01470416, 0.01688156]"
S12_W29,socioeco,inferred,high,,5,"[0.56006915, 0.01993289, 0.18020595, 0.20724631, 0.01424434, 0.01830133]"
S13_W29,socioeco,inferred,low,,5,"[0.41205506, 0.0129379, 0.30106113, 0.22871852, 0.03784145, 0.00738597]"
S13_W29,socioeco,inferred,high,,5,"[0.46747605, 0.01469963, 0.28063848, 0.1868731, 0.04138185, 0.00893089]"
SEENFEM_W29,socioeco,inferred,low,,5,"[0.06327682, 0.04816813, 0.12717883, 0.76137619]"
SEENFEM_W29,socioeco,inferred,high,,5,"[0.05044515, 0.05774523, 0.10448849, 0.78732111]"
SEENMASC_W29,socioeco,inferred,low,,5,"[0.09378934, 0.04752963, 0.11636139, 0.74231964]"
SEENMASC_W29,socioeco,inferred,high,,5,"[0.07863742, 0.07641748, 0.1202835, 0.7246616]"
TALK_CPS_W29,socioeco,inferred,low,,5,"[0.46060816, 0.01749906, 0.14867359, 0.31787646, 0.03315604, 0.02218668]"
TALK_CPS_W29,socioeco,inferred,high,,5,"[0.42545139, 0.02450147, 0.20152465, 0.2873239, 0.03753416, 0.02366446]"
WORRYBILL_W29,socioeco,inferred,low,,5,"[0.45881669, 0.02549033, 0.19056403, 0.32512897]"
WORRYBILL_W29,socioeco,inferred,high,,5,"[0.5288167, 0.03937531, 0.22139799, 0.21040998]"
CLASS_W32,socioeco,inferred,low,,5,"[0.10125681, 0.05566698, 0.39005352, 0.42457074, 0.02845194]"
CLASS_W32,socioeco,inferred,high,,5,"[0.25215032, 0.06330634, 0.38281558, 0.27894877, 0.02277899]"
COMMIMPA_W32,socioeco,inferred,low,,5,"[0.55586097, 0.0036353, 0.14333881, 0.29716494]"
COMMIMPA_W32,socioeco,inferred,high,,5,"[0.57434992, 0.00544501, 0.18260545, 0.23759962]"
COMMIMPB_W32,socioeco,inferred,low,,5,"[0.70784938, 0.00477808, 0.10857295, 0.17879961]"
COMMIMPB_W32,socioeco,inferred,high,,5,"[0.7401466, 0.00714088, 0.12890645, 0.12380604]"
COMMIMPC_W32,socioeco,inferred,low,,5,"[0.7238499, 0.00563392, 0.03727149, 0.23324468]"
COMMIMPC_W32,socioeco,inferred,high,,5,"[0.77538676, 0.01166679, 0.05389204, 0.15905443]"
COMMIMPF_W32,socioeco,inferred,low,,5,"[0.55964381, 0.00596245, 0.20741609, 0.22697767]"
COMMIMPF_W32,socioeco,inferred,high,,5,"[0.54347646, 0.00876758, 0.26098932, 0.18676664]"
COMMIMPG_W32,socioeco,inferred,low,,5,"[0.5960753, 0.00521022, 0.1509591, 0.24775539]"
COMMIMPG_W32,socioeco,inferred,high,,5,"[0.57591562, 0.00775391, 0.20737706, 0.20895339]"
COMMIMPH_W32,socioeco,inferred,low,,5,"[0.22589192, 0.01133581, 0.04098644, 0.72178585]"
COMMIMPH_W32,socioeco,inferred,high,,5,"[0.10577427, 0.02871848, 0.04852617, 0.81698108]"
COMMYRS_W32,socioeco,inferred,low,,5,"[0.24116182, 0.04142199, 0.22280035, 0.48071367, 0.01390218]"
COMMYRS_W32,socioeco,inferred,high,,5,"[0.28179657, 0.03656599, 0.20585789, 0.46648604, 0.00929351]"
ETHNCMAJ_W32,socioeco,inferred,low,,5,"[0.08603436, 0.08272634, 0.83123934]"
ETHNCMAJ_W32,socioeco,inferred,high,,5,"[0.08969534, 0.10043491, 0.80986974]"
GAYMARR2_W32,socioeco,inferred,low,,5,"[0.10844749, 0.01309994, 0.08478718, 0.79366539]"
GAYMARR2_W32,socioeco,inferred,high,,5,"[0.17606569, 0.01885301, 0.10597837, 0.69910295]"
HARASS2F1_W32,socioeco,inferred,low,,5,"[0.15607548, 0.08254856, 0.76137596]"
HARASS2F1_W32,socioeco,inferred,high,,5,"[0.1943364, 0.13302359, 0.67264004]"
IMMIMPACT_W32,socioeco,inferred,low,,5,"[0.13349804, 0.15831124, 0.70819072]"
IMMIMPACT_W32,socioeco,inferred,high,,5,"[0.13046622, 0.17441308, 0.69512069]"
MOVERURAL_W32,socioeco,inferred,low,,5,"[0.67250654, 0.02674694, 0.30074659]"
MOVERURAL_W32,socioeco,inferred,high,,5,"[0.73507031, 0.02867601, 0.23625364]"
MOVESUBURB_W32,socioeco,inferred,low,,5,"[0.65054733, 0.02850678, 0.3209459]"
MOVESUBURB_W32,socioeco,inferred,high,,5,"[0.73963301, 0.03347566, 0.22689132]"
MOVEURBAN_W32,socioeco,inferred,low,,5,"[0.62647667, 0.02757214, 0.3459512]"
MOVEURBAN_W32,socioeco,inferred,high,,5,"[0.72471197, 0.03268092, 0.24260712]"
NEIGHINTERA_W32,socioeco,inferred,low,,5,"[0.37729938, 0.01111226, 0.22324793, 0.33361964, 0.018864, 0.03585679]"
NEIGHINTERA_W32,socioeco,inferred,high,,5,"[0.42114677, 0.01649587, 0.29810942, 0.21320832, 0.01635318, 0.03468641]"
NEIGHINTERB_W32,socioeco,inferred,low,,5,"[0.34852502, 0.00760548, 0.30781404, 0.29042536, 0.02116743, 0.0244627]"
NEIGHINTERB_W32,socioeco,inferred,high,,5,"[0.4030581, 0.01117272, 0.37064579, 0.17254865, 0.01849007, 0.02408466]"
NEIGHKIDS_W32,socioeco,inferred,low,,5,"[0.74512486, 0.21151091, 0.04336423]"
NEIGHKIDS_W32,socioeco,inferred,high,,5,"[0.78785691, 0.17948239, 0.03266069]"
NEIGHSAMEA_W32,socioeco,inferred,low,,5,"[0.03104063, 0.01676951, 0.14184094, 0.79848459, 0.0118643]"
NEIGHSAMEA_W32,socioeco,inferred,high,,5,"[0.02692756, 0.01659729, 0.11165015, 0.83160321, 0.0132218]"
SATLIFED_W32,socioeco,inferred,low,,5,"[0.50802524, 0.01119822, 0.2674878, 0.21328872]"
SATLIFED_W32,socioeco,inferred,high,,5,"[0.56892517, 0.01384106, 0.27405009, 0.14318369]"
SOCTRUST2_W32,socioeco,inferred,low,,5,"[0.37266639, 0.62733362]"
SOCTRUST2_W32,socioeco,inferred,high,,5,"[0.39574209, 0.60425792]"
VALUERURAL_W32,socioeco,inferred,low,,5,"[0.24865462, 0.055797, 0.48259995, 0.21294843]"
VALUERURAL_W32,socioeco,inferred,high,,5,"[0.38996316, 0.08726333, 0.3906676, 0.13210589]"
WHADVANT_W32,socioeco,inferred,low,,5,"[0.0965488, 0.0650345, 0.49253045, 0.34588626]"
WHADVANT_W32,socioeco,inferred,high,,5,"[0.10724861, 0.07107747, 0.47167881, 0.34999511]"
WILLMOVE_W32,socioeco,inferred,low,,5,"[0.67868133, 0.009254, 0.08924436, 0.2228203]"
WILLMOVE_W32,socioeco,inferred,high,,5,"[0.76564951, 0.00987152, 0.14052912, 0.08394984]"
EAT1_W34,socioeco,inferred,low,,5,"[0.4544913, 0.01342527, 0.23417507, 0.28334056, 0.01456781]"
EAT1_W34,socioeco,inferred,high,,5,"[0.5408429, 0.01669498, 0.25711592, 0.17822954, 0.00711666]"
EAT2_W34,socioeco,inferred,low,,5,"[0.47548572, 0.0126463, 0.24634985, 0.25188912, 0.013629]"
EAT2_W34,socioeco,inferred,high,,5,"[0.49859653, 0.01536931, 0.29147081, 0.18488061, 0.0096827]"
EAT5B_W34,socioeco,inferred,low,,5,"[0.31898696, 0.0543023, 0.45101679, 0.17569397]"
EAT5B_W34,socioeco,inferred,high,,5,"[0.21837763, 0.08365689, 0.51485856, 0.18310695]"
EAT5C_W34,socioeco,inferred,low,,5,"[0.25122365, 0.06402164, 0.5738653, 0.11088937]"
EAT5C_W34,socioeco,inferred,high,,5,"[0.22046102, 0.10070229, 0.5689849, 0.10985179]"
EAT5D_W34,socioeco,inferred,low,,5,"[0.24026796, 0.06534824, 0.56020081, 0.134183]"
EAT5D_W34,socioeco,inferred,high,,5,"[0.19442018, 0.10652168, 0.55344862, 0.14560952]"
EVOBIOA_W34,socioeco,inferred,low,,5,"[0.68831438, 0.03658947, 0.27509617]"
EVOBIOA_W34,socioeco,inferred,high,,5,"[0.68133899, 0.04963911, 0.2690219]"
EVOBIOB_W34,socioeco,inferred,low,,5,"[0.96899134, 0.03100868]"
EVOBIOB_W34,socioeco,inferred,high,,5,"[0.9595913, 0.0404087]"
EVOPERS3_W34,socioeco,inferred,low,,5,"[0.76038792, 0.03975313, 0.19985893]"
EVOPERS3_W34,socioeco,inferred,high,,5,"[0.81300821, 0.03456663, 0.15242517]"
EVOTHREE_W34,socioeco,inferred,low,,5,"[0.91623646, 0.08376354]"
EVOTHREE_W34,socioeco,inferred,high,,5,"[0.90677441, 0.0932256]"
FUD22_W34,socioeco,inferred,low,,5,"[0.65876326, 0.03730754, 0.11513296, 0.18879625]"
FUD22_W34,socioeco,inferred,high,,5,"[0.75020218, 0.04975445, 0.09529654, 0.10474683]"
FUD24_W34,socioeco,inferred,low,,5,"[0.47759674, 0.02474032, 0.49766294]"
FUD24_W34,socioeco,inferred,high,,5,"[0.43794774, 0.06567922, 0.49637305]"
FUD33B_W34,socioeco,inferred,low,,5,"[0.29509122, 0.03133076, 0.67357801]"
FUD33B_W34,socioeco,inferred,high,,5,"[0.32890479, 0.03167305, 0.63942218]"
FUD35_W34,socioeco,inferred,low,,5,"[0.44890008, 0.01539212, 0.15406887, 0.38163892]"
FUD35_W34,socioeco,inferred,high,,5,"[0.60132135, 0.01365187, 0.20419416, 0.18083261]"
FUD37A_W34,socioeco,inferred,low,,5,"[0.79182911, 0.01655323, 0.06972282, 0.12189486]"
FUD37A_W34,socioeco,inferred,high,,5,"[0.88160378, 0.02406034, 0.05504817, 0.03928771]"
FUD37B_W34,socioeco,inferred,low,,5,"[0.4783173, 0.03169586, 0.27848588, 0.211501]"
FUD37B_W34,socioeco,inferred,high,,5,"[0.45799168, 0.04975222, 0.34478632, 0.14746976]"
FUD37C_W34,socioeco,inferred,low,,5,"[0.76456311, 0.02147884, 0.1144641, 0.09949394]"
FUD37C_W34,socioeco,inferred,high,,5,"[0.77626592, 0.03675996, 0.12794428, 0.05902982]"
BETTERBIZ1F2D_W36,socioeco,inferred,low,,5,"[0.28688312, 0.11919693, 0.59391998]"
BETTERBIZ1F2D_W36,socioeco,inferred,high,,5,"[0.45846354, 0.09650843, 0.44502804]"
BETTERBIZ1F2E_W36,socioeco,inferred,low,,5,"[0.32202472, 0.18863249, 0.48934278]"
BETTERBIZ1F2E_W36,socioeco,inferred,high,,5,"[0.39273784, 0.17504514, 0.432217]"
BETTERBIZ1F2H_W36,socioeco,inferred,low,,5,"[0.3203081, 0.12558557, 0.55410633]"
BETTERBIZ1F2H_W36,socioeco,inferred,high,,5,"[0.46987786, 0.10186272, 0.42825942]"
BETTERBIZ2F2C_W36,socioeco,inferred,low,,5,"[0.15620603, 0.10273388, 0.74106007]"
BETTERBIZ2F2C_W36,socioeco,inferred,high,,5,"[0.18328709, 0.12398411, 0.69272883]"
BETTERBIZ2F2E_W36,socioeco,inferred,low,,5,"[0.1440341, 0.12021723, 0.73574867]"
BETTERBIZ2F2E_W36,socioeco,inferred,high,,5,"[0.1609647, 0.14863204, 0.69040327]"
BETTERBIZ2F2F_W36,socioeco,inferred,low,,5,"[0.18833472, 0.12522593, 0.68643936]"
BETTERBIZ2F2F_W36,socioeco,inferred,high,,5,"[0.2215476, 0.1519502, 0.62650219]"
BETTERPOL1F1B_W36,socioeco,inferred,low,,5,"[0.19691922, 0.14769581, 0.65538498]"
BETTERPOL1F1B_W36,socioeco,inferred,high,,5,"[0.22162511, 0.14552979, 0.63284509]"
BETTERPOL1F1E_W36,socioeco,inferred,low,,5,"[0.25314986, 0.18346846, 0.56338169]"
BETTERPOL1F1E_W36,socioeco,inferred,high,,5,"[0.27627877, 0.18642344, 0.53729779]"
BETTERPOL1F1I_W36,socioeco,inferred,low,,5,"[0.30755594, 0.19085178, 0.50159227]"
BETTERPOL1F1I_W36,socioeco,inferred,high,,5,"[0.32496824, 0.2318078, 0.44322398]"
BETTERPOL2F1A_W36,socioeco,inferred,low,,5,"[0.19229207, 0.08555726, 0.72215064]"
BETTERPOL2F1A_W36,socioeco,inferred,high,,5,"[0.23632076, 0.0921807, 0.67149854]"
BETTERPOL2F1C_W36,socioeco,inferred,low,,5,"[0.13645523, 0.10946675, 0.75407804]"
BETTERPOL2F1C_W36,socioeco,inferred,high,,5,"[0.17767491, 0.13582183, 0.68650328]"
BETTERPOL2F1D_W36,socioeco,inferred,low,,5,"[0.19637467, 0.13324051, 0.67038483]"
BETTERPOL2F1D_W36,socioeco,inferred,high,,5,"[0.22303771, 0.13538898, 0.6415733]"
BETTERPOL2F1F_W36,socioeco,inferred,low,,5,"[0.08876917, 0.06361683, 0.84761403]"
BETTERPOL2F1F_W36,socioeco,inferred,high,,5,"[0.12145927, 0.09082691, 0.78771378]"
E5_W36,socioeco,inferred,low,,5,"[0.64181745, 0.00864119, 0.3495414]"
E5_W36,socioeco,inferred,high,,5,"[0.77767218, 0.00616168, 0.21616615]"
ESSENBIZF2E_W36,socioeco,inferred,low,,5,"[0.54021545, 0.01578442, 0.44400014]"
ESSENBIZF2E_W36,socioeco,inferred,high,,5,"[0.39774654, 0.02215805, 0.5800954]"
ESSENBIZF2J_W36,socioeco,inferred,low,,5,"[0.54258271, 0.01127165, 0.44614564]"
ESSENBIZF2J_W36,socioeco,inferred,high,,5,"[0.38827293, 0.01294804, 0.59877907]"
ESSENPOLF1A_W36,socioeco,inferred,low,,5,"[0.78399761, 0.00807682, 0.20792558]"
ESSENPOLF1A_W36,socioeco,inferred,high,,5,"[0.68509444, 0.01131278, 0.30359278]"
ESSENPOLF1B_W36,socioeco,inferred,low,,5,"[0.74825256, 0.00826187, 0.24348556]"
ESSENPOLF1B_W36,socioeco,inferred,high,,5,"[0.65000295, 0.01253762, 0.33745943]"
ESSENPOLF1D_W36,socioeco,inferred,low,,5,"[0.78749253, 0.00999619, 0.20251127]"
ESSENPOLF1D_W36,socioeco,inferred,high,,5,"[0.71585504, 0.01384003, 0.27030491]"
ESSENPOLF1G_W36,socioeco,inferred,low,,5,"[0.75697684, 0.01167943, 0.23134374]"
ESSENPOLF1G_W36,socioeco,inferred,high,,5,"[0.72300676, 0.01649466, 0.26049859]"
ESSENPOLF1H_W36,socioeco,inferred,low,,5,"[0.76389523, 0.01037566, 0.22572912]"
ESSENPOLF1H_W36,socioeco,inferred,high,,5,"[0.61793148, 0.01482171, 0.3672468]"
HIGHEDWRNGB_W36,socioeco,inferred,low,,5,"[0.31324901, 0.02331807, 0.66343292]"
HIGHEDWRNGB_W36,socioeco,inferred,high,,5,"[0.34737789, 0.02909423, 0.62352787]"
HIGHEDWRNGC_W36,socioeco,inferred,low,,5,"[0.21398506, 0.03016972, 0.75584524]"
HIGHEDWRNGC_W36,socioeco,inferred,high,,5,"[0.23867765, 0.03840054, 0.72292184]"
IMPROVE1_W36,socioeco,inferred,low,,5,"[0.75895757, 0.03907923, 0.11421302, 0.08775016]"
IMPROVE1_W36,socioeco,inferred,high,,5,"[0.68220469, 0.06746867, 0.18885484, 0.06147178]"
IMPROVE2_W36,socioeco,inferred,low,,5,"[0.06749516, 0.01866481, 0.24890965, 0.66493037]"
IMPROVE2_W36,socioeco,inferred,high,,5,"[0.10009445, 0.02448585, 0.29710837, 0.57831134]"
IMPROVE3_W36,socioeco,inferred,low,,5,"[0.58014538, 0.05866882, 0.18213386, 0.17905194]"
IMPROVE3_W36,socioeco,inferred,high,,5,"[0.55780895, 0.08567488, 0.24806938, 0.10844681]"
MOREWMN1F2_W36,socioeco,inferred,low,,5,"[0.20780176, 0.0577926, 0.73440565]"
MOREWMN1F2_W36,socioeco,inferred,high,,5,"[0.32661245, 0.06834078, 0.60504672]"
POLCHF1_W36,socioeco,inferred,low,,5,"[0.11831176, 0.14267209, 0.73901614]"
POLCHF1_W36,socioeco,inferred,high,,5,"[0.10773599, 0.13109974, 0.76116427]"
TRAITBIZMF2C_W36,socioeco,inferred,low,,5,"[0.32755495, 0.07638287, 0.5960622]"
TRAITBIZMF2C_W36,socioeco,inferred,high,,5,"[0.29889773, 0.10772107, 0.59338123]"
TRAITBIZMF2D_W36,socioeco,inferred,low,,5,"[0.22723146, 0.08219224, 0.69057631]"
TRAITBIZMF2D_W36,socioeco,inferred,high,,5,"[0.27606975, 0.12026204, 0.60366822]"
TRAITBIZMF2E_W36,socioeco,inferred,low,,5,"[0.14815767, 0.08606621, 0.76577613]"
TRAITBIZMF2E_W36,socioeco,inferred,high,,5,"[0.18439637, 0.12456525, 0.69103837]"
TRAITBIZMF2G_W36,socioeco,inferred,low,,5,"[0.2130945, 0.11909097, 0.66781456]"
TRAITBIZMF2G_W36,socioeco,inferred,high,,5,"[0.29208449, 0.13978131, 0.56813421]"
TRAITBIZWF2C_W36,socioeco,inferred,low,,5,"[0.15470015, 0.06658806, 0.77871178]"
TRAITBIZWF2C_W36,socioeco,inferred,high,,5,"[0.13505462, 0.0936238, 0.77132156]"
TRAITBIZWF2D_W36,socioeco,inferred,low,,5,"[0.20325815, 0.06335367, 0.73338817]"
TRAITBIZWF2D_W36,socioeco,inferred,high,,5,"[0.16985761, 0.05107136, 0.77907105]"
TRAITBIZWF2E_W36,socioeco,inferred,low,,5,"[0.11973409, 0.05699438, 0.82327151]"
TRAITBIZWF2E_W36,socioeco,inferred,high,,5,"[0.09874393, 0.05119172, 0.85006437]"
TRAITBIZWF2G_W36,socioeco,inferred,low,,5,"[0.10227764, 0.09953005, 0.79819233]"
TRAITBIZWF2G_W36,socioeco,inferred,high,,5,"[0.12073491, 0.10731483, 0.7719503]"
TRAITPOLMF1B_W36,socioeco,inferred,low,,5,"[0.29004552, 0.0595227, 0.65043176]"
TRAITPOLMF1B_W36,socioeco,inferred,high,,5,"[0.31397439, 0.07761335, 0.60841226]"
TRAITPOLMF1C_W36,socioeco,inferred,low,,5,"[0.40287011, 0.06971013, 0.52741977]"
TRAITPOLMF1C_W36,socioeco,inferred,high,,5,"[0.39438698, 0.09138099, 0.51423204]"
TRAITPOLMF1D_W36,socioeco,inferred,low,,5,"[0.2546237, 0.05412234, 0.69125396]"
TRAITPOLMF1D_W36,socioeco,inferred,high,,5,"[0.39548956, 0.08126374, 0.52324669]"
TRAITPOLMF1E_W36,socioeco,inferred,low,,5,"[0.13038086, 0.05595815, 0.81366105]"
TRAITPOLMF1E_W36,socioeco,inferred,high,,5,"[0.2501994, 0.07416309, 0.67563752]"
TRAITPOLMF1F_W36,socioeco,inferred,low,,5,"[0.37455341, 0.0813555, 0.54409107]"
TRAITPOLMF1F_W36,socioeco,inferred,high,,5,"[0.3556443, 0.10987484, 0.53448085]"
TRAITPOLMF1G_W36,socioeco,inferred,low,,5,"[0.17188797, 0.0928678, 0.73524425]"
TRAITPOLMF1G_W36,socioeco,inferred,high,,5,"[0.22549433, 0.10866144, 0.66584424]"
TRAITPOLWF1A_W36,socioeco,inferred,low,,5,"[0.16847999, 0.04620269, 0.78531735]"
TRAITPOLWF1A_W36,socioeco,inferred,high,,5,"[0.18648643, 0.0361058, 0.77740779]"
TRAITPOLWF1C_W36,socioeco,inferred,low,,5,"[0.26733334, 0.05582352, 0.67684313]"
TRAITPOLWF1C_W36,socioeco,inferred,high,,5,"[0.2282372, 0.06066144, 0.71110138]"
TRAITPOLWF1D_W36,socioeco,inferred,low,,5,"[0.17057041, 0.07145753, 0.75797207]"
TRAITPOLWF1D_W36,socioeco,inferred,high,,5,"[0.22228323, 0.04882409, 0.72889271]"
TRAITPOLWF1E_W36,socioeco,inferred,low,,5,"[0.15869564, 0.07594757, 0.7653568]"
TRAITPOLWF1E_W36,socioeco,inferred,high,,5,"[0.18884579, 0.05294785, 0.75820635]"
TRAITPOLWF1F_W36,socioeco,inferred,low,,5,"[0.11999012, 0.07583866, 0.80417124]"
TRAITPOLWF1F_W36,socioeco,inferred,high,,5,"[0.10348525, 0.06876964, 0.8277451]"
TRAITPOLWF1G_W36,socioeco,inferred,low,,5,"[0.08432011, 0.07199725, 0.84368265]"
TRAITPOLWF1G_W36,socioeco,inferred,high,,5,"[0.09806003, 0.08023391, 0.82170606]"
WHYNOTBIZF2A_W36,socioeco,inferred,low,,5,"[0.1374056, 0.08838892, 0.77420548]"
WHYNOTBIZF2A_W36,socioeco,inferred,high,,5,"[0.17606812, 0.12227084, 0.70166104]"
WHYNOTBIZF2B_W36,socioeco,inferred,low,,5,"[0.16699751, 0.09586408, 0.73713839]"
WHYNOTBIZF2B_W36,socioeco,inferred,high,,5,"[0.20761821, 0.13417554, 0.65820627]"
WHYNOTBIZF2D_W36,socioeco,inferred,low,,5,"[0.0749413, 0.1583249, 0.76673379]"
WHYNOTBIZF2D_W36,socioeco,inferred,high,,5,"[0.07501988, 0.15390675, 0.77107338]"
WHYNOTBIZF2F_W36,socioeco,inferred,low,,5,"[0.07469448, 0.13987833, 0.78542718]"
WHYNOTBIZF2F_W36,socioeco,inferred,high,,5,"[0.07881125, 0.14656263, 0.77462612]"
WHYNOTBIZF2G_W36,socioeco,inferred,low,,5,"[0.12144136, 0.06896189, 0.80959675]"
WHYNOTBIZF2G_W36,socioeco,inferred,high,,5,"[0.151578, 0.08665708, 0.76176492]"
WHYNOTBIZF2H_W36,socioeco,inferred,low,,5,"[0.13728733, 0.08817325, 0.77453945]"
WHYNOTBIZF2H_W36,socioeco,inferred,high,,5,"[0.17250636, 0.11475977, 0.71273385]"
WHYNOTBIZF2J_W36,socioeco,inferred,low,,5,"[0.23340797, 0.15935935, 0.60723266]"
WHYNOTBIZF2J_W36,socioeco,inferred,high,,5,"[0.25183838, 0.16463908, 0.58352252]"
WHYNOTBIZF2M_W36,socioeco,inferred,low,,5,"[0.19837659, 0.1286666, 0.67295682]"
WHYNOTBIZF2M_W36,socioeco,inferred,high,,5,"[0.23660711, 0.1520056, 0.61138729]"
WHYNOTBIZF2N_W36,socioeco,inferred,low,,5,"[0.09423843, 0.05722962, 0.84853195]"
WHYNOTBIZF2N_W36,socioeco,inferred,high,,5,"[0.11330682, 0.06925784, 0.81743535]"
WHYNOTBIZF2O_W36,socioeco,inferred,low,,5,"[0.0812437, 0.05859834, 0.86015794]"
WHYNOTBIZF2O_W36,socioeco,inferred,high,,5,"[0.08600572, 0.06113562, 0.85285869]"
WHYNOTPOLF1A_W36,socioeco,inferred,low,,5,"[0.07427822, 0.08129074, 0.84443102]"
WHYNOTPOLF1A_W36,socioeco,inferred,high,,5,"[0.07501886, 0.09190581, 0.83307532]"
WHYNOTPOLF1B_W36,socioeco,inferred,low,,5,"[0.27548611, 0.14018858, 0.58432534]"
WHYNOTPOLF1B_W36,socioeco,inferred,high,,5,"[0.36175164, 0.13466702, 0.50358132]"
WHYNOTPOLF1C_W36,socioeco,inferred,low,,5,"[0.44924465, 0.0799064, 0.47084896]"
WHYNOTPOLF1C_W36,socioeco,inferred,high,,5,"[0.50910108, 0.06864168, 0.42225724]"
WHYNOTPOLF1E_W36,socioeco,inferred,low,,5,"[0.17713948, 0.14550779, 0.6773527]"
WHYNOTPOLF1E_W36,socioeco,inferred,high,,5,"[0.20158901, 0.16005916, 0.63835182]"
WHYNOTPOLF1G_W36,socioeco,inferred,low,,5,"[0.25158964, 0.09628481, 0.65212557]"
WHYNOTPOLF1G_W36,socioeco,inferred,high,,5,"[0.34945898, 0.07605641, 0.57448461]"
WHYNOTPOLF1I_W36,socioeco,inferred,low,,5,"[0.16967949, 0.15162219, 0.6786983]"
WHYNOTPOLF1I_W36,socioeco,inferred,high,,5,"[0.20359517, 0.17225619, 0.62414862]"
WHYNOTPOLF1J_W36,socioeco,inferred,low,,5,"[0.17833489, 0.12192739, 0.69973772]"
WHYNOTPOLF1J_W36,socioeco,inferred,high,,5,"[0.20415007, 0.15166922, 0.6441807]"
WHYNOTPOLF1K_W36,socioeco,inferred,low,,5,"[0.05004124, 0.05761901, 0.89233973]"
WHYNOTPOLF1K_W36,socioeco,inferred,high,,5,"[0.05659221, 0.06519164, 0.87821616]"
WHYNOTPOLF1L_W36,socioeco,inferred,low,,5,"[0.0544434, 0.03492663, 0.91062993]"
WHYNOTPOLF1L_W36,socioeco,inferred,high,,5,"[0.04603494, 0.03576169, 0.91820339]"
WMNPRZ1_W36,socioeco,inferred,low,,5,"[0.12355083, 0.06912077, 0.19392285, 0.61340554]"
WMNPRZ1_W36,socioeco,inferred,high,,5,"[0.11888983, 0.10541261, 0.17960038, 0.59609717]"
AUTOLKLY_W41,socioeco,inferred,low,,5,"[0.05952625, 0.0398531, 0.63228794, 0.26833271]"
AUTOLKLY_W41,socioeco,inferred,high,,5,"[0.10866121, 0.07548912, 0.65114533, 0.16470433]"
AUTOWKPLC_W41,socioeco,inferred,low,,5,"[0.59636694, 0.09849729, 0.30513575]"
AUTOWKPLC_W41,socioeco,inferred,high,,5,"[0.64003881, 0.09788999, 0.26207119]"
ELDFINANCEF1_W41,socioeco,inferred,low,,5,"[0.90187168, 0.07574233, 0.02238596]"
ELDFINANCEF1_W41,socioeco,inferred,high,,5,"[0.86162916, 0.10515037, 0.03322045]"
ELDFINANCEF2_W41,socioeco,inferred,low,,5,"[0.8309938, 0.09723749, 0.07176873]"
ELDFINANCEF2_W41,socioeco,inferred,high,,5,"[0.73219617, 0.14744015, 0.12036366]"
ETHNCMAJMOD_W41,socioeco,inferred,low,,5,"[0.04287203, 0.03284594, 0.23651925, 0.6740822, 0.01368058]"
ETHNCMAJMOD_W41,socioeco,inferred,high,,5,"[0.03687382, 0.03133492, 0.20060172, 0.71638022, 0.01480932]"
FTRWORRYc_W41,socioeco,inferred,low,,5,"[0.56485912, 0.00502798, 0.09165546, 0.33845747]"
FTRWORRYc_W41,socioeco,inferred,high,,5,"[0.71992346, 0.00663119, 0.10125968, 0.17218566]"
FTRWORRYe_W41,socioeco,inferred,low,,5,"[0.38343514, 0.01161249, 0.11533662, 0.48961578]"
FTRWORRYe_W41,socioeco,inferred,high,,5,"[0.68247681, 0.01894132, 0.12463174, 0.17395015]"
FTRWORRYf_W41,socioeco,inferred,low,,5,"[0.70089685, 0.00567406, 0.06959467, 0.22383442]"
FTRWORRYf_W41,socioeco,inferred,high,,5,"[0.79976441, 0.00758551, 0.1080251, 0.08462498]"
FUTRCLASSb_W41,socioeco,inferred,low,,5,"[0.85718249, 0.07935332, 0.06346419]"
FUTRCLASSb_W41,socioeco,inferred,high,,5,"[0.80754317, 0.12505454, 0.06740229]"
FUTRCLASSc_W41,socioeco,inferred,low,,5,"[0.7899158, 0.08402393, 0.12606025]"
FUTRCLASSc_W41,socioeco,inferred,high,,5,"[0.79364524, 0.10911469, 0.09724007]"
FUTR_DIV_W41,socioeco,inferred,low,,5,"[0.55868068, 0.14757465, 0.29374466]"
FUTR_DIV_W41,socioeco,inferred,high,,5,"[0.54972637, 0.18949529, 0.26077837]"
GOVPRIOb_W41,socioeco,inferred,low,,5,"[0.22757825, 0.01975272, 0.36480063, 0.38786841]"
GOVPRIOb_W41,socioeco,inferred,high,,5,"[0.31943354, 0.03639891, 0.43246112, 0.21170639]"
GOVPRIOc_W41,socioeco,inferred,low,,5,"[0.40748823, 0.01916004, 0.20289083, 0.37046091]"
GOVPRIOc_W41,socioeco,inferred,high,,5,"[0.45196217, 0.03213298, 0.2681298, 0.24777503]"
GOVPRIOe_W41,socioeco,inferred,low,,5,"[0.23215589, 0.01726959, 0.32877574, 0.42179878]"
GOVPRIOe_W41,socioeco,inferred,high,,5,"[0.28546266, 0.02778695, 0.40745034, 0.27930006]"
GOVPRIOfF1_W41,socioeco,inferred,low,,5,"[0.35253498, 0.0443333, 0.23458407, 0.36854768]"
GOVPRIOfF1_W41,socioeco,inferred,high,,5,"[0.40408339, 0.07205891, 0.27573019, 0.2481275]"
GOVPRIOgF1_W41,socioeco,inferred,low,,5,"[0.06623761, 0.07292239, 0.53707491, 0.32376509]"
GOVPRIOgF1_W41,socioeco,inferred,high,,5,"[0.08387606, 0.08171055, 0.54219396, 0.29221941]"
GOVPRIOhF1_W41,socioeco,inferred,low,,5,"[0.1505182, 0.05709841, 0.27283823, 0.51954514]"
GOVPRIOhF1_W41,socioeco,inferred,high,,5,"[0.19153343, 0.06630548, 0.29241321, 0.44974785]"
GOVPRIOiF1_W41,socioeco,inferred,low,,5,"[0.36469365, 0.01858881, 0.31693079, 0.29978676]"
GOVPRIOiF1_W41,socioeco,inferred,high,,5,"[0.44418141, 0.03107374, 0.37696498, 0.14777986]"
GOVPRIOjF1_W41,socioeco,inferred,low,,5,"[0.17711761, 0.04312415, 0.39499573, 0.38476247]"
GOVPRIOjF1_W41,socioeco,inferred,high,,5,"[0.27372579, 0.06329974, 0.39404291, 0.26893157]"
GOVPRIOkF2_W41,socioeco,inferred,low,,5,"[0.16464954, 0.04317679, 0.34497089, 0.4472028]"
GOVPRIOkF2_W41,socioeco,inferred,high,,5,"[0.21522521, 0.0409321, 0.31736731, 0.42647536]"
GOVPRIOlF2_W41,socioeco,inferred,low,,5,"[0.07647732, 0.07428595, 0.41583415, 0.43340257]"
GOVPRIOlF2_W41,socioeco,inferred,high,,5,"[0.08411209, 0.08273675, 0.43752812, 0.39562311]"
GOVPRIOmF2_W41,socioeco,inferred,low,,5,"[0.29470871, 0.04007884, 0.29884704, 0.36636539]"
GOVPRIOmF2_W41,socioeco,inferred,high,,5,"[0.40276465, 0.06112404, 0.33987798, 0.19623333]"
GOVPRIOnF2_W41,socioeco,inferred,low,,5,"[0.29114918, 0.04297071, 0.28234612, 0.38353397]"
GOVPRIOnF2_W41,socioeco,inferred,high,,5,"[0.39989866, 0.06394652, 0.2815155, 0.25463931]"
GOVPRIOoF2_W41,socioeco,inferred,low,,5,"[0.23930823, 0.02152774, 0.32035803, 0.41880596]"
GOVPRIOoF2_W41,socioeco,inferred,high,,5,"[0.33377512, 0.03442651, 0.36572856, 0.2660698]"
HAPPEN2b_W41,socioeco,inferred,low,,5,"[0.21679174, 0.10146934, 0.52894999, 0.15278894]"
HAPPEN2b_W41,socioeco,inferred,high,,5,"[0.201552, 0.10548236, 0.5715381, 0.12142752]"
HAPPEN2f_W41,socioeco,inferred,low,,5,"[0.14201922, 0.0603901, 0.33905717, 0.45853356]"
HAPPEN2f_W41,socioeco,inferred,high,,5,"[0.09894317, 0.06026071, 0.20622433, 0.63457177]"
HARASS1F1b_W41,socioeco,inferred,low,,5,"[0.21353642, 0.1211323, 0.66533129]"
HARASS1F1b_W41,socioeco,inferred,high,,5,"[0.21122737, 0.14491278, 0.64385986]"
HARASS1F1d_W41,socioeco,inferred,low,,5,"[0.27309681, 0.06751329, 0.65938989]"
HARASS1F1d_W41,socioeco,inferred,high,,5,"[0.25041387, 0.06459705, 0.68498908]"
HARASS1NOWRKF2d_W41,socioeco,inferred,low,,5,"[0.5113728, 0.09694759, 0.39167963]"
HARASS1NOWRKF2d_W41,socioeco,inferred,high,,5,"[0.55183526, 0.10187645, 0.34628828]"
HARASS3NOWRKF2_W41,socioeco,inferred,low,,5,"[0.18147628, 0.11935158, 0.69917214]"
HARASS3NOWRKF2_W41,socioeco,inferred,high,,5,"[0.18095516, 0.12739997, 0.69164487]"
INTRMAR_W41,socioeco,inferred,low,,5,"[0.0794914, 0.02553291, 0.34495068, 0.52352451, 0.02650051]"
INTRMAR_W41,socioeco,inferred,high,,5,"[0.16718161, 0.02861303, 0.34615997, 0.42913346, 0.02891196]"
LEGALIMG_W41,socioeco,inferred,low,,5,"[0.21703173, 0.08171398, 0.70125428]"
LEGALIMG_W41,socioeco,inferred,high,,5,"[0.34258104, 0.09077519, 0.56664376]"
SOLVPROBa_W41,socioeco,inferred,low,,5,"[0.67723863, 0.06455925, 0.15122471, 0.1069774]"
SOLVPROBa_W41,socioeco,inferred,high,,5,"[0.66806964, 0.09803455, 0.19360881, 0.04028696]"
SOLVPROBb_W41,socioeco,inferred,low,,5,"[0.36863623, 0.13625747, 0.24350652, 0.25159978]"
SOLVPROBb_W41,socioeco,inferred,high,,5,"[0.3917617, 0.21041014, 0.27589391, 0.12193421]"
SOLVPROBc_W41,socioeco,inferred,low,,5,"[0.06565177, 0.04782398, 0.22138046, 0.66514378]"
SOLVPROBc_W41,socioeco,inferred,high,,5,"[0.12378283, 0.10158996, 0.322638, 0.4519892]"
SOLVPROBdF1_W41,socioeco,inferred,low,,5,"[0.1440502, 0.07157085, 0.45878033, 0.32559863]"
SOLVPROBdF1_W41,socioeco,inferred,high,,5,"[0.26739817, 0.13583566, 0.46312506, 0.13364111]"
SOLVPROBf_W41,socioeco,inferred,low,,5,"[0.42140757, 0.10785922, 0.284008, 0.18672521]"
SOLVPROBf_W41,socioeco,inferred,high,,5,"[0.49637193, 0.17454132, 0.26506859, 0.06401816]"
SOLVPROBg_W41,socioeco,inferred,low,,5,"[0.05920812, 0.04286325, 0.23379812, 0.66413052]"
SOLVPROBg_W41,socioeco,inferred,high,,5,"[0.13319954, 0.10750855, 0.34578115, 0.41351079]"
SOLVPROBh_W41,socioeco,inferred,low,,5,"[0.48369949, 0.13078111, 0.22190126, 0.16361811]"
SOLVPROBh_W41,socioeco,inferred,high,,5,"[0.49124592, 0.18969093, 0.24518356, 0.07387958]"
WRKTRN1F1_W41,socioeco,inferred,low,,5,"[0.61092481, 0.12953683, 0.12124696, 0.13829139]"
WRKTRN1F1_W41,socioeco,inferred,high,,5,"[0.49959157, 0.21469286, 0.19255184, 0.09316373]"
WRKTRN1F2_W41,socioeco,inferred,low,,5,"[0.67398963, 0.10685534, 0.10366486, 0.11549018]"
WRKTRN1F2_W41,socioeco,inferred,high,,5,"[0.57468393, 0.17083411, 0.16996988, 0.08451207]"
CONFb_W42,socioeco,inferred,low,,5,"[0.26076831, 0.02879639, 0.37852006, 0.33191526]"
CONFb_W42,socioeco,inferred,high,,5,"[0.28942104, 0.0515758, 0.44374902, 0.21525412]"
CONFc_W42,socioeco,inferred,low,,5,"[0.24776205, 0.03602705, 0.3123487, 0.40386215]"
CONFc_W42,socioeco,inferred,high,,5,"[0.41156742, 0.06714206, 0.29803438, 0.22325615]"
CONFe_W42,socioeco,inferred,low,,5,"[0.28206231, 0.02233193, 0.22262288, 0.47298289]"
CONFe_W42,socioeco,inferred,high,,5,"[0.43922078, 0.04241241, 0.23137963, 0.28698714]"
CONFg_W42,socioeco,inferred,low,,5,"[0.23193417, 0.02096324, 0.33514332, 0.41195929]"
CONFg_W42,socioeco,inferred,high,,5,"[0.25801358, 0.04086403, 0.42480495, 0.27631743]"
PQ4_F2Aa_W42,socioeco,inferred,low,,5,"[0.18451605, 0.05689506, 0.29750075, 0.46108813]"
PQ4_F2Aa_W42,socioeco,inferred,high,,5,"[0.24309324, 0.07942354, 0.34413137, 0.33335184]"
PQ4_F2Ac_W42,socioeco,inferred,low,,5,"[0.67665631, 0.0391605, 0.16662225, 0.11756097]"
PQ4_F2Ac_W42,socioeco,inferred,high,,5,"[0.64997851, 0.07052624, 0.21147602, 0.06801924]"
PQ4_F2Ae_W42,socioeco,inferred,low,,5,"[0.43196143, 0.07373491, 0.31582686, 0.17847675]"
PQ4_F2Ae_W42,socioeco,inferred,high,,5,"[0.43100474, 0.10712363, 0.36576409, 0.09610753]"
PQ4_F2Bb_W42,socioeco,inferred,low,,5,"[0.19577107, 0.03592547, 0.29497008, 0.47333342]"
PQ4_F2Bb_W42,socioeco,inferred,high,,5,"[0.32288734, 0.07902, 0.3529622, 0.24513047]"
PQ4_F2Bc_W42,socioeco,inferred,low,,5,"[0.54602598, 0.03383711, 0.1994947, 0.22064221]"
PQ4_F2Bc_W42,socioeco,inferred,high,,5,"[0.66350267, 0.06701013, 0.19146036, 0.07802686]"
PQ4_F2Bd_W42,socioeco,inferred,low,,5,"[0.24210809, 0.0371237, 0.34287574, 0.37789245]"
PQ4_F2Bd_W42,socioeco,inferred,high,,5,"[0.35394713, 0.07301105, 0.3900126, 0.18302923]"
PQ4_F2Cc_W42,socioeco,inferred,low,,5,"[0.51468995, 0.0438357, 0.27299923, 0.16847516]"
PQ4_F2Cc_W42,socioeco,inferred,high,,5,"[0.57068071, 0.08593337, 0.27176612, 0.07161979]"
PQ8_F2B_W42,socioeco,inferred,low,,5,"[0.18961969, 0.04193898, 0.34060913, 0.42783218]"
PQ8_F2B_W42,socioeco,inferred,high,,5,"[0.30101065, 0.09633686, 0.42564589, 0.17700661]"
RQ1_F1B_W42,socioeco,inferred,low,,5,"[0.33369956, 0.06735755, 0.59894291]"
RQ1_F1B_W42,socioeco,inferred,high,,5,"[0.37005609, 0.08439949, 0.54554442]"
RQ1_F1C_W42,socioeco,inferred,low,,5,"[0.28988868, 0.05296425, 0.65714708]"
RQ1_F1C_W42,socioeco,inferred,high,,5,"[0.36104915, 0.07851817, 0.5604327]"
RQ2_F1A_W42,socioeco,inferred,low,,5,"[0.60442451, 0.25003424, 0.14554126]"
RQ2_F1A_W42,socioeco,inferred,high,,5,"[0.59289578, 0.28869868, 0.11840558]"
RQ4_F1Ab_W42,socioeco,inferred,low,,5,"[0.13039019, 0.05354197, 0.46271713, 0.35335075]"
RQ4_F1Ab_W42,socioeco,inferred,high,,5,"[0.19848377, 0.08281901, 0.47517115, 0.24352607]"
RQ4_F1Ae_W42,socioeco,inferred,low,,5,"[0.2282347, 0.07673986, 0.4932344, 0.20179102]"
RQ4_F1Ae_W42,socioeco,inferred,high,,5,"[0.27246464, 0.1125989, 0.50579194, 0.1091445]"
RQ4_F1Ba_W42,socioeco,inferred,low,,5,"[0.19899242, 0.04691253, 0.32675365, 0.4273414]"
RQ4_F1Ba_W42,socioeco,inferred,high,,5,"[0.34549015, 0.07415489, 0.32686083, 0.25349418]"
RQ4_F1Bc_W42,socioeco,inferred,low,,5,"[0.64972044, 0.04924734, 0.1761135, 0.12491872]"
RQ4_F1Bc_W42,socioeco,inferred,high,,5,"[0.68414178, 0.08371614, 0.17692374, 0.05521835]"
RQ4_F1Bd_W42,socioeco,inferred,low,,5,"[0.26203389, 0.04686368, 0.3824003, 0.3087021]"
RQ4_F1Bd_W42,socioeco,inferred,high,,5,"[0.37355547, 0.07257443, 0.37920494, 0.17466517]"
RQ4_F1Be_W42,socioeco,inferred,low,,5,"[0.34468076, 0.082014, 0.40334523, 0.16996]"
RQ4_F1Be_W42,socioeco,inferred,high,,5,"[0.41329585, 0.12274398, 0.37659311, 0.08736705]"
RQ4_F1Ca_W42,socioeco,inferred,low,,5,"[0.19586037, 0.04501802, 0.38938779, 0.36973379]"
RQ4_F1Ca_W42,socioeco,inferred,high,,5,"[0.36081374, 0.09271506, 0.38715467, 0.15931655]"
RQ4_F1Cb_W42,socioeco,inferred,low,,5,"[0.16576545, 0.05946301, 0.46975117, 0.30502035]"
RQ4_F1Cb_W42,socioeco,inferred,high,,5,"[0.24218884, 0.1103451, 0.46242598, 0.18504007]"
RQ4_F1Cd_W42,socioeco,inferred,low,,5,"[0.25314148, 0.04915645, 0.47391058, 0.22379147]"
RQ4_F1Cd_W42,socioeco,inferred,high,,5,"[0.3412042, 0.07825423, 0.4611369, 0.11940468]"
RQ5_F1B_W42,socioeco,inferred,low,,5,"[0.15818265, 0.02769046, 0.31772016, 0.49640669]"
RQ5_F1B_W42,socioeco,inferred,high,,5,"[0.23962263, 0.04409718, 0.33255174, 0.38372843]"
RQ5_F1C_W42,socioeco,inferred,low,,5,"[0.16882539, 0.02976159, 0.31167515, 0.48973783]"
RQ5_F1C_W42,socioeco,inferred,high,,5,"[0.25674929, 0.04657684, 0.32954503, 0.36712883]"
IDIMPORT_W43,socioeco,inferred,low,,5,"[0.08408129, 0.06861269, 0.46805134, 0.33902633, 0.04022836]"
IDIMPORT_W43,socioeco,inferred,high,,5,"[0.08550699, 0.07975974, 0.45688388, 0.32483165, 0.05301773]"
RACESURV13_W43,socioeco,inferred,low,,5,"[0.07002532, 0.07220685, 0.47662405, 0.38114377]"
RACESURV13_W43,socioeco,inferred,high,,5,"[0.08055941, 0.08410288, 0.45436356, 0.38097417]"
RACESURV14_W43,socioeco,inferred,low,,5,"[0.08645559, 0.09226023, 0.29580003, 0.52548416]"
RACESURV14_W43,socioeco,inferred,high,,5,"[0.09336136, 0.10100909, 0.28609422, 0.51953533]"
RACESURV15a_W43,socioeco,inferred,low,,5,"[0.22049527, 0.21009308, 0.56941165]"
RACESURV15a_W43,socioeco,inferred,high,,5,"[0.19060685, 0.23325168, 0.57614145]"
RACESURV15b_W43,socioeco,inferred,low,,5,"[0.10935771, 0.12937021, 0.7612721]"
RACESURV15b_W43,socioeco,inferred,high,,5,"[0.10887211, 0.14088262, 0.75024527]"
RACESURV17_W43,socioeco,inferred,low,,5,"[0.55889764, 0.08150233, 0.22783062, 0.13176939]"
RACESURV17_W43,socioeco,inferred,high,,5,"[0.55155158, 0.09336626, 0.24171429, 0.1133679]"
RACESURV18b_W43,socioeco,inferred,low,,5,"[0.07359624, 0.04987754, 0.32638896, 0.50050742, 0.04962985]"
RACESURV18b_W43,socioeco,inferred,high,,5,"[0.05667916, 0.04628295, 0.29508457, 0.55787195, 0.04408136]"
RACESURV18f_W43,socioeco,inferred,low,,5,"[0.15990327, 0.05463296, 0.40592102, 0.30678049, 0.07276229]"
RACESURV18f_W43,socioeco,inferred,high,,5,"[0.11607489, 0.05716522, 0.44666184, 0.29948621, 0.08061183]"
RACESURV19a_W43,socioeco,inferred,low,,5,"[0.17676562, 0.12431007, 0.6989243]"
RACESURV19a_W43,socioeco,inferred,high,,5,"[0.18740902, 0.13940853, 0.67318244]"
RACESURV19c_W43,socioeco,inferred,low,,5,"[0.21047557, 0.10931883, 0.68020563]"
RACESURV19c_W43,socioeco,inferred,high,,5,"[0.22612011, 0.12468598, 0.64919392]"
RACESURV19e_W43,socioeco,inferred,low,,5,"[0.19941333, 0.11428366, 0.686303]"
RACESURV19e_W43,socioeco,inferred,high,,5,"[0.21274774, 0.12654213, 0.66071014]"
RACESURV1b_W43,socioeco,inferred,low,,5,"[0.10277449, 0.00300773, 0.89421778]"
RACESURV1b_W43,socioeco,inferred,high,,5,"[0.0967519, 0.00335151, 0.89989657]"
RACESURV21_W43,socioeco,inferred,low,,5,"[0.0814688, 0.02124745, 0.08847684, 0.80880692]"
RACESURV21_W43,socioeco,inferred,high,,5,"[0.09786776, 0.02220797, 0.08756928, 0.79235503]"
RACESURV27_W43,socioeco,inferred,low,,5,"[0.47329481, 0.02480375, 0.17668982, 0.32521163]"
RACESURV27_W43,socioeco,inferred,high,,5,"[0.49704906, 0.03010824, 0.21145972, 0.26138295]"
RACESURV28a_W43,socioeco,inferred,low,,5,"[0.12347989, 0.10016006, 0.77636007]"
RACESURV28a_W43,socioeco,inferred,high,,5,"[0.12729035, 0.10521, 0.76749964]"
RACESURV28b_W43,socioeco,inferred,low,,5,"[0.12961314, 0.0941084, 0.77627842]"
RACESURV28b_W43,socioeco,inferred,high,,5,"[0.13998165, 0.10281741, 0.75720096]"
RACESURV28c_W43,socioeco,inferred,low,,5,"[0.12485506, 0.09765412, 0.77749082]"
RACESURV28c_W43,socioeco,inferred,high,,5,"[0.13687908, 0.10636513, 0.75675584]"
RACESURV28d_W43,socioeco,inferred,low,,5,"[0.12064003, 0.09573909, 0.78362086]"
RACESURV28d_W43,socioeco,inferred,high,,5,"[0.13203465, 0.10064307, 0.76732227]"
RACESURV28e_W43,socioeco,inferred,low,,5,"[0.10686996, 0.08533204, 0.80779799]"
RACESURV28e_W43,socioeco,inferred,high,,5,"[0.11682259, 0.09102417, 0.79215326]"
RACESURV28f_W43,socioeco,inferred,low,,5,"[0.11225661, 0.09939052, 0.78835286]"
RACESURV28f_W43,socioeco,inferred,high,,5,"[0.12148587, 0.10908268, 0.76943145]"
RACESURV28g_W43,socioeco,inferred,low,,5,"[0.12108013, 0.09351009, 0.78540976]"
RACESURV28g_W43,socioeco,inferred,high,,5,"[0.13352609, 0.09979003, 0.76668389]"
RACESURV29d_W43,socioeco,inferred,low,,5,"[0.07336571, 0.05011047, 0.15758626, 0.71893755]"
RACESURV29d_W43,socioeco,inferred,high,,5,"[0.06365396, 0.0373959, 0.13793914, 0.76101101]"
RACESURV2_W43,socioeco,inferred,low,,5,"[0.12165617, 0.02329089, 0.19868554, 0.63848357, 0.01788386]"
RACESURV2_W43,socioeco,inferred,high,,5,"[0.30599128, 0.02635392, 0.21686914, 0.43028384, 0.02050182]"
RACESURV34a_W43,socioeco,inferred,low,,5,"[0.07249706, 0.04224709, 0.48946461, 0.35547876, 0.04031248]"
RACESURV34a_W43,socioeco,inferred,high,,5,"[0.07724652, 0.04819788, 0.50703518, 0.3200516, 0.04746882]"
RACESURV34b_W43,socioeco,inferred,low,,5,"[0.06815671, 0.0312396, 0.14987483, 0.71568499, 0.03504389]"
RACESURV34b_W43,socioeco,inferred,high,,5,"[0.08423542, 0.04077925, 0.15775681, 0.66629117, 0.05093737]"
RACESURV34c_W43,socioeco,inferred,low,,5,"[0.7953105, 0.00226838, 0.04247325, 0.15005639, 0.00989151]"
RACESURV34c_W43,socioeco,inferred,high,,5,"[0.81857505, 0.00273397, 0.05746491, 0.11010541, 0.01112067]"
RACESURV34d_W43,socioeco,inferred,low,,5,"[0.65342835, 0.00437141, 0.20564097, 0.12623917, 0.01032011]"
RACESURV34d_W43,socioeco,inferred,high,,5,"[0.6673147, 0.00433433, 0.2401982, 0.08042378, 0.007729]"
RACESURV34e_W43,socioeco,inferred,low,,5,"[0.69260142, 0.00293445, 0.13118647, 0.15316121, 0.02011644]"
RACESURV34e_W43,socioeco,inferred,high,,5,"[0.74079236, 0.00332774, 0.16444941, 0.08249267, 0.00893783]"
RACESURV38_W43,socioeco,inferred,low,,5,"[0.08254337, 0.0547976, 0.38704593, 0.47561311]"
RACESURV38_W43,socioeco,inferred,high,,5,"[0.09326838, 0.05355481, 0.36823966, 0.48493716]"
RACESURV40_W43,socioeco,inferred,low,,5,"[0.09274935, 0.09879372, 0.44979754, 0.27368018, 0.08497921]"
RACESURV40_W43,socioeco,inferred,high,,5,"[0.0936338, 0.10717009, 0.42447974, 0.27415453, 0.10056183]"
RACESURV41_W43,socioeco,inferred,low,,5,"[0.11162345, 0.06707887, 0.51470539, 0.25999817, 0.04659413]"
RACESURV41_W43,socioeco,inferred,high,,5,"[0.1185743, 0.06932524, 0.48589014, 0.27438408, 0.05182626]"
RACESURV45_W43,socioeco,inferred,low,,5,"[0.11758213, 0.09742939, 0.46110459, 0.26046133, 0.06342258]"
RACESURV45_W43,socioeco,inferred,high,,5,"[0.11600238, 0.09852181, 0.43470705, 0.28048666, 0.07028212]"
RACESURV47a_W43,socioeco,inferred,low,,5,"[0.14065925, 0.03560927, 0.6222435, 0.14354704, 0.05794092]"
RACESURV47a_W43,socioeco,inferred,high,,5,"[0.15610037, 0.04846916, 0.51761938, 0.19750798, 0.0803031]"
RACESURV47b_W43,socioeco,inferred,low,,5,"[0.09086484, 0.12191374, 0.39307336, 0.31249005, 0.081658]"
RACESURV47b_W43,socioeco,inferred,high,,5,"[0.08799714, 0.12750374, 0.36283892, 0.33617331, 0.08548691]"
RACESURV47d_W43,socioeco,inferred,low,,5,"[0.07922498, 0.03593354, 0.65463432, 0.18531793, 0.0448892]"
RACESURV47d_W43,socioeco,inferred,high,,5,"[0.0808328, 0.04540002, 0.56955061, 0.25385137, 0.05036522]"
RACESURV47e_W43,socioeco,inferred,low,,5,"[0.10055892, 0.02568478, 0.47563917, 0.36445718, 0.03365996]"
RACESURV47e_W43,socioeco,inferred,high,,5,"[0.08370924, 0.0303825, 0.37500338, 0.47168941, 0.03921544]"
RACESURV47f_W43,socioeco,inferred,low,,5,"[0.10265494, 0.06152717, 0.474966, 0.30597897, 0.05487294]"
RACESURV47f_W43,socioeco,inferred,high,,5,"[0.09916449, 0.06803498, 0.40754991, 0.35847031, 0.0667803]"
RACESURV48_W43,socioeco,inferred,low,,5,"[0.56269139, 0.01702644, 0.24347152, 0.17681063]"
RACESURV48_W43,socioeco,inferred,high,,5,"[0.52452366, 0.02564981, 0.33378623, 0.11604029]"
RACESURV51_W43,socioeco,inferred,low,,5,"[0.15912575, 0.09382274, 0.7470515]"
RACESURV51_W43,socioeco,inferred,high,,5,"[0.16697975, 0.12017201, 0.71284825]"
RACESURV52_W43,socioeco,inferred,low,,5,"[0.1019644, 0.05915431, 0.12623482, 0.7126465]"
RACESURV52_W43,socioeco,inferred,high,,5,"[0.06751977, 0.06070343, 0.10166917, 0.77010762]"
RACESURV5a_W43,socioeco,inferred,low,,5,"[0.084048, 0.05614644, 0.4473345, 0.35325844, 0.05921262]"
RACESURV5a_W43,socioeco,inferred,high,,5,"[0.09460302, 0.06524092, 0.43123639, 0.33539047, 0.07352919]"
RACESURV5b_W43,socioeco,inferred,low,,5,"[0.05785499, 0.04149627, 0.34565427, 0.51610199, 0.03889247]"
RACESURV5b_W43,socioeco,inferred,high,,5,"[0.06781487, 0.04916501, 0.3631379, 0.47130097, 0.04858125]"
RACESURV5d_W43,socioeco,inferred,low,,5,"[0.04571515, 0.01467978, 0.14602727, 0.78165212, 0.01192567]"
RACESURV5d_W43,socioeco,inferred,high,,5,"[0.05310253, 0.01735697, 0.13379081, 0.77920897, 0.01654072]"
RACESURV5e_W43,socioeco,inferred,low,,5,"[0.12745564, 0.02730833, 0.53635342, 0.29277477, 0.01610785]"
RACESURV5e_W43,socioeco,inferred,high,,5,"[0.12349966, 0.02940698, 0.50552885, 0.32523959, 0.0163249]"
RACESURV5f_W43,socioeco,inferred,low,,5,"[0.06675127, 0.0561028, 0.26788181, 0.5684069, 0.04085719]"
RACESURV5f_W43,socioeco,inferred,high,,5,"[0.07413472, 0.0620042, 0.26200395, 0.55191346, 0.04994366]"
RACESURV5g_W43,socioeco,inferred,low,,5,"[0.0418706, 0.01388005, 0.12022465, 0.81241444, 0.01161026]"
RACESURV5g_W43,socioeco,inferred,high,,5,"[0.0429723, 0.01557062, 0.11040947, 0.81769586, 0.01335171]"
RACESURV5h_W43,socioeco,inferred,low,,5,"[0.05593052, 0.05363279, 0.2318589, 0.60864803, 0.04992978]"
RACESURV5h_W43,socioeco,inferred,high,,5,"[0.0601163, 0.0611942, 0.20614704, 0.61512891, 0.05741355]"
RACESURV5i_W43,socioeco,inferred,low,,5,"[0.02668063, 0.01790674, 0.08425111, 0.83919751, 0.03196404]"
RACESURV5i_W43,socioeco,inferred,high,,5,"[0.05095124, 0.03794359, 0.11795894, 0.72580315, 0.06734305]"
RACESURV5j_W43,socioeco,inferred,low,,5,"[0.09273634, 0.02802625, 0.22984246, 0.60534917, 0.04404578]"
RACESURV5j_W43,socioeco,inferred,high,,5,"[0.12829741, 0.04148877, 0.24453068, 0.52382201, 0.06186111]"
RACESURV5l_W43,socioeco,inferred,low,,5,"[0.18083451, 0.05379453, 0.51285046, 0.22162412, 0.03089639]"
RACESURV5l_W43,socioeco,inferred,high,,5,"[0.21056827, 0.07172163, 0.53921683, 0.1524772, 0.02601607]"
RACESURV9_W43,socioeco,inferred,low,,5,"[0.15768857, 0.02015944, 0.16380161, 0.63848593, 0.01986443]"
RACESURV9_W43,socioeco,inferred,high,,5,"[0.18497235, 0.02851727, 0.16187389, 0.59780894, 0.02682755]"
INFOCHALa_W45,socioeco,inferred,low,,5,"[0.26698765, 0.06006737, 0.44722264, 0.22572233]"
INFOCHALa_W45,socioeco,inferred,high,,5,"[0.34318757, 0.07578161, 0.46573961, 0.11529119]"
INFOCREATEa_W45,socioeco,inferred,low,,5,"[0.07295512, 0.05133701, 0.11526424, 0.76044364]"
INFOCREATEa_W45,socioeco,inferred,high,,5,"[0.05754882, 0.03622547, 0.08336575, 0.82285997]"
MADEUPOFT_W45,socioeco,inferred,low,,5,"[0.51720826, 0.07627564, 0.19493283, 0.21158325]"
MADEUPOFT_W45,socioeco,inferred,high,,5,"[0.67756548, 0.07038794, 0.14285639, 0.1091902]"
MADEUPSHAREWHY_W45,socioeco,inferred,low,,5,"[0.14283982, 0.07386031, 0.13292814, 0.65037172]"
MADEUPSHAREWHY_W45,socioeco,inferred,high,,5,"[0.18351122, 0.10758328, 0.20338224, 0.50552325]"
MADEUPTOPICb_W45,socioeco,inferred,low,,5,"[0.8416587, 0.04831508, 0.08800904, 0.02201717]"
MADEUPTOPICb_W45,socioeco,inferred,high,,5,"[0.78907486, 0.07523503, 0.10689061, 0.02879949]"
MADEUPTOPICc_W45,socioeco,inferred,low,,5,"[0.65401329, 0.06269739, 0.23274896, 0.05054037]"
MADEUPTOPICc_W45,socioeco,inferred,high,,5,"[0.61234657, 0.10012472, 0.22586711, 0.06166162]"
MADEUPTOPICd_W45,socioeco,inferred,low,,5,"[0.26797792, 0.0559518, 0.48297195, 0.19309834]"
MADEUPTOPICd_W45,socioeco,inferred,high,,5,"[0.27328686, 0.0574091, 0.40221717, 0.26708687]"
NEWSPREFV2_W45,socioeco,inferred,low,,5,"[0.40348107, 0.02236439, 0.22976294, 0.32949347, 0.01489813]"
NEWSPREFV2_W45,socioeco,inferred,high,,5,"[0.50014573, 0.02417212, 0.25255517, 0.21186409, 0.01126289]"
NEWSPROBd_W45,socioeco,inferred,low,,5,"[0.06730385, 0.02285322, 0.68687475, 0.22296817]"
NEWSPROBd_W45,socioeco,inferred,high,,5,"[0.07352461, 0.03783648, 0.76600982, 0.12262909]"
NEWSPROBe_W45,socioeco,inferred,low,,5,"[0.21962998, 0.03984908, 0.49627267, 0.24424828]"
NEWSPROBe_W45,socioeco,inferred,high,,5,"[0.26152687, 0.05489275, 0.50719655, 0.17638385]"
NEWS_PLATFORMg_W45,socioeco,inferred,low,,5,"[0.6512569, 0.01274616, 0.09236363, 0.24363331]"
NEWS_PLATFORMg_W45,socioeco,inferred,high,,5,"[0.70591602, 0.01939498, 0.11864196, 0.15604704]"
SMLIKESb_W45,socioeco,inferred,low,,5,"[0.16551902, 0.03803148, 0.79644951]"
SMLIKESb_W45,socioeco,inferred,high,,5,"[0.12552138, 0.03383724, 0.84064134]"
SMLIKESf_W45,socioeco,inferred,low,,5,"[0.29349664, 0.05119699, 0.65530637]"
SMLIKESf_W45,socioeco,inferred,high,,5,"[0.26025519, 0.04717437, 0.69257041]"
BENEFITGOV_W49,socioeco,inferred,low,,5,"[0.57141852, 0.02452855, 0.11085084, 0.29320208]"
BENEFITGOV_W49,socioeco,inferred,high,,5,"[0.69718834, 0.03440176, 0.12239684, 0.14601306]"
CONCERNCO_W49,socioeco,inferred,low,,5,"[0.37272459, 0.02910875, 0.18588269, 0.41228399]"
CONCERNCO_W49,socioeco,inferred,high,,5,"[0.42226348, 0.05231596, 0.25785698, 0.26756359]"
CONCERNGRPa_W49,socioeco,inferred,low,,5,"[0.56817109, 0.08384729, 0.34798162]"
CONCERNGRPa_W49,socioeco,inferred,high,,5,"[0.62501378, 0.09645315, 0.27853309]"
CONCERNGRPc_W49,socioeco,inferred,low,,5,"[0.48855657, 0.05303253, 0.45841091]"
CONCERNGRPc_W49,socioeco,inferred,high,,5,"[0.43185202, 0.06531627, 0.5028317]"
CONTROLCO_W49,socioeco,inferred,low,,5,"[0.41395803, 0.1385888, 0.24451435, 0.2029388]"
CONTROLCO_W49,socioeco,inferred,high,,5,"[0.41947367, 0.252846, 0.23851391, 0.08916644]"
CONTROLGRPc_W49,socioeco,inferred,low,,5,"[0.15193331, 0.03455139, 0.81351527]"
CONTROLGRPc_W49,socioeco,inferred,high,,5,"[0.22624683, 0.10778731, 0.66596587]"
DATAUSEd_W49,socioeco,inferred,low,,5,"[0.79601946, 0.10731483, 0.09666572]"
DATAUSEd_W49,socioeco,inferred,high,,5,"[0.74852977, 0.14078412, 0.11068612]"
FACE3c_W49,socioeco,inferred,low,,5,"[0.25170245, 0.02111979, 0.25662984, 0.47054788]"
FACE3c_W49,socioeco,inferred,high,,5,"[0.32510676, 0.02895686, 0.32017275, 0.32576361]"
GOVREGV1_W49,socioeco,inferred,low,,5,"[0.63636497, 0.0605334, 0.30310167]"
GOVREGV1_W49,socioeco,inferred,high,,5,"[0.60801665, 0.08100116, 0.31098219]"
HOMEASSIST2_W49,socioeco,inferred,low,,5,"[0.5772127, 0.03545443, 0.11955922, 0.26777362]"
HOMEASSIST2_W49,socioeco,inferred,high,,5,"[0.59914655, 0.05285519, 0.16506892, 0.18292937]"
HOMEASSIST3_W49,socioeco,inferred,low,,5,"[0.95503642, 0.02493525, 0.02002832]"
HOMEASSIST3_W49,socioeco,inferred,high,,5,"[0.95462467, 0.03149442, 0.01388088]"
HOMEASSIST4_W49,socioeco,inferred,low,,5,"[0.62266856, 0.01709921, 0.19112637, 0.16910585]"
HOMEASSIST4_W49,socioeco,inferred,high,,5,"[0.56906607, 0.02496371, 0.26339767, 0.14257255]"
PP5e_W49,socioeco,inferred,low,,5,"[0.18363193, 0.01086625, 0.14269818, 0.66280365]"
PP5e_W49,socioeco,inferred,high,,5,"[0.27493576, 0.02556411, 0.27994148, 0.41955867]"
PWMAN2_W49,socioeco,inferred,low,,5,"[0.1567743, 0.03348636, 0.35045897, 0.39351851, 0.01001737, 0.01371945, 0.01807156, 0.00893446, 0.01501899]"
PWMAN2_W49,socioeco,inferred,high,,5,"[0.18061869, 0.03926637, 0.44661588, 0.26215145, 0.01104437, 0.01627328, 0.01905036, 0.00914005, 0.01583957]"
SMARTAPP_W49,socioeco,inferred,low,,5,"[0.7997108, 0.04515752, 0.09932397, 0.05580771]"
SMARTAPP_W49,socioeco,inferred,high,,5,"[0.7537381, 0.07805548, 0.12391743, 0.04428899]"
TRACKCO1a_W49,socioeco,inferred,low,,5,"[0.19403349, 0.1135371, 0.3275016, 0.29301288, 0.07191495]"
TRACKCO1a_W49,socioeco,inferred,high,,5,"[0.20449759, 0.15156561, 0.35619112, 0.22678985, 0.06095584]"
TRACKCO1b_W49,socioeco,inferred,low,,5,"[0.10541424, 0.08156806, 0.38078105, 0.34730468, 0.08493197]"
TRACKCO1b_W49,socioeco,inferred,high,,5,"[0.14033972, 0.13196293, 0.39397489, 0.25466759, 0.07905484]"
TRACKGOV1a_W49,socioeco,inferred,low,,5,"[0.06281219, 0.09088198, 0.5937692, 0.20625249, 0.04628413]"
TRACKGOV1a_W49,socioeco,inferred,high,,5,"[0.06081302, 0.14018627, 0.57188949, 0.18537527, 0.04173594]"
TRACKGOV1b_W49,socioeco,inferred,low,,5,"[0.06690156, 0.05668353, 0.27920609, 0.54565871, 0.05155009]"
TRACKGOV1b_W49,socioeco,inferred,high,,5,"[0.0618185, 0.07503428, 0.25606795, 0.55193692, 0.05514236]"
COHABDUR_W50,socioeco,inferred,low,,5,"[0.15613778, 0.00801553, 0.06458566, 0.74847251, 0.01006997, 0.01271857]"
COHABDUR_W50,socioeco,inferred,high,,5,"[0.19209717, 0.00845226, 0.0714451, 0.70589945, 0.00945019, 0.01265582]"
DNA2b_W50,socioeco,inferred,low,,5,"[0.95803923, 0.04196078]"
DNA2b_W50,socioeco,inferred,high,,5,"[0.92443629, 0.0755637]"
DNA5_W50,socioeco,inferred,low,,5,"[0.68975876, 0.31024126]"
DNA5_W50,socioeco,inferred,high,,5,"[0.68771997, 0.31228003]"
E5MOD_W50,socioeco,inferred,low,,5,"[0.51227879, 0.00850704, 0.4792142]"
E5MOD_W50,socioeco,inferred,high,,5,"[0.55812096, 0.00994176, 0.43193728]"
FAMSURV10c_W50,socioeco,inferred,low,,5,"[0.33129254, 0.01219577, 0.56388113, 0.09263054]"
FAMSURV10c_W50,socioeco,inferred,high,,5,"[0.25888387, 0.02042522, 0.67495171, 0.04573919]"
FAMSURV16_W50,socioeco,inferred,low,,5,"[0.04572708, 0.00689663, 0.94737631]"
FAMSURV16_W50,socioeco,inferred,high,,5,"[0.03473898, 0.00751172, 0.95774933]"
FAMSURV17_W50,socioeco,inferred,low,,5,"[0.21026066, 0.02076881, 0.10130818, 0.49595338, 0.02941671, 0.02427127, 0.05900472, 0.01596421, 0.04305206]"
FAMSURV17_W50,socioeco,inferred,high,,5,"[0.40693635, 0.02792132, 0.11167554, 0.29014042, 0.02567577, 0.02439336, 0.04433783, 0.01369144, 0.05522797]"
FAMSURV1_W50,socioeco,inferred,low,,5,"[0.59342365, 0.11472563, 0.29185072]"
FAMSURV1_W50,socioeco,inferred,high,,5,"[0.52411152, 0.14637263, 0.32951585]"
FAMSURV20_W50,socioeco,inferred,low,,5,"[0.95241851, 0.0475815]"
FAMSURV20_W50,socioeco,inferred,high,,5,"[0.95241231, 0.04758767]"
FAMSURV23b_W50,socioeco,inferred,low,,5,"[0.91519499, 0.01506714, 0.06973784]"
FAMSURV23b_W50,socioeco,inferred,high,,5,"[0.89111293, 0.01885396, 0.09003314]"
FAMSURV23c_W50,socioeco,inferred,low,,5,"[0.8638468, 0.01434372, 0.12180944]"
FAMSURV23c_W50,socioeco,inferred,high,,5,"[0.84202027, 0.01078746, 0.14719222]"
FAMSURV23d_W50,socioeco,inferred,low,,5,"[0.9364276, 0.00845677, 0.05511563]"
FAMSURV23d_W50,socioeco,inferred,high,,5,"[0.92423341, 0.00752656, 0.06824001]"
FAMSURV23e_W50,socioeco,inferred,low,,5,"[0.92803781, 0.01022515, 0.061737]"
FAMSURV23e_W50,socioeco,inferred,high,,5,"[0.89209008, 0.01271306, 0.09519683]"
FAMSURV23f_W50,socioeco,inferred,low,,5,"[0.8517963, 0.02066376, 0.12753995]"
FAMSURV23f_W50,socioeco,inferred,high,,5,"[0.81376017, 0.02518376, 0.16105605]"
FAMSURV23g_W50,socioeco,inferred,low,,5,"[0.90420512, 0.01776242, 0.07803242]"
FAMSURV23g_W50,socioeco,inferred,high,,5,"[0.88036293, 0.0211365, 0.0985006]"
FAMSURV26a_W50,socioeco,inferred,low,,5,"[0.09264152, 0.007336, 0.05496298, 0.84505948]"
FAMSURV26a_W50,socioeco,inferred,high,,5,"[0.06865236, 0.01186426, 0.06371075, 0.85577264]"
FAMSURV26b_W50,socioeco,inferred,low,,5,"[0.27203054, 0.0077083, 0.08258143, 0.63767973]"
FAMSURV26b_W50,socioeco,inferred,high,,5,"[0.28928739, 0.01132644, 0.11639935, 0.58298682]"
FAMSURV26c_W50,socioeco,inferred,low,,5,"[0.24721644, 0.00930901, 0.10500918, 0.63846538]"
FAMSURV26c_W50,socioeco,inferred,high,,5,"[0.26391613, 0.01403019, 0.15276472, 0.56928898]"
FAMSURV26d_W50,socioeco,inferred,low,,5,"[0.38254337, 0.00914504, 0.06549297, 0.54281861]"
FAMSURV26d_W50,socioeco,inferred,high,,5,"[0.43372835, 0.02005004, 0.0920209, 0.45420071]"
FAMSURV29_W50,socioeco,inferred,low,,5,"[0.37532704, 0.0547866, 0.15193175, 0.4179546]"
FAMSURV29_W50,socioeco,inferred,high,,5,"[0.63045226, 0.06169251, 0.11020801, 0.19764721]"
FAMSURV2Ma_W50,socioeco,inferred,low,,5,"[0.43859196, 0.09921023, 0.46219785]"
FAMSURV2Ma_W50,socioeco,inferred,high,,5,"[0.41514342, 0.12999288, 0.4548637]"
FAMSURV2Mc_W50,socioeco,inferred,low,,5,"[0.50761213, 0.12453003, 0.36785786]"
FAMSURV2Mc_W50,socioeco,inferred,high,,5,"[0.50192803, 0.13510021, 0.36297175]"
FAMSURV2Wa_W50,socioeco,inferred,low,,5,"[0.33980126, 0.16373806, 0.49646068]"
FAMSURV2Wa_W50,socioeco,inferred,high,,5,"[0.32183986, 0.17734162, 0.50081856]"
FAMSURV2Wc_W50,socioeco,inferred,low,,5,"[0.38820594, 0.19962288, 0.41217119]"
FAMSURV2Wc_W50,socioeco,inferred,high,,5,"[0.37769843, 0.18094809, 0.4413535]"
FAMSURV32e_W50,socioeco,inferred,low,,5,"[0.06942719, 0.00533873, 0.04580837, 0.87942572]"
FAMSURV32e_W50,socioeco,inferred,high,,5,"[0.083933, 0.00764535, 0.05098935, 0.85743229]"
FAMSURV39_W50,socioeco,inferred,low,,5,"[0.07654365, 0.02603132, 0.16782148, 0.72960356]"
FAMSURV39_W50,socioeco,inferred,high,,5,"[0.0864696, 0.03858744, 0.17313421, 0.70180875]"
FAMSURV3_W50,socioeco,inferred,low,,5,"[0.17332165, 0.12818364, 0.69849475]"
FAMSURV3_W50,socioeco,inferred,high,,5,"[0.19238837, 0.13741909, 0.67019252]"
FAMSURV40_W50,socioeco,inferred,low,,5,"[0.30028165, 0.00949493, 0.05798214, 0.63224126]"
FAMSURV40_W50,socioeco,inferred,high,,5,"[0.19172843, 0.0108526, 0.08971439, 0.70770456]"
FAMSURV43_W50,socioeco,inferred,low,,5,"[0.7992457, 0.02067563, 0.05637937, 0.12369931]"
FAMSURV43_W50,socioeco,inferred,high,,5,"[0.86827509, 0.02073702, 0.05915819, 0.05182967]"
FAMSURV44_W50,socioeco,inferred,low,,5,"[0.5751925, 0.007983, 0.01981892, 0.3970056]"
FAMSURV44_W50,socioeco,inferred,high,,5,"[0.74908612, 0.00921718, 0.01912123, 0.2225755]"
FAMSURV6_W50,socioeco,inferred,low,,5,"[0.72309387, 0.00910107, 0.0544007, 0.21340437]"
FAMSURV6_W50,socioeco,inferred,high,,5,"[0.58722349, 0.01566074, 0.10606757, 0.29104819]"
FAMSURV9c_W50,socioeco,inferred,low,,5,"[0.44063692, 0.01231405, 0.46438935, 0.08265966]"
FAMSURV9c_W50,socioeco,inferred,high,,5,"[0.32217298, 0.01682461, 0.61200743, 0.04899495]"
FATHER_W50,socioeco,inferred,low,,5,"[0.51559166, 0.48440836]"
FATHER_W50,socioeco,inferred,high,,5,"[0.52150333, 0.47849666]"
HAVEKIDS1_W50,socioeco,inferred,low,,5,"[0.42940616, 0.01139934, 0.03650654, 0.52268792]"
HAVEKIDS1_W50,socioeco,inferred,high,,5,"[0.63203214, 0.0139535, 0.03750501, 0.31650936]"
MARRDUR_W50,socioeco,inferred,low,,5,"[0.1102376, 0.01604426, 0.09452455, 0.74273809, 0.01648603, 0.01996945]"
MARRDUR_W50,socioeco,inferred,high,,5,"[0.12614765, 0.01677525, 0.10258363, 0.72094399, 0.01347155, 0.02007793]"
MARRYPREF1_W50,socioeco,inferred,low,,5,"[0.67541103, 0.02563458, 0.29895438]"
MARRYPREF1_W50,socioeco,inferred,high,,5,"[0.59393747, 0.03749711, 0.36856544]"
MARRYPREF2_W50,socioeco,inferred,low,,5,"[0.64166852, 0.02366819, 0.33466329]"
MARRYPREF2_W50,socioeco,inferred,high,,5,"[0.54971858, 0.03204281, 0.41823861]"
MOTHER_W50,socioeco,inferred,low,,5,"[0.52784679, 0.47215322]"
MOTHER_W50,socioeco,inferred,high,,5,"[0.52077032, 0.47922968]"
PAR1_W50,socioeco,inferred,low,,5,"[0.30258218, 0.02455633, 0.67286151]"
PAR1_W50,socioeco,inferred,high,,5,"[0.36507518, 0.02993753, 0.60498725]"
PAR2_W50,socioeco,inferred,low,,5,"[0.59057819, 0.0433986, 0.3660232]"
PAR2_W50,socioeco,inferred,high,,5,"[0.64331902, 0.04773082, 0.30895013]"
ROMRELDUR_W50,socioeco,inferred,low,,5,"[0.18338981, 0.03106192, 0.13018733, 0.56290678, 0.07075439, 0.02169979]"
ROMRELDUR_W50,socioeco,inferred,high,,5,"[0.26054886, 0.0333784, 0.14212027, 0.46559199, 0.07932097, 0.01903951]"
ROMRELSER_W50,socioeco,inferred,low,,5,"[0.31306893, 0.02728175, 0.19435775, 0.46529157]"
ROMRELSER_W50,socioeco,inferred,high,,5,"[0.51991872, 0.03350264, 0.22304064, 0.22353801]"
SATLIFEc_W50,socioeco,inferred,low,,5,"[0.51884464, 0.0107212, 0.21096493, 0.25946922]"
SATLIFEc_W50,socioeco,inferred,high,,5,"[0.58880085, 0.01386911, 0.21925952, 0.17807054]"
ECIMPg_W54,socioeco,inferred,low,,5,"[0.59436435, 0.11396873, 0.29166693]"
ECIMPg_W54,socioeco,inferred,high,,5,"[0.53461294, 0.16208645, 0.30330061]"
ECON1_W54,socioeco,inferred,low,,5,"[0.28757416, 0.02007768, 0.57804755, 0.11430062]"
ECON1_W54,socioeco,inferred,high,,5,"[0.38791917, 0.03652346, 0.52923314, 0.04632424]"
ECON3_d_W54,socioeco,inferred,low,,5,"[0.39682832, 0.00227024, 0.35001518, 0.25088623]"
ECON3_d_W54,socioeco,inferred,high,,5,"[0.48281891, 0.00314717, 0.41075296, 0.10328095]"
ECON4_a_W54,socioeco,inferred,low,,5,"[0.45022911, 0.01238296, 0.19579262, 0.34159532]"
ECON4_a_W54,socioeco,inferred,high,,5,"[0.47962025, 0.01325506, 0.25716546, 0.24995925]"
ECON4_b_W54,socioeco,inferred,low,,5,"[0.42327562, 0.01526622, 0.29138659, 0.27007159]"
ECON4_b_W54,socioeco,inferred,high,,5,"[0.42749476, 0.01577342, 0.34651281, 0.21021903]"
ECON4_e_W54,socioeco,inferred,low,,5,"[0.49957022, 0.0140828, 0.1781123, 0.30823471]"
ECON4_e_W54,socioeco,inferred,high,,5,"[0.53473264, 0.0206728, 0.23326232, 0.21133227]"
ECON4_f_W54,socioeco,inferred,low,,5,"[0.43486542, 0.01309732, 0.34052012, 0.21151713]"
ECON4_f_W54,socioeco,inferred,high,,5,"[0.39920337, 0.01486223, 0.41848722, 0.16744722]"
ECON4_g_W54,socioeco,inferred,low,,5,"[0.38686455, 0.01302037, 0.19182366, 0.40829142]"
ECON4_g_W54,socioeco,inferred,high,,5,"[0.47297227, 0.02177185, 0.21522539, 0.29003052]"
ECON5_b_W54,socioeco,inferred,low,,5,"[0.44726978, 0.02538177, 0.34276291, 0.17071899, 0.01386655]"
ECON5_b_W54,socioeco,inferred,high,,5,"[0.56299594, 0.04187383, 0.29549573, 0.08834937, 0.01128515]"
ECON5_c_W54,socioeco,inferred,low,,5,"[0.64372956, 0.01407996, 0.2276397, 0.11091306, 0.00363772]"
ECON5_c_W54,socioeco,inferred,high,,5,"[0.69831252, 0.0213414, 0.21210657, 0.06457259, 0.00366694]"
ECON5_d_W54,socioeco,inferred,low,,5,"[0.56829504, 0.0227376, 0.29114376, 0.11104662, 0.00677699]"
ECON5_d_W54,socioeco,inferred,high,,5,"[0.62910651, 0.03703875, 0.26216235, 0.06562339, 0.00606901]"
ECON5_e_W54,socioeco,inferred,low,,5,"[0.72528527, 0.01455458, 0.17271396, 0.08382721, 0.003619]"
ECON5_e_W54,socioeco,inferred,high,,5,"[0.76356277, 0.0251651, 0.15639866, 0.05152327, 0.00335021]"
ECON5_f_W54,socioeco,inferred,low,,5,"[0.74774444, 0.01238027, 0.17076992, 0.06594893, 0.00315647]"
ECON5_f_W54,socioeco,inferred,high,,5,"[0.76443987, 0.02144488, 0.16624434, 0.04470814, 0.00316279]"
ECON5_g_W54,socioeco,inferred,low,,5,"[0.05646659, 0.08343723, 0.34809591, 0.44165214, 0.07034813]"
ECON5_g_W54,socioeco,inferred,high,,5,"[0.05605209, 0.09011833, 0.30470646, 0.47147953, 0.07764359]"
ECON5_h_W54,socioeco,inferred,low,,5,"[0.07473708, 0.05178212, 0.30560489, 0.51242779, 0.05544813]"
ECON5_h_W54,socioeco,inferred,high,,5,"[0.05462262, 0.06315137, 0.33168525, 0.49351688, 0.05702388]"
ECON5_i_W54,socioeco,inferred,low,,5,"[0.14560278, 0.02869426, 0.45949775, 0.3185762, 0.04762901]"
ECON5_i_W54,socioeco,inferred,high,,5,"[0.21274123, 0.02993868, 0.51232123, 0.20750948, 0.03748937]"
ECON5_j_W54,socioeco,inferred,low,,5,"[0.69799343, 0.02441716, 0.20175061, 0.07223892, 0.00359987]"
ECON5_j_W54,socioeco,inferred,high,,5,"[0.68940647, 0.04143491, 0.21475521, 0.05057492, 0.00382849]"
ECON5_k_W54,socioeco,inferred,low,,5,"[0.74667761, 0.01574424, 0.18430023, 0.05027714, 0.00300079]"
ECON5_k_W54,socioeco,inferred,high,,5,"[0.76505272, 0.02527004, 0.17614385, 0.03092241, 0.002611]"
FIN_SIT_W54,socioeco,inferred,low,,5,"[0.29564367, 0.02123892, 0.56975132, 0.11336611]"
FIN_SIT_W54,socioeco,inferred,high,,5,"[0.32869716, 0.03338805, 0.56511123, 0.07280354]"
GOVPRIORITYb_W54,socioeco,inferred,low,,5,"[0.04903465, 0.06837994, 0.30637148, 0.57621399]"
GOVPRIORITYb_W54,socioeco,inferred,high,,5,"[0.06032527, 0.079412, 0.26182863, 0.59843412]"
GOVPRIORITYc_W54,socioeco,inferred,low,,5,"[0.15813334, 0.02615763, 0.28738218, 0.52832685]"
GOVPRIORITYc_W54,socioeco,inferred,high,,5,"[0.18653748, 0.0346985, 0.34458503, 0.43417899]"
GOVPRIORITYd_W54,socioeco,inferred,low,,5,"[0.18023965, 0.02722478, 0.22338058, 0.56915502]"
GOVPRIORITYd_W54,socioeco,inferred,high,,5,"[0.1904856, 0.03459919, 0.25229349, 0.5226217]"
GOVPRIORITYf_W54,socioeco,inferred,low,,5,"[0.20657022, 0.03265537, 0.14230872, 0.6184657]"
GOVPRIORITYf_W54,socioeco,inferred,high,,5,"[0.18497665, 0.03453758, 0.12535743, 0.65512833]"
INEQ11_W54,socioeco,inferred,low,,5,"[0.57382966, 0.42617031]"
INEQ11_W54,socioeco,inferred,high,,5,"[0.55108186, 0.44891815]"
INEQ1_W54,socioeco,inferred,low,,5,"[0.19279214, 0.05450438, 0.75270345]"
INEQ1_W54,socioeco,inferred,high,,5,"[0.30864486, 0.0690412, 0.62231393]"
INEQ4_a_W54,socioeco,inferred,low,,5,"[0.76113895, 0.06138475, 0.09309949, 0.08437685]"
INEQ4_a_W54,socioeco,inferred,high,,5,"[0.76693983, 0.08439742, 0.1068829, 0.04177985]"
INEQ5_a_W54,socioeco,inferred,low,,5,"[0.42045706, 0.07773969, 0.39370619, 0.10809705]"
INEQ5_a_W54,socioeco,inferred,high,,5,"[0.38531111, 0.09634739, 0.43835432, 0.07998716]"
INEQ5_d_W54,socioeco,inferred,low,,5,"[0.46330162, 0.0306135, 0.36926104, 0.13682385]"
INEQ5_d_W54,socioeco,inferred,high,,5,"[0.44494698, 0.0422301, 0.42414314, 0.08867977]"
INEQ5_e_W54,socioeco,inferred,low,,5,"[0.61579021, 0.02980798, 0.27193134, 0.08247044]"
INEQ5_e_W54,socioeco,inferred,high,,5,"[0.56307186, 0.03983761, 0.34159316, 0.05549738]"
INEQ5_f_W54,socioeco,inferred,low,,5,"[0.37860263, 0.06698597, 0.42663425, 0.12777715]"
INEQ5_f_W54,socioeco,inferred,high,,5,"[0.33485153, 0.07106629, 0.50831762, 0.08576455]"
INEQ5_h_W54,socioeco,inferred,low,,5,"[0.39294837, 0.05070931, 0.40340681, 0.15293556]"
INEQ5_h_W54,socioeco,inferred,high,,5,"[0.38562918, 0.0697462, 0.46208104, 0.0825436]"
INEQ5_i_W54,socioeco,inferred,low,,5,"[0.48176221, 0.02863345, 0.29249946, 0.1971049]"
INEQ5_i_W54,socioeco,inferred,high,,5,"[0.47870336, 0.03961077, 0.36386965, 0.1178162]"
INEQ5_k_W54,socioeco,inferred,low,,5,"[0.233339, 0.04277071, 0.4776323, 0.24625797]"
INEQ5_k_W54,socioeco,inferred,high,,5,"[0.2604841, 0.06630875, 0.4634617, 0.20974547]"
INEQ5_l_W54,socioeco,inferred,low,,5,"[0.06991629, 0.06337108, 0.57796943, 0.28874318]"
INEQ5_l_W54,socioeco,inferred,high,,5,"[0.07935951, 0.07038492, 0.58113731, 0.26911825]"
INEQ5_m_W54,socioeco,inferred,low,,5,"[0.0426902, 0.06262721, 0.5145257, 0.38015686]"
INEQ5_m_W54,socioeco,inferred,high,,5,"[0.04938324, 0.06958349, 0.54660831, 0.33442498]"
INEQ8_a_W54,socioeco,inferred,low,,5,"[0.13291902, 0.05335073, 0.63854585, 0.17518443]"
INEQ8_a_W54,socioeco,inferred,high,,5,"[0.17015403, 0.07490221, 0.63727486, 0.11766888]"
INEQ8_b_W54,socioeco,inferred,low,,5,"[0.16167178, 0.07058766, 0.58321261, 0.18452798]"
INEQ8_b_W54,socioeco,inferred,high,,5,"[0.14233546, 0.08160999, 0.63824485, 0.13780969]"
INEQ8_c_W54,socioeco,inferred,low,,5,"[0.22389802, 0.06248878, 0.48026681, 0.2333464]"
INEQ8_c_W54,socioeco,inferred,high,,5,"[0.26309203, 0.07678927, 0.4819036, 0.1782151]"
INEQ8_d_W54,socioeco,inferred,low,,5,"[0.24342858, 0.10479926, 0.46955227, 0.18221985]"
INEQ8_d_W54,socioeco,inferred,high,,5,"[0.25556281, 0.12125966, 0.48277768, 0.14039984]"
INEQ8_f_W54,socioeco,inferred,low,,5,"[0.22899172, 0.07015256, 0.53472634, 0.16612939]"
INEQ8_f_W54,socioeco,inferred,high,,5,"[0.25879143, 0.09589564, 0.52467601, 0.12063693]"
INEQ8_g_W54,socioeco,inferred,low,,5,"[0.19610796, 0.05023615, 0.62651839, 0.12713753]"
INEQ8_g_W54,socioeco,inferred,high,,5,"[0.24188755, 0.07612461, 0.59084706, 0.09114077]"
INEQ8_h_W54,socioeco,inferred,low,,5,"[0.08557302, 0.06128175, 0.52959306, 0.32355218]"
INEQ8_h_W54,socioeco,inferred,high,,5,"[0.09813422, 0.06591054, 0.41465168, 0.42130359]"
INEQ8_i_W54,socioeco,inferred,low,,5,"[0.20959485, 0.06824825, 0.49874602, 0.2234109]"
INEQ8_i_W54,socioeco,inferred,high,,5,"[0.2387751, 0.08534966, 0.51776472, 0.15811049]"
INEQ8_j_W54,socioeco,inferred,low,,5,"[0.12168933, 0.06700964, 0.59241896, 0.21888208]"
INEQ8_j_W54,socioeco,inferred,high,,5,"[0.15603783, 0.08246695, 0.58468659, 0.17680858]"
JOBTRAIN_W54,socioeco,inferred,low,,5,"[0.55215345, 0.0132921, 0.43455447]"
JOBTRAIN_W54,socioeco,inferred,high,,5,"[0.54375788, 0.01498903, 0.44125307]"
WORRY2a_W54,socioeco,inferred,low,,5,"[0.24017737, 0.02788363, 0.29493835, 0.39700179, 0.03999886]"
WORRY2a_W54,socioeco,inferred,high,,5,"[0.17559938, 0.04137264, 0.51840205, 0.24691345, 0.0177125]"
WORRY2b_W54,socioeco,inferred,low,,5,"[0.45589315, 0.0646163, 0.2512669, 0.21351042, 0.01471324]"
WORRY2b_W54,socioeco,inferred,high,,5,"[0.38423905, 0.08456917, 0.36548567, 0.1554802, 0.01022589]"
WORRY2c_W54,socioeco,inferred,low,,5,"[0.28692069, 0.04268768, 0.30047687, 0.31220886, 0.0577059]"
WORRY2c_W54,socioeco,inferred,high,,5,"[0.31806233, 0.0874815, 0.39102089, 0.16450827, 0.03892704]"
WORRY2d_W54,socioeco,inferred,low,,5,"[0.32307437, 0.02559587, 0.25857351, 0.35918652, 0.03356972]"
WORRY2d_W54,socioeco,inferred,high,,5,"[0.33123127, 0.0403321, 0.37042007, 0.24147739, 0.01653915]"
WORRY2e_W54,socioeco,inferred,low,,5,"[0.21990514, 0.03768229, 0.29324638, 0.42634345, 0.02282276]"
WORRY2e_W54,socioeco,inferred,high,,5,"[0.21568529, 0.05227027, 0.44061309, 0.27940932, 0.01202204]"
GAP21Q10_W82,socioeco,inferred,low,,5,"[0.19691199, 0.07672822, 0.72635981]"
GAP21Q10_W82,socioeco,inferred,high,,5,"[0.2702886, 0.1046958, 0.62501561]"
GAP21Q13_b_W82,socioeco,inferred,low,,5,"[0.23341605, 0.06700132, 0.37799032, 0.32159228]"
GAP21Q13_b_W82,socioeco,inferred,high,,5,"[0.27570496, 0.0980734, 0.40741839, 0.21880326]"
GAP21Q15_a_W82,socioeco,inferred,low,,5,"[0.10297661, 0.00909865, 0.87165751, 0.00937042, 0.00689677]"
GAP21Q15_a_W82,socioeco,inferred,high,,5,"[0.08347062, 0.01016271, 0.88980026, 0.00934067, 0.00722573]"
GAP21Q15_b_W82,socioeco,inferred,low,,5,"[0.02755488, 0.00153958, 0.96707218, 0.00151265, 0.0023207]"
GAP21Q15_b_W82,socioeco,inferred,high,,5,"[0.03186356, 0.00183826, 0.96209569, 0.0015869, 0.00261561]"
GAP21Q15_c_W82,socioeco,inferred,low,,5,"[0.03932236, 0.00361267, 0.95044539, 0.00345116, 0.00316842]"
GAP21Q15_c_W82,socioeco,inferred,high,,5,"[0.03889511, 0.00399087, 0.95101312, 0.00301844, 0.00308248]"
GAP21Q15_d_W82,socioeco,inferred,low,,5,"[0.11193939, 0.00788258, 0.85927574, 0.01015315, 0.01074914]"
GAP21Q15_d_W82,socioeco,inferred,high,,5,"[0.06402308, 0.00513209, 0.92021182, 0.00479634, 0.00583671]"
GAP21Q15_e_W82,socioeco,inferred,low,,5,"[0.03869033, 0.0027823, 0.95413961, 0.00203712, 0.00235064]"
GAP21Q15_e_W82,socioeco,inferred,high,,5,"[0.03516348, 0.00289117, 0.95748169, 0.00184815, 0.0026155]"
GAP21Q15_f_W82,socioeco,inferred,low,,5,"[0.06292574, 0.00375451, 0.92706938, 0.00283852, 0.00341184]"
GAP21Q15_f_W82,socioeco,inferred,high,,5,"[0.04805696, 0.00370735, 0.94149786, 0.00262989, 0.00410791]"
GAP21Q17_W82,socioeco,inferred,low,,5,"[0.46413806, 0.05716217, 0.26489627, 0.21380352]"
GAP21Q17_W82,socioeco,inferred,high,,5,"[0.55408844, 0.08648214, 0.25213101, 0.10729841]"
GAP21Q19_a_W82,socioeco,inferred,low,,5,"[0.0564131, 0.02467911, 0.13036948, 0.78853834]"
GAP21Q19_a_W82,socioeco,inferred,high,,5,"[0.15771298, 0.04466199, 0.24006645, 0.55755857]"
GAP21Q19_b_W82,socioeco,inferred,low,,5,"[0.21089392, 0.01080827, 0.06233959, 0.7159582]"
GAP21Q19_b_W82,socioeco,inferred,high,,5,"[0.56944109, 0.0181548, 0.06221019, 0.35019392]"
GAP21Q19_c_W82,socioeco,inferred,low,,5,"[0.14461479, 0.00832153, 0.06504401, 0.78201965]"
GAP21Q19_c_W82,socioeco,inferred,high,,5,"[0.22320556, 0.01607446, 0.13668194, 0.62403803]"
GAP21Q19_d_W82,socioeco,inferred,low,,5,"[0.35012694, 0.01743544, 0.20401595, 0.42842165]"
GAP21Q19_d_W82,socioeco,inferred,high,,5,"[0.57821462, 0.02131805, 0.11325534, 0.28721201]"
GAP21Q19_e_W82,socioeco,inferred,low,,5,"[0.51905399, 0.01213884, 0.10915073, 0.35965645]"
GAP21Q19_e_W82,socioeco,inferred,high,,5,"[0.72071469, 0.01735245, 0.08057312, 0.18135975]"
GAP21Q21_a_W82,socioeco,inferred,low,,5,"[0.66417415, 0.07969402, 0.12978909, 0.12634273]"
GAP21Q21_a_W82,socioeco,inferred,high,,5,"[0.70262237, 0.09357766, 0.11249693, 0.09130304]"
GAP21Q21_e_W82,socioeco,inferred,low,,5,"[0.44937602, 0.08502959, 0.23371527, 0.23187913]"
GAP21Q21_e_W82,socioeco,inferred,high,,5,"[0.47488317, 0.12733878, 0.22948079, 0.16829728]"
GAP21Q23_W82,socioeco,inferred,low,,5,"[0.18810723, 0.03158086, 0.08029689, 0.70001502]"
GAP21Q23_W82,socioeco,inferred,high,,5,"[0.22456768, 0.0376332, 0.07539747, 0.66240164]"
GAP21Q24_W82,socioeco,inferred,low,,5,"[0.62840789, 0.01370692, 0.0704399, 0.28744532]"
GAP21Q24_W82,socioeco,inferred,high,,5,"[0.75539335, 0.01434584, 0.11922003, 0.11104078]"
GAP21Q25_W82,socioeco,inferred,low,,5,"[0.08826637, 0.01576607, 0.36420461, 0.53176294]"
GAP21Q25_W82,socioeco,inferred,high,,5,"[0.18551403, 0.0256328, 0.54805116, 0.24080202]"
GAP21Q26_a_W82,socioeco,inferred,low,,5,"[0.81138431, 0.01335364, 0.12510196, 0.05016007]"
GAP21Q26_a_W82,socioeco,inferred,high,,5,"[0.79985364, 0.01726277, 0.14681853, 0.03606507]"
GAP21Q26_b_W82,socioeco,inferred,low,,5,"[0.87581074, 0.00908103, 0.06365815, 0.05145004]"
GAP21Q26_b_W82,socioeco,inferred,high,,5,"[0.91524014, 0.0107872, 0.05172092, 0.02225176]"
GAP21Q26_c_W82,socioeco,inferred,low,,5,"[0.43607329, 0.01351912, 0.15782534, 0.39258224]"
GAP21Q26_c_W82,socioeco,inferred,high,,5,"[0.5597868, 0.0161795, 0.14352637, 0.28050734]"
GAP21Q27_W82,socioeco,inferred,low,,5,"[0.07684811, 0.08545385, 0.83769808]"
GAP21Q27_W82,socioeco,inferred,high,,5,"[0.09244578, 0.10762748, 0.79992671]"
GAP21Q28_W82,socioeco,inferred,low,,5,"[0.60740827, 0.00847896, 0.11419005, 0.26992274]"
GAP21Q28_W82,socioeco,inferred,high,,5,"[0.76180469, 0.01287073, 0.12783752, 0.09748707]"
GAP21Q31_W82,socioeco,inferred,low,,5,"[0.73841403, 0.0110381, 0.11678561, 0.13376227]"
GAP21Q31_W82,socioeco,inferred,high,,5,"[0.73920895, 0.01827191, 0.15760165, 0.0849175]"
GAP21Q32_W82,socioeco,inferred,low,,5,"[0.72999862, 0.08094931, 0.15761669, 0.03143537]"
GAP21Q32_W82,socioeco,inferred,high,,5,"[0.68601973, 0.12732138, 0.15802405, 0.02863484]"
GAP21Q33_c_W82,socioeco,inferred,low,,5,"[0.64602715, 0.07663581, 0.27733705]"
GAP21Q33_c_W82,socioeco,inferred,high,,5,"[0.63292884, 0.08288055, 0.28419061]"
GAP21Q33_g_W82,socioeco,inferred,low,,5,"[0.13074051, 0.15116003, 0.71809943]"
GAP21Q33_g_W82,socioeco,inferred,high,,5,"[0.1961809, 0.19588295, 0.60793618]"
GAP21Q33_i_W82,socioeco,inferred,low,,5,"[0.21192617, 0.11651833, 0.6715555]"
GAP21Q33_i_W82,socioeco,inferred,high,,5,"[0.2837278, 0.10763484, 0.60863734]"
GAP21Q33_j_W82,socioeco,inferred,low,,5,"[0.78062777, 0.06430364, 0.1550686]"
GAP21Q33_j_W82,socioeco,inferred,high,,5,"[0.70434692, 0.07953977, 0.2161133]"
GAP21Q33_m_W82,socioeco,inferred,low,,5,"[0.59407195, 0.10095026, 0.30497782]"
GAP21Q33_m_W82,socioeco,inferred,high,,5,"[0.52855096, 0.13901635, 0.3324327]"
GAP21Q33_n_W82,socioeco,inferred,low,,5,"[0.2006307, 0.24309965, 0.55626965]"
GAP21Q33_n_W82,socioeco,inferred,high,,5,"[0.22476062, 0.22795171, 0.54728767]"
GAP21Q33_q_W82,socioeco,inferred,low,,5,"[0.46225606, 0.10194773, 0.43579623]"
GAP21Q33_q_W82,socioeco,inferred,high,,5,"[0.45757076, 0.09979473, 0.44263449]"
GAP21Q33_r_W82,socioeco,inferred,low,,5,"[0.4819093, 0.10359145, 0.41449924]"
GAP21Q33_r_W82,socioeco,inferred,high,,5,"[0.46557289, 0.10262359, 0.43180352]"
GAP21Q33_s_W82,socioeco,inferred,low,,5,"[0.09538204, 0.1251202, 0.77949774]"
GAP21Q33_s_W82,socioeco,inferred,high,,5,"[0.1183694, 0.14183402, 0.7397966]"
GAP21Q34_a_W82,socioeco,inferred,low,,5,"[0.10052174, 0.0103579, 0.08081271, 0.80830765]"
GAP21Q34_a_W82,socioeco,inferred,high,,5,"[0.53187345, 0.018145, 0.07420569, 0.37577584]"
GAP21Q34_b_W82,socioeco,inferred,low,,5,"[0.0096544, 0.01380126, 0.03349832, 0.94304601]"
GAP21Q34_b_W82,socioeco,inferred,high,,5,"[0.0324355, 0.04396746, 0.08685501, 0.83674203]"
GAP21Q34_c_W82,socioeco,inferred,low,,5,"[0.03051793, 0.02525316, 0.08731184, 0.85691707]"
GAP21Q34_c_W82,socioeco,inferred,high,,5,"[0.11532051, 0.05480619, 0.17218705, 0.65768623]"
GAP21Q34_d_W82,socioeco,inferred,low,,5,"[0.17464926, 0.01426937, 0.0872181, 0.72386326]"
GAP21Q34_d_W82,socioeco,inferred,high,,5,"[0.58156214, 0.01832193, 0.07110028, 0.32901562]"
GAP21Q34_e_W82,socioeco,inferred,low,,5,"[0.10915117, 0.00964417, 0.07848788, 0.80271678]"
GAP21Q34_e_W82,socioeco,inferred,high,,5,"[0.50512415, 0.0144261, 0.06880962, 0.41164012]"
GAP21Q34_f_W82,socioeco,inferred,low,,5,"[0.07792946, 0.01812537, 0.11428486, 0.78966029]"
GAP21Q34_f_W82,socioeco,inferred,high,,5,"[0.33897773, 0.02526103, 0.13317636, 0.50258487]"
GAP21Q38_a_W82,socioeco,inferred,low,,5,"[0.36550006, 0.03774809, 0.28272372, 0.31402808]"
GAP21Q38_a_W82,socioeco,inferred,high,,5,"[0.49753747, 0.05116346, 0.28659548, 0.16470361]"
GAP21Q38_b_W82,socioeco,inferred,low,,5,"[0.32517238, 0.04661414, 0.35463065, 0.27358284]"
GAP21Q38_b_W82,socioeco,inferred,high,,5,"[0.39974369, 0.07043733, 0.38204384, 0.14777512]"
GAP21Q38_c_W82,socioeco,inferred,low,,5,"[0.32430709, 0.0434026, 0.39808022, 0.23421011]"
GAP21Q38_c_W82,socioeco,inferred,high,,5,"[0.3435857, 0.05139267, 0.47893372, 0.12608792]"
GAP21Q41_W82,socioeco,inferred,low,,5,"[0.70027145, 0.00640418, 0.06744648, 0.22587789]"
GAP21Q41_W82,socioeco,inferred,high,,5,"[0.86195426, 0.00595635, 0.04673808, 0.08535133]"
GAP21Q43_g_W82,socioeco,inferred,low,,5,"[0.42212694, 0.06008457, 0.3417716, 0.17601691]"
GAP21Q43_g_W82,socioeco,inferred,high,,5,"[0.39640553, 0.07211636, 0.35086495, 0.18061318]"
GAP21Q47_W82,socioeco,inferred,low,,5,"[0.0313954, 0.02113018, 0.15638435, 0.79109006]"
GAP21Q47_W82,socioeco,inferred,high,,5,"[0.03831832, 0.02541938, 0.17448837, 0.76177392]"
GAP21Q4_a_W82,socioeco,inferred,low,,5,"[0.31676294, 0.02531438, 0.10863456, 0.5492881]"
GAP21Q4_a_W82,socioeco,inferred,high,,5,"[0.51024072, 0.02917818, 0.11688288, 0.34369825]"
GAP21Q4_b_W82,socioeco,inferred,low,,5,"[0.27639297, 0.01472862, 0.03551299, 0.6733654]"
GAP21Q4_b_W82,socioeco,inferred,high,,5,"[0.40736836, 0.02092726, 0.0376954, 0.53400899]"
GAP21Q4_c_W82,socioeco,inferred,low,,5,"[0.67777223, 0.01578733, 0.05438091, 0.25205956]"
GAP21Q4_c_W82,socioeco,inferred,high,,5,"[0.81261513, 0.01820788, 0.06062848, 0.10854853]"
GAP21Q4_d_W82,socioeco,inferred,low,,5,"[0.49275039, 0.01542638, 0.04856102, 0.44326223]"
GAP21Q4_d_W82,socioeco,inferred,high,,5,"[0.64823803, 0.02257401, 0.05885506, 0.2703329]"
GAP21Q4_e_W82,socioeco,inferred,low,,5,"[0.63338574, 0.01166819, 0.04029249, 0.31465359]"
GAP21Q4_e_W82,socioeco,inferred,high,,5,"[0.75110105, 0.01517635, 0.05210346, 0.18161914]"
GAP21Q4_f_W82,socioeco,inferred,low,,5,"[0.45627625, 0.00932247, 0.08602306, 0.4483782]"
GAP21Q4_f_W82,socioeco,inferred,high,,5,"[0.62146568, 0.01099705, 0.09341978, 0.27411747]"
GAP21Q7_a_W82,socioeco,inferred,low,,5,"[0.50352188, 0.02402127, 0.21050994, 0.26194692]"
GAP21Q7_a_W82,socioeco,inferred,high,,5,"[0.65019109, 0.02593732, 0.167667, 0.15620458]"
GAP21Q7_b_W82,socioeco,inferred,low,,5,"[0.15292293, 0.0296128, 0.13698704, 0.68047721]"
GAP21Q7_b_W82,socioeco,inferred,high,,5,"[0.17223424, 0.04129764, 0.14303349, 0.64343463]"
GAP21Q7_d_W82,socioeco,inferred,low,,5,"[0.75249059, 0.017209, 0.09985017, 0.13045021]"
GAP21Q7_d_W82,socioeco,inferred,high,,5,"[0.78638138, 0.02708377, 0.09213876, 0.09439608]"
BILLION_W92,socioeco,inferred,low,,5,"[0.31706912, 0.09152858, 0.59140231]"
BILLION_W92,socioeco,inferred,high,,5,"[0.40768118, 0.10575106, 0.48656778]"
CANDEXP_W92,socioeco,inferred,low,,5,"[0.68611583, 0.0116072, 0.18509811, 0.11717884]"
CANDEXP_W92,socioeco,inferred,high,,5,"[0.67878109, 0.02197035, 0.22981452, 0.06943403]"
ELECT_CONF3_PRVFR_W92,socioeco,inferred,low,,5,"[0.02836528, 0.02843273, 0.05609748, 0.88710453]"
ELECT_CONF3_PRVFR_W92,socioeco,inferred,high,,5,"[0.04060794, 0.03462989, 0.07616576, 0.84859641]"
ELECT_CONF3_PRVSUP_W92,socioeco,inferred,low,,5,"[0.67123003, 0.01700266, 0.11168242, 0.20008485]"
ELECT_CONF3_PRVSUP_W92,socioeco,inferred,high,,5,"[0.74622, 0.02821645, 0.13578404, 0.08977951]"
ELECT_IMPT3_PRVFR_W92,socioeco,inferred,low,,5,"[0.0288558, 0.02432621, 0.14636925, 0.80044876]"
ELECT_IMPT3_PRVFR_W92,socioeco,inferred,high,,5,"[0.06983884, 0.03588328, 0.22605276, 0.66822514]"
FREECOLL_W92,socioeco,inferred,low,,5,"[0.88862842, 0.00462927, 0.03626017, 0.07048212]"
FREECOLL_W92,socioeco,inferred,high,,5,"[0.86774353, 0.00833346, 0.05951264, 0.0644104]"
GODMORALIMP_W92,socioeco,inferred,low,,5,"[0.26367725, 0.02934853, 0.57868326, 0.12829094]"
GODMORALIMP_W92,socioeco,inferred,high,,5,"[0.24182206, 0.02945001, 0.61310291, 0.11562501]"
LEGALIMMIGAMT_W92,socioeco,inferred,low,,5,"[0.05709746, 0.06175227, 0.22271051, 0.58450587, 0.07393387]"
LEGALIMMIGAMT_W92,socioeco,inferred,high,,5,"[0.07198157, 0.08055237, 0.22694957, 0.51914279, 0.10137369]"
POLINTOL2_a_W92,socioeco,inferred,low,,5,"[0.10220143, 0.098036, 0.30620494, 0.49355762]"
POLINTOL2_a_W92,socioeco,inferred,high,,5,"[0.12441607, 0.11452886, 0.2697946, 0.49126049]"
PROG_RNEED_W92,socioeco,inferred,low,,5,"[0.66680309, 0.13955941, 0.19363752]"
PROG_RNEED_W92,socioeco,inferred,high,,5,"[0.73287922, 0.14815155, 0.11896923]"
RACESURV52MOD_W92,socioeco,inferred,low,,5,"[0.03521124, 0.03159764, 0.09010891, 0.84308221]"
RACESURV52MOD_W92,socioeco,inferred,high,,5,"[0.03843485, 0.03802895, 0.09801409, 0.82552211]"
REPRSNTDEM_W92,socioeco,inferred,low,,5,"[0.1341046, 0.03394084, 0.18337321, 0.64858135]"
REPRSNTDEM_W92,socioeco,inferred,high,,5,"[0.20324528, 0.03583309, 0.22021088, 0.54071075]"
REPRSNTREP_W92,socioeco,inferred,low,,5,"[0.05519299, 0.07359679, 0.26913912, 0.60207108]"
REPRSNTREP_W92,socioeco,inferred,high,,5,"[0.06482349, 0.10838617, 0.258163, 0.56862733]"
SOCIETY_GUNS_W92,socioeco,inferred,low,,5,"[0.1407568, 0.02243365, 0.12213035, 0.6930277, 0.02165149]"
SOCIETY_GUNS_W92,socioeco,inferred,high,,5,"[0.21116125, 0.0302832, 0.11669836, 0.61049868, 0.03135854]"
SOCIETY_RELG_W92,socioeco,inferred,low,,5,"[0.66858224, 0.04334628, 0.2276622, 0.05612222, 0.00428707]"
SOCIETY_RELG_W92,socioeco,inferred,high,,5,"[0.61676962, 0.07073809, 0.25271503, 0.05272, 0.00705724]"
SOCIETY_RHIST_W92,socioeco,inferred,low,,5,"[0.69524834, 0.05467998, 0.16540955, 0.07941818, 0.00524395]"
SOCIETY_RHIST_W92,socioeco,inferred,high,,5,"[0.58111687, 0.06136401, 0.20092532, 0.14747696, 0.00911685]"
SOCIETY_SSM_W92,socioeco,inferred,low,,5,"[0.06308925, 0.02887549, 0.16372291, 0.71796564, 0.02634669]"
SOCIETY_SSM_W92,socioeco,inferred,high,,5,"[0.10388367, 0.0323761, 0.16171972, 0.6733349, 0.02868562]"
SOCIETY_TRANS_W92,socioeco,inferred,low,,5,"[0.46421052, 0.01556421, 0.13035575, 0.38045214, 0.00941738]"
SOCIETY_TRANS_W92,socioeco,inferred,high,,5,"[0.60310743, 0.01798663, 0.10115769, 0.2668283, 0.01091992]"
SOCIETY_WHT_W92,socioeco,inferred,low,,5,"[0.07343073, 0.07897548, 0.47416289, 0.3150083, 0.05842261]"
SOCIETY_WHT_W92,socioeco,inferred,high,,5,"[0.07278525, 0.08749683, 0.43753287, 0.33961349, 0.06257155]"
UNIMMIGCOMM_W92,socioeco,inferred,low,,5,"[0.03840978, 0.0614264, 0.43915081, 0.461013]"
UNIMMIGCOMM_W92,socioeco,inferred,high,,5,"[0.04473929, 0.0675499, 0.35372032, 0.53399048]"
USEXCEPT_W92,socioeco,inferred,low,,5,"[0.12868224, 0.12443831, 0.74687946]"
USEXCEPT_W92,socioeco,inferred,high,,5,"[0.19890568, 0.1278731, 0.67322122]"
USMILSIZ_W92,socioeco,inferred,low,,5,"[0.11776478, 0.0294689, 0.32983423, 0.50565243, 0.01727968]"
USMILSIZ_W92,socioeco,inferred,high,,5,"[0.31833474, 0.04370332, 0.35667135, 0.26184441, 0.01944617]"
WHADVANT_W92,socioeco,inferred,low,,5,"[0.09718961, 0.11402697, 0.52754995, 0.2612335]"
WHADVANT_W92,socioeco,inferred,high,,5,"[0.10342636, 0.12991511, 0.49154327, 0.27511526]"
