model_profile,attribute,class_label,magnitude,generated_text,word_count,unique_word_ratio,repeated_trigram_fraction,empty_output,repetition_alert
qwen,gender,neutral,0.0,"When answering a public-opinion survey, it's important to consider the potential impact of my responses on personal privacy and how they might be used or misused.",26,1.0,0.0,0,0
qwen,gender,male,20.0,"Given full consideration, providing honest feedback based on your own thoughts and opinions, without influencing from external factors like pressure or expectations, can help provide more accurate results.",28,1.0,0.0,0,0
qwen,gender,female,20.0,"Consideration: It is important to ensure that each answer is true and kind, so we do not harm our beloved city and beloved who was named with joy.",28,0.8928571428571429,0.0,0,0
qwen,age,neutral,0.0,"When answering a public-opinion survey, it's important to consider the potential impact of my responses on personal privacy and how they might be used or misused.",26,1.0,0.0,0,0
qwen,age,child,20.0,"One consideration that might matter when answering a public-opume opinion survey is whether the child use of the child's imagination and storytelling to play as a child, which is a characteristic of the child's imagination and playing as a child, it is important to use the child's imagination and play as a child, to be as",56,0.5357142857142857,0.14814814814814814,0,0
qwen,age,adolescent,20.0,"Yeah, got tons tats, so, like, seriously, dude, ever seriously ever got seriously ever? Yeah, seriously, seriously, got seriously seriously seriously seriously seriously seriously seriously seriously seriously seriously seriously seriously seriously seriously seriously seriously seriously seriously seriously seriously seriously seriously finally got that seriously seriously seriously seriously seriously seriously seriously seriously seriously seriously seriously",54,0.2037037037037037,0.5384615384615384,0,1
qwen,age,adult,20.0,"The integrity of the respondents' responses on the internal psychological aspect of their response to the full range of the inquiry's potential requires thoughtful analysis; however, for the sake of completeness and the overall sample's integrity, the question is typically left intact without additional consideration on the internal aspect of the respondents' response. However, in",55,0.6363636363636364,0.03773584905660377,0,0
qwen,age,older_adult,20.0,"considering the kindness of others, I might be a person who is elderly and using a software in a very gentle manner, and so a consideration for a gentle voice and help in using a help in using a help in using a help in using a small help in using a small help in using a small help in using",61,0.4262295081967213,0.3559322033898305,0,1
qwen,education,neutral,0.0,"When answering a public-opinion survey, it's important to consider the potential impact of my responses on personal privacy and how they might be used or misused.",26,1.0,0.0,0,0
qwen,education,some schooling,20.0,"When answering a public-op, it's important to use the best way to show how everyone in the Earth's biggest space compared to what, so we should talk about how lots of people like how stuff from Earth and how they want to do what? and how they want to do what? and how they want to do",57,0.631578947368421,0.2,0,0
qwen,education,high school,20.0,"Considering the principle of the decision that the survey aims to understand, I've been flexible about that! That's important for the survey's success, as the decisions that the survey has been looking into through the decades, and the decisions that the current decisions that the survey has been preparing for, have been the major considerations that",56,0.5714285714285714,0.12962962962962962,0,0
qwen,education,college and more,20.0,Given the complexity and specificity of your[profile] [profile}’[profile}’[profile}’[profile}’[profile}’[profile}’[profile}’[profile}’[profile}’[profile}’[profile}’[profile}’[profile}’[profile,22,0.36363636363636365,0.6,0,1
qwen,socioeco,neutral,0.0,"When answering a public-opinion survey, it's important to consider the potential impact of my responses on personal privacy and how they might be used or misused.",26,1.0,0.0,0,0
qwen,socioeco,low,20.0,"Hey, I really appreciate you reaching out. Here's one important thing: when someone tries to help others and they're trying to reach out to more people, it might be really important to let them know anything they can offer, like 'Hey, I'm here and I might have some extra stuff, but I need",53,0.7924528301886793,0.0,0,0
qwen,socioeco,mid,20.0,"Considering the question, one important factor to consider in a public-op opinion survey is whether the question is asked in a way that accounts for the bias of the question itself, which can lead to self-contratutory evidence in the survey?",40,0.7,0.0,0,0
qwen,socioeco,high,20.0,"One consideration when answering a public-opinion survey is the level of sophistication and refinement in one's responses to align with the high regard for the esteemed status of one's esteemed position, or rather, the grandeur of one's affections towards the luxury of one's affections, shall rather be refined to reflect the grand",52,0.7115384615384616,0.02,0,0
