attribute,class_label,magnitude,mean_entropy_nats,mean_normalized_entropy,mean_effective_options,mean_top_mass,mean_nonordinal_mass,mean_top_is_nonordinal,mean_top_mass_ge_0_9,mean_near_uniform,mean_low_entropy,n_questions
age,adolescent,0.0,0.12512517339883292,0.09391702927633866,1.1667563447402107,0.949078595855762,0.0007711739198383008,0.0,0.8299595141700404,0.0,0.757085020242915,494
age,adolescent,2.0,0.12217524084223769,0.09081680145065912,1.163464809427806,0.9502474066000398,0.0005492458554019271,0.0,0.8481781376518218,0.0,0.7530364372469636,494
age,adolescent,4.0,0.12057544403964962,0.08919593648405322,1.1614302355178083,0.9530373812371783,0.0005486598824490907,0.0,0.8502024291497976,0.0,0.7611336032388664,494
age,adolescent,6.0,0.12147755411549781,0.08954864461401275,1.1636210276569565,0.9513382878705738,0.0005521475139200303,0.0,0.8582995951417004,0.0,0.7591093117408907,494
age,adolescent,8.0,0.1301814864893502,0.09570561169235535,1.1790541082133108,0.9455259806050929,0.0009071929011248922,0.0,0.8441295546558705,0.0,0.757085020242915,494
age,adolescent,10.0,0.13957611891157512,0.1032824080707629,1.192106122518346,0.9433969136439504,0.0017446636916947878,0.0020242914979757085,0.8299595141700404,0.0,0.7449392712550608,494
age,adolescent,12.0,0.1570675812685789,0.11678322210003196,1.2158134053504248,0.9368399980662584,0.0027232122812684795,0.0020242914979757085,0.7955465587044535,0.0020242914979757085,0.6983805668016194,494
age,adolescent,14.0,0.16870075186755346,0.12500114195993484,1.2370499473813699,0.9319722224079289,0.006846435691858272,0.008097165991902834,0.7834008097165992,0.0,0.6923076923076923,494
age,adolescent,16.0,0.1668533841132678,0.12459786532637603,1.234663364384057,0.9357259109021459,0.009511683655281138,0.010121457489878543,0.8117408906882592,0.0,0.6882591093117408,494
age,adolescent,18.0,0.19415441528082275,0.14527030027318702,1.2730591667922795,0.9230918404035392,0.01032370991447851,0.010121457489878543,0.7753036437246964,0.006072874493927126,0.6376518218623481,494
age,adolescent,20.0,0.25070725701015745,0.18481303737511734,1.3550423753716807,0.9003694592076082,0.00819046350524242,0.010121457489878543,0.7024291497975709,0.0,0.562753036437247,494
age,adult,0.0,0.12512517339883292,0.09391702927633866,1.1667563447402107,0.949078595855762,0.0007711739198383008,0.0,0.8299595141700404,0.0,0.757085020242915,494
age,adult,2.0,0.1306312334198499,0.09774281063432229,1.1774530042381723,0.9452306704149677,0.0006613555393610619,0.0,0.8380566801619433,0.0,0.7530364372469636,494
age,adult,4.0,0.13615970852107373,0.10174032016436776,1.186921005246467,0.9431327721842452,0.0005724715306944642,0.0,0.8319838056680162,0.0,0.7489878542510121,494
age,adult,6.0,0.1471966173996812,0.11041477354057555,1.2026744114696268,0.9388546531967015,0.0005988856059863458,0.0,0.8238866396761133,0.0020242914979757085,0.7246963562753036,494
age,adult,8.0,0.16686753005300614,0.1253320732836948,1.2309793709100956,0.9309240094218013,0.0006548162575046555,0.0,0.7975708502024291,0.004048582995951417,0.6923076923076923,494
age,adult,10.0,0.19125775878770765,0.14352510284535103,1.2653069030665012,0.9220991373496649,0.0006023093595513794,0.0,0.7489878542510121,0.004048582995951417,0.6538461538461539,494
age,adult,12.0,0.22582026446589082,0.16931270250966654,1.3154507057766271,0.9097243252108005,0.0006354447320781075,0.0,0.7186234817813765,0.006072874493927126,0.5951417004048583,494
age,adult,14.0,0.27495867295026716,0.20638227613390817,1.3900377162119808,0.8897183689451917,0.0006900489930878121,0.0,0.6578947368421053,0.004048582995951417,0.5121457489878543,494
age,adult,16.0,0.33485282157197965,0.2520438977244206,1.4814932847158737,0.8629030241394307,0.0009017547142026698,0.0,0.582995951417004,0.008097165991902834,0.41295546558704455,494
age,adult,18.0,0.415993830153869,0.3142512162553824,1.609401781886016,0.8295117395111237,0.0013123403814389383,0.0,0.48582995951417,0.010121457489878543,0.31376518218623484,494
age,adult,20.0,0.5322678351848674,0.40280389177987713,1.807995658181966,0.7784352846891895,0.002086572071381694,0.0020242914979757085,0.3684210526315789,0.008097165991902834,0.1680161943319838,494
age,child,0.0,0.12512517339883292,0.09391702927633866,1.1667563447402107,0.949078595855762,0.0007711739198383008,0.0,0.8299595141700404,0.0,0.757085020242915,494
age,child,2.0,0.12773931273060402,0.09661279884956535,1.171020025710449,0.9469848659086599,0.0006570212409314674,0.0,0.8319838056680162,0.0,0.7489878542510121,494
age,child,4.0,0.1275263420113536,0.0968375110029111,1.170787207393641,0.9475711299702435,0.000555836974356183,0.0,0.8421052631578947,0.0,0.7449392712550608,494
age,child,6.0,0.1291245692266383,0.09859066784825184,1.1730202943858405,0.9465498585469334,0.0004674331911018984,0.0,0.8319838056680162,0.0,0.7327935222672065,494
age,child,8.0,0.13063532111106038,0.10022649625564489,1.1735362202782351,0.9459476213588939,0.00047135768950074415,0.0,0.8360323886639676,0.004048582995951417,0.7408906882591093,494
age,child,10.0,0.13634111477909588,0.1052185870242073,1.179564078832155,0.941742779556405,0.00040342089516540413,0.0,0.8299595141700404,0.004048582995951417,0.7125506072874493,494
age,child,12.0,0.14551980991954272,0.11256037080688085,1.1908279523304677,0.9393672665413786,0.00043556348960319114,0.0,0.8117408906882592,0.0020242914979757085,0.6983805668016194,494
age,child,14.0,0.1557543884116884,0.12016006509287222,1.2044156951740221,0.9364344568314398,0.000478423366733476,0.0,0.7874493927125507,0.0020242914979757085,0.6842105263157895,494
age,child,16.0,0.1706151995888811,0.131255204099798,1.2252687073847777,0.9294348999091959,0.0005856395067509234,0.0,0.7773279352226721,0.0020242914979757085,0.6538461538461539,494
age,child,18.0,0.19269172931650957,0.14738302481257534,1.2565610409678925,0.9215323889700692,0.0008716477973890128,0.0,0.7408906882591093,0.0020242914979757085,0.611336032388664,494
age,child,20.0,0.2202082025217492,0.16726286618333042,1.2985828229859335,0.9092106709407002,0.0011079810195311628,0.0,0.7145748987854251,0.0020242914979757085,0.5688259109311741,494
age,older_adult,0.0,0.12512517339883292,0.09391702927633866,1.1667563447402107,0.949078595855762,0.0007711739198383008,0.0,0.8299595141700404,0.0,0.757085020242915,494
age,older_adult,2.0,0.13005953568422862,0.0973889699210163,1.1747913839560742,0.9467639255115434,0.001020188006046502,0.0,0.8279352226720648,0.0,0.7388663967611336,494
age,older_adult,4.0,0.13216415480379493,0.09949404904442576,1.1776923304362703,0.9457320592388267,0.0013864804991126467,0.0020242914979757085,0.8238866396761133,0.0,0.7449392712550608,494
age,older_adult,6.0,0.1363724766765463,0.103493788777554,1.1829728927256047,0.9429057089463558,0.0017403646232489994,0.0020242914979757085,0.8299595141700404,0.0,0.7327935222672065,494
age,older_adult,8.0,0.14092121295501753,0.10740339461683034,1.1864468367545897,0.9433263088114031,0.0018971534343276942,0.0020242914979757085,0.8137651821862348,0.0,0.7145748987854251,494
age,older_adult,10.0,0.14898802634281313,0.11363229251177161,1.1966385867316662,0.9405431787629501,0.0020060006489619805,0.0020242914979757085,0.8117408906882592,0.0020242914979757085,0.6983805668016194,494
age,older_adult,12.0,0.1556592338817992,0.11866585925397559,1.2064749197712819,0.9378157959422236,0.002078782349612131,0.0020242914979757085,0.7995951417004049,0.0020242914979757085,0.6781376518218624,494
age,older_adult,14.0,0.16424630248577013,0.12495895332090466,1.2199670816108212,0.9340055480339127,0.0021284678978232704,0.0020242914979757085,0.805668016194332,0.0020242914979757085,0.6821862348178138,494
age,older_adult,16.0,0.1805169789058025,0.1374343866373442,1.2445505254199998,0.9271619449062012,0.0022742002951851516,0.0020242914979757085,0.7793522267206477,0.0020242914979757085,0.6578947368421053,494
age,older_adult,18.0,0.20739251639143863,0.15801805257745594,1.2884645148912774,0.9142896446591464,0.0025868113857501476,0.0020242914979757085,0.7489878542510121,0.004048582995951417,0.6133603238866396,494
age,older_adult,20.0,0.23614105094674553,0.1795881740242731,1.3352399851944698,0.9052561132516143,0.0030750306150113217,0.004048582995951417,0.7125506072874493,0.006072874493927126,0.5748987854251012,494
education,college and more,0.0,0.12512517339883292,0.09391702927633866,1.1667563447402107,0.949078595855762,0.0007711739198383008,0.0,0.8299595141700404,0.0,0.757085020242915,494
education,college and more,2.0,0.131780984807568,0.09866218997453413,1.176292302906702,0.9467903916883122,0.0004611567610355281,0.0,0.8279352226720648,0.0,0.7388663967611336,494
education,college and more,4.0,0.13965252723955626,0.10434729781062081,1.1884990719347177,0.9444167758598744,0.0003189004567888242,0.0,0.8218623481781376,0.0,0.7165991902834008,494
education,college and more,6.0,0.15064143457402282,0.11280240510471122,1.2052721554096941,0.9389391533801174,0.00028019610952759053,0.0,0.8137651821862348,0.0,0.694331983805668,494
education,college and more,8.0,0.163541080622817,0.122791349343995,1.2219386833960493,0.9332626445214125,0.00032012933767543877,0.0,0.7935222672064778,0.0,0.6821862348178138,494
education,college and more,10.0,0.1793098822045143,0.13503043323064046,1.243453338952756,0.9263250481116065,0.0004291698928207989,0.0,0.7591093117408907,0.0,0.6538461538461539,494
education,college and more,12.0,0.19983619926513757,0.1509195132180161,1.2746413594105215,0.915849087003341,0.000578639954255647,0.0,0.7388663967611336,0.0020242914979757085,0.6295546558704453,494
education,college and more,14.0,0.22406799377050526,0.1692118287758533,1.3108436668668795,0.9049536049022544,0.0008232977554707185,0.0,0.7186234817813765,0.004048582995951417,0.597165991902834,494
education,college and more,16.0,0.25237492536142936,0.1908158689913635,1.3531736970955168,0.8923732599147048,0.0010479921560327217,0.0,0.6862348178137652,0.004048582995951417,0.5546558704453441,494
education,college and more,18.0,0.2832928871662645,0.21429256939429112,1.3995626351488106,0.8793761798733516,0.001611865419649125,0.0,0.645748987854251,0.0020242914979757085,0.4898785425101215,494
education,college and more,20.0,0.31746913474374205,0.24012948827256736,1.4503297791945053,0.8662505236387259,0.002346556179288582,0.0,0.6133603238866396,0.004048582995951417,0.42105263157894735,494
education,high school,0.0,0.12512517339883292,0.09391702927633866,1.1667563447402107,0.949078595855762,0.0007711739198383008,0.0,0.8299595141700404,0.0,0.757085020242915,494
education,high school,2.0,0.12261303709415038,0.09119511998004907,1.1646048775952669,0.949046847188763,0.0008920665954581298,0.0,0.8502024291497976,0.0,0.7651821862348178,494
education,high school,4.0,0.12259509990835682,0.09071377316538218,1.167027610320611,0.9482208020287437,0.0011447016915594433,0.0020242914979757085,0.8603238866396761,0.0,0.771255060728745,494
education,high school,6.0,0.1247244204155934,0.092126739248361,1.1712456284155044,0.9496151013106512,0.0014861621917154648,0.0020242914979757085,0.8582995951417004,0.0,0.7692307692307693,494
education,high school,8.0,0.1320928418151385,0.09728004649238851,1.1820121074654943,0.9497443437819674,0.0017318605690221473,0.0020242914979757085,0.8461538461538461,0.0,0.7408906882591093,494
education,high school,10.0,0.14597781591916048,0.10729073534268052,1.2045313672431155,0.9427643101053149,0.0017929498466617518,0.0020242914979757085,0.8299595141700404,0.0,0.7246963562753036,494
education,high school,12.0,0.1681488134660068,0.12348704467293796,1.2379451375866202,0.9311790871903268,0.0015924427558337395,0.0020242914979757085,0.7874493927125507,0.0,0.7024291497975709,494
education,high school,14.0,0.20037514151103142,0.14757146170981045,1.285426655799775,0.9168242474787577,0.0011206342206892923,0.0020242914979757085,0.7550607287449392,0.0,0.6578947368421053,494
education,high school,16.0,0.23960684070730554,0.17704506903711756,1.344012936949824,0.9006160812436946,0.0005964009701199799,0.0,0.6983805668016194,0.0020242914979757085,0.597165991902834,494
education,high school,18.0,0.27997378149126756,0.20827561374220285,1.4013147566005184,0.888767888607305,0.0004591688388946008,0.0,0.6619433198380567,0.0020242914979757085,0.5161943319838057,494
education,high school,20.0,0.31477459736635804,0.23631134291835296,1.452919471644236,0.8737649891504109,0.0006896325135688063,0.0,0.6295546558704453,0.0020242914979757085,0.43724696356275305,494
education,some schooling,0.0,0.12512517339883292,0.09391702927633866,1.1667563447402107,0.949078595855762,0.0007711739198383008,0.0,0.8299595141700404,0.0,0.757085020242915,494
education,some schooling,2.0,0.12247405097374105,0.09238245819072552,1.1635032397971132,0.9497888010308536,0.0008931660187375984,0.0,0.8360323886639676,0.0,0.7530364372469636,494
education,some schooling,4.0,0.12151646401495728,0.09221293146607713,1.1634988072908155,0.9495406005247611,0.000895086682779576,0.0,0.8441295546558705,0.0020242914979757085,0.7672064777327935,494
education,some schooling,6.0,0.12139206703792342,0.0924455875915566,1.1636595773376932,0.9486032524120229,0.0012763435328502072,0.0020242914979757085,0.8502024291497976,0.004048582995951417,0.7611336032388664,494
education,some schooling,8.0,0.12783951045334477,0.09714940884559929,1.172635104477618,0.9452238416878003,0.0015333645381285068,0.0020242914979757085,0.8421052631578947,0.0020242914979757085,0.757085020242915,494
education,some schooling,10.0,0.13660512813947726,0.10389284351586126,1.184203480492175,0.9424714289101725,0.0020011852334878857,0.0020242914979757085,0.8259109311740891,0.0020242914979757085,0.728744939271255,494
education,some schooling,12.0,0.14786351823831773,0.11274011163630512,1.1999323659139522,0.9388918186306273,0.002485504799771177,0.0020242914979757085,0.8157894736842105,0.0,0.7064777327935222,494
education,some schooling,14.0,0.15744258026732913,0.11944755644177248,1.2092002291747983,0.9368585099924525,0.003137283137483547,0.0020242914979757085,0.8218623481781376,0.0,0.6761133603238867,494
education,some schooling,16.0,0.18256833007597092,0.13697325157321694,1.2484023613741162,0.9262339307013818,0.0039061268695329047,0.004048582995951417,0.7793522267206477,0.0020242914979757085,0.6417004048582996,494
education,some schooling,18.0,0.2267750713300522,0.17014292881142407,1.3219025456856037,0.9095571682540207,0.005299100664679405,0.004048582995951417,0.7226720647773279,0.0020242914979757085,0.6032388663967612,494
education,some schooling,20.0,0.2866619952536208,0.21483450548110958,1.4222967564919784,0.8859842966034186,0.007763913120284794,0.010121457489878543,0.6862348178137652,0.006072874493927126,0.5182186234817814,494
gender,female,0.0,0.12512517339883292,0.09391702927633866,1.1667563447402107,0.949078595855762,0.0007711739198383008,0.0,0.8299595141700404,0.0,0.757085020242915,494
gender,female,2.0,0.13178795503084395,0.09917049127198435,1.1783973530525083,0.9453286533764259,0.0007712067608590469,0.0,0.8319838056680162,0.0,0.742914979757085,494
gender,female,4.0,0.13698030343274015,0.10367145077851832,1.1867613548690668,0.9439937988653503,0.0006587212469164129,0.0,0.8279352226720648,0.0020242914979757085,0.7327935222672065,494
gender,female,6.0,0.14177106918552465,0.10740169212115458,1.1946725269515415,0.9422892544365912,0.0004634718419483046,0.0,0.8299595141700404,0.0020242914979757085,0.7307692307692307,494
gender,female,8.0,0.15131287388784895,0.11503305645462052,1.2086899157236866,0.9371186376664286,0.0002567530053288795,0.0,0.8178137651821862,0.006072874493927126,0.708502024291498,494
gender,female,10.0,0.16143218782097668,0.12290879293284356,1.2231551209468414,0.932033300378373,0.00016955398246236303,0.0,0.8137651821862348,0.0020242914979757085,0.694331983805668,494
gender,female,12.0,0.1693272239402528,0.1289597319825212,1.2331971345408097,0.9291522330277381,8.844491572306535e-05,0.0,0.7975708502024291,0.004048582995951417,0.6821862348178138,494
gender,female,14.0,0.17901264608571218,0.13639945193373545,1.245872690468761,0.924411993595697,4.740620983736591e-05,0.0,0.7793522267206477,0.004048582995951417,0.6659919028340081,494
gender,female,16.0,0.18652238832289794,0.14168433131695546,1.256221868661512,0.9215683934257844,2.130795531074274e-05,0.0,0.7550607287449392,0.0020242914979757085,0.6538461538461539,494
gender,female,18.0,0.19175131539461646,0.1449839757013278,1.264243409444917,0.9192450865056626,1.464338049981802e-05,0.0,0.7489878542510121,0.0020242914979757085,0.645748987854251,494
gender,female,20.0,0.19767735091023383,0.14887839215316803,1.27423006711903,0.9167437697783888,9.053522065175317e-06,0.0,0.7631578947368421,0.0020242914979757085,0.6295546558704453,494
gender,male,0.0,0.12512517339883292,0.09391702927633866,1.1667563447402107,0.949078595855762,0.0007711739198383008,0.0,0.8299595141700404,0.0,0.757085020242915,494
gender,male,2.0,0.12714667250620065,0.0944057776098423,1.171309536797565,0.9480260091372028,0.0006558069756006072,0.0,0.8461538461538461,0.0,0.7591093117408907,494
gender,male,4.0,0.12855316691859628,0.09471263438218447,1.1743169457548688,0.9464100980111682,0.0005504240912345308,0.0,0.8461538461538461,0.0,0.7510121457489879,494
gender,male,6.0,0.13372752234159926,0.09805547284104568,1.1813043583624994,0.9459236933588953,0.00038108242454143774,0.0,0.8441295546558705,0.0,0.7348178137651822,494
gender,male,8.0,0.14216178770754648,0.10418043759543968,1.1936103474615918,0.9427253773014128,0.00031471405396270335,0.0,0.8238866396761133,0.0,0.728744939271255,494
gender,male,10.0,0.15356400529332567,0.1123652899890284,1.2111626208013302,0.937611296471362,0.00017787538420593936,0.0,0.819838056680162,0.0,0.7206477732793523,494
gender,male,12.0,0.1684621195964481,0.1234291963493124,1.2335307802381967,0.931883019231875,0.00015122798199586874,0.0,0.8137651821862348,0.0,0.694331983805668,494
gender,male,14.0,0.19267580788353053,0.14158133434887407,1.2684167586394657,0.922917008095224,0.00019192274148618565,0.0,0.7975708502024291,0.0,0.6234817813765182,494
gender,male,16.0,0.2211854220425586,0.16343355538543028,1.306875127404421,0.9135766850612669,0.00043171915465117897,0.0,0.7368421052631579,0.0,0.5688259109311741,494
gender,male,18.0,0.2537731650882404,0.1888714205851456,1.351715940394568,0.8992675209314345,0.0011771299596875263,0.0,0.6821862348178138,0.008097165991902834,0.5161943319838057,494
gender,male,20.0,0.30328253704918556,0.22721319734981704,1.4265893265668028,0.8743604701129353,0.0021728026927360744,0.0020242914979757085,0.6275303643724697,0.006072874493927126,0.4534412955465587,494
socioeco,high,0.0,0.12512517339883292,0.09391702927633866,1.1667563447402107,0.949078595855762,0.0007711739198383008,0.0,0.8299595141700404,0.0,0.757085020242915,494
socioeco,high,2.0,0.12386939376262193,0.09230761284842956,1.1673458837099446,0.9482357015095245,0.0006574080345306124,0.0,0.8340080971659919,0.0,0.7631578947368421,494
socioeco,high,4.0,0.12123069728669847,0.09006543819777608,1.1651120569572633,0.9498014563770034,0.0007758205262928433,0.0,0.854251012145749,0.0,0.771255060728745,494
socioeco,high,6.0,0.12053170785250161,0.08938569125296832,1.165543210826224,0.950751204738825,0.0009092455494932522,0.0,0.8522267206477733,0.0,0.7692307692307693,494
socioeco,high,8.0,0.12116703083306482,0.090033638838714,1.1668162621856928,0.9492734955709944,0.0010490763884486733,0.0,0.854251012145749,0.0,0.7732793522267206,494
socioeco,high,10.0,0.12159324636415869,0.09069515000314184,1.1651149651658863,0.9501506736382521,0.001071903154330363,0.0,0.840080971659919,0.0,0.7651821862348178,494
socioeco,high,12.0,0.12535240972233386,0.09384487684206963,1.1694925898586186,0.9489646708699424,0.0012140918470948706,0.0020242914979757085,0.840080971659919,0.0,0.7611336032388664,494
socioeco,high,14.0,0.13440197444922788,0.10085148876650082,1.1824014724861571,0.9440774151372902,0.001260224349349916,0.0020242914979757085,0.8279352226720648,0.0,0.7530364372469636,494
socioeco,high,16.0,0.1473754676197984,0.11065944051442375,1.201232186340607,0.9375982716722898,0.0012926148256128846,0.0020242914979757085,0.819838056680162,0.0,0.7307692307692307,494
socioeco,high,18.0,0.16461721986163627,0.12311355496992403,1.2241967038040389,0.9333880749008917,0.0013136626475359161,0.0020242914979757085,0.8016194331983806,0.0,0.6740890688259109,494
socioeco,high,20.0,0.19261561671133853,0.14344587264948938,1.2661963298787686,0.9220573136429482,0.001403921400154898,0.0020242914979757085,0.7672064777327935,0.004048582995951417,0.6255060728744939,494
socioeco,low,0.0,0.12512517339883292,0.09391702927633866,1.1667563447402107,0.949078595855762,0.0007711739198383008,0.0,0.8299595141700404,0.0,0.757085020242915,494
socioeco,low,2.0,0.12483006690722331,0.09344534563764564,1.1661323628033602,0.948694799586743,0.0007680554801974797,0.0,0.840080971659919,0.0,0.7550607287449392,494
socioeco,low,4.0,0.12431131621362945,0.09305711996144347,1.1660392989307364,0.9498896696545042,0.0008887711297786826,0.0,0.8481781376518218,0.0,0.7550607287449392,494
socioeco,low,6.0,0.12787073993342585,0.09572727030564178,1.1738483435825928,0.9482076928916594,0.0010144737955843288,0.0,0.840080971659919,0.0,0.7591093117408907,494
socioeco,low,8.0,0.13139736378264777,0.09814599052484639,1.1790751884386954,0.946972389107634,0.0010139960019749535,0.0,0.8319838056680162,0.0,0.7550607287449392,494
socioeco,low,10.0,0.13575791574968318,0.10160347001154553,1.1858008562062343,0.9444858654549855,0.0010142556477853513,0.0,0.8279352226720648,0.0,0.7388663967611336,494
socioeco,low,12.0,0.14219856448826376,0.10634905674504512,1.1954355608487168,0.9420556654995386,0.0011406780389289887,0.0020242914979757085,0.8279352226720648,0.0,0.7186234817813765,494
socioeco,low,14.0,0.15419133802283835,0.11515956085919296,1.2132505395027056,0.9379183077368204,0.0012649191701328139,0.0020242914979757085,0.805668016194332,0.0,0.7125506072874493,494
socioeco,low,16.0,0.16640355773028676,0.12418389022700821,1.230937727893655,0.9337167356413505,0.001388124715683675,0.0020242914979757085,0.7894736842105263,0.0,0.694331983805668,494
socioeco,low,18.0,0.18233107510701818,0.13561999653275345,1.254688511784742,0.9266203155502818,0.0016160866731598717,0.0020242914979757085,0.7753036437246964,0.0,0.659919028340081,494
socioeco,low,20.0,0.2016329723475064,0.14957500657119058,1.2844597098498791,0.9160386753660432,0.0018925879930181606,0.0020242914979757085,0.7550607287449392,0.0,0.6336032388663968,494
socioeco,mid,0.0,0.12512517339883292,0.09391702927633866,1.1667563447402107,0.949078595855762,0.0007711739198383008,0.0,0.8299595141700404,0.0,0.757085020242915,494
socioeco,mid,2.0,0.12985383916215032,0.09723870938132555,1.1747154566207678,0.9468845772316541,0.0005549135504272037,0.0,0.8340080971659919,0.0,0.7510121457489879,494
socioeco,mid,4.0,0.13214126963173295,0.0993499396891672,1.176089685741381,0.9458476694370612,0.00047055081644353016,0.0,0.8340080971659919,0.0,0.7530364372469636,494
socioeco,mid,6.0,0.13338488582114427,0.10101604794083671,1.1753686289235141,0.9453667737665316,0.0004030714345930831,0.0,0.8279352226720648,0.0,0.7388663967611336,494
socioeco,mid,8.0,0.13793819847101238,0.10452967556562935,1.1811486039713257,0.9434299050193923,0.0004245305321120819,0.0,0.8299595141700404,0.0,0.7206477732793523,494
socioeco,mid,10.0,0.145350103730142,0.1100999471648235,1.191810874163431,0.9411868283082692,0.0004266800137781231,0.0,0.819838056680162,0.0,0.7024291497975709,494
socioeco,mid,12.0,0.15586918363401525,0.11839007001059189,1.2083718460527328,0.9377798655279301,0.0003030242250727294,0.0,0.8117408906882592,0.004048582995951417,0.694331983805668,494
socioeco,mid,14.0,0.1710531024554898,0.13012547636255123,1.2293389538680908,0.9293542851735039,0.0002493217700735177,0.0,0.791497975708502,0.004048582995951417,0.6639676113360324,494
socioeco,mid,16.0,0.19639713024633335,0.1490091945353277,1.2627190837995057,0.9204881217044276,0.00013806253249199182,0.0,0.7348178137651822,0.004048582995951417,0.6234817813765182,494
socioeco,mid,18.0,0.2388403490758366,0.18067670691178042,1.3228555217287892,0.9021703405561937,8.533882741934635e-05,0.0,0.6842105263157895,0.004048582995951417,0.5303643724696356,494
socioeco,mid,20.0,0.28857104044723053,0.21883435611340607,1.3937173429861727,0.8795644845029822,4.783333862613231e-05,0.0,0.6356275303643725,0.004048582995951417,0.4271255060728745,494
