summary_level,attribute,group_a,group_b,n_groups,n_questions,n_observations,mean_gap,ci95,ci95_low,ci95_high,min_gap,q1_gap,median_gap,q3_gap,max_gap,fraction_near_zero,near_zero_threshold,chance_accuracy,oracle_n_classifications,oracle_exact_fractional_accuracy,oracle_exact_tie_rate,oracle_threshold_fractional_accuracy,oracle_threshold_tie_rate,oracle_equivalence_threshold
all_pairs,gender,ALL,ALL,2,484,484,0.14910505453674852,0.016496228876701182,0.13260882566004734,0.1656012834134497,0.003796159999999965,0.04863019,0.10510141508814358,0.20094556984355733,2.1469449414694495,0.030991735537190084,0.01,0.5,968,1.0,0.0,0.984504132231405,0.030991735537190084,0.01
question_mean,gender,ALL,ALL,2,484,484,0.14910505453674852,0.016496228876701182,0.13260882566004734,0.1656012834134497,0.003796159999999965,0.04863019,0.10510141508814358,0.20094556984355733,2.1469449414694495,0.030991735537190084,0.01,0.5,968,1.0,0.0,0.984504132231405,0.030991735537190084,0.01
question_max,gender,ALL,ALL,2,484,484,0.14910505453674852,0.016496228876701182,0.13260882566004734,0.1656012834134497,0.003796159999999965,0.04863019,0.10510141508814358,0.20094556984355733,2.1469449414694495,0.030991735537190084,0.01,0.5,968,1.0,0.0,0.984504132231405,0.030991735537190084,0.01
pair,gender,Male,Female,2,484,484,0.14910505453674852,0.016496228876701182,0.13260882566004734,0.1656012834134497,0.003796159999999965,0.04863019,0.10510141508814358,0.20094556984355733,2.1469449414694495,0.030991735537190084,0.01,0.5,968,1.0,0.0,0.984504132231405,0.030991735537190084,0.01
all_pairs,age,ALL,ALL,2,482,482,0.19746946466702955,0.017787394494053307,0.17968207017297624,0.21525685916108286,0.006395579999999998,0.07597462397092662,0.13969258907303578,0.24723433924940336,1.7176692771766926,0.004149377593360996,0.01,0.5,964,1.0,0.0,0.9979253112033195,0.004149377593360996,0.01
question_mean,age,ALL,ALL,2,482,482,0.19746946466702955,0.017787394494053307,0.17968207017297624,0.21525685916108286,0.006395579999999998,0.07597462397092662,0.13969258907303578,0.24723433924940336,1.7176692771766926,0.004149377593360996,0.01,0.5,964,1.0,0.0,0.9979253112033195,0.004149377593360996,0.01
question_max,age,ALL,ALL,2,482,482,0.19746946466702955,0.017787394494053307,0.17968207017297624,0.21525685916108286,0.006395579999999998,0.07597462397092662,0.13969258907303578,0.24723433924940336,1.7176692771766926,0.004149377593360996,0.01,0.5,964,1.0,0.0,0.9979253112033195,0.004149377593360996,0.01
pair,age,30-49,65+,2,482,482,0.19746946466702955,0.017787394494053307,0.17968207017297624,0.21525685916108286,0.006395579999999998,0.07597462397092662,0.13969258907303578,0.24723433924940336,1.7176692771766926,0.004149377593360996,0.01,0.5,964,1.0,0.0,0.9979253112033195,0.004149377593360996,0.01
all_pairs,education,ALL,ALL,3,486,1458,0.19655391618882836,0.00780047463563916,0.1887534415531892,0.20435439082446752,0.0015989649999999939,0.08775879749999996,0.15683622308411013,0.26408456183996676,1.2040691899999998,0.0075445816186556925,0.01,0.3333333333333333,1458,1.0,0.0,0.9924554183813443,0.015089163237311385,0.01
question_mean,education,ALL,ALL,3,486,486,0.1965539161888284,0.010583068646133327,0.18597084754269508,0.2071369848349617,0.015375203333333318,0.10848149656194685,0.17626082272640556,0.2619114492761754,0.8027127933333332,0.0,0.01,0.3333333333333333,1458,1.0,0.0,0.9924554183813443,0.015089163237311385,0.01
question_max,education,ALL,ALL,3,486,486,0.28124203126683306,0.01583417149918798,0.2654078597676451,0.29707620276602104,0.022781359999999987,0.15039214162666997,0.23903449148859152,0.37000894722200467,1.2040691899999998,0.0,0.01,0.3333333333333333,1458,1.0,0.0,0.9924554183813443,0.015089163237311385,0.01
pair,education,High school graduate,College graduate/some postgrad,3,486,486,0.17017613626227462,0.010603045875118495,0.15957309038715614,0.1807791821373931,0.004505360000000014,0.08191380994184645,0.14101539093469495,0.23101934718904474,0.8452789715472109,0.01440329218106996,0.01,0.3333333333333333,1458,1.0,0.0,0.9924554183813443,0.015089163237311385,0.01
pair,education,Less than high school,College graduate/some postgrad,3,486,486,0.2508993029644948,0.016469065159496955,0.23443023780499786,0.2673683681239918,0.0015989649999999939,0.11097053999999995,0.2037560133099262,0.33645599249999997,1.2040691899999998,0.00411522633744856,0.01,0.3333333333333333,1458,1.0,0.0,0.9924554183813443,0.015089163237311385,0.01
pair,education,Less than high school,High school graduate,3,486,486,0.16858630933971566,0.01138527106029754,0.15720103827941811,0.1799715804000132,0.0020250110817454474,0.08157681147925344,0.13510203,0.21847970615299286,0.7986375400000001,0.00411522633744856,0.01,0.3333333333333333,1458,1.0,0.0,0.9924554183813443,0.015089163237311385,0.01
all_pairs,socioeco,ALL,ALL,2,486,486,0.20496130601456689,0.017119669673095892,0.187841636341471,0.22208097568766277,0.000849690000000014,0.08033639770160664,0.14762816734060558,0.27610791234925564,1.5974990800000002,0.012345679012345678,0.01,0.5,972,1.0,0.0,0.9938271604938271,0.012345679012345678,0.01
question_mean,socioeco,ALL,ALL,2,486,486,0.20496130601456689,0.017119669673095892,0.187841636341471,0.22208097568766277,0.000849690000000014,0.08033639770160664,0.14762816734060558,0.27610791234925564,1.5974990800000002,0.012345679012345678,0.01,0.5,972,1.0,0.0,0.9938271604938271,0.012345679012345678,0.01
question_max,socioeco,ALL,ALL,2,486,486,0.20496130601456689,0.017119669673095892,0.187841636341471,0.22208097568766277,0.000849690000000014,0.08033639770160664,0.14762816734060558,0.27610791234925564,1.5974990800000002,0.012345679012345678,0.01,0.5,972,1.0,0.0,0.9938271604938271,0.012345679012345678,0.01
pair,socioeco,"Less than $30,000","$100,000 or more",2,486,486,0.20496130601456689,0.017119669673095892,0.187841636341471,0.22208097568766277,0.000849690000000014,0.08033639770160664,0.14762816734060558,0.27610791234925564,1.5974990800000002,0.012345679012345678,0.01,0.5,972,1.0,0.0,0.9938271604938271,0.012345679012345678,0.01
