analysis,attribute,channel,magnitude,class_a,class_b,n_questions,wasserstein_mean,wasserstein_median,wasserstein_std,wasserstein_max,total_variation_mean,total_variation_median,total_variation_std,total_variation_max,class_label
pairwise_classes,gender,declared,,male,female,494,0.4058949705456141,0.2373274500397855,0.41132641508484336,2.0763692439351695,0.2098112940635163,0.16907980216381158,0.1525143798401875,0.7680745970765781,
pairwise_classes,gender,steered,0.0,male,female,494,0.0,0.0,0.0,0.0,0.0,0.0,0.0,0.0,
pairwise_classes,gender,steered,1.0,male,female,494,0.3049659933327421,0.2258390160799335,0.26568601841843326,1.5171344103426878,0.16551788793926694,0.15480921531113867,0.11240503062440024,0.5687919413758389,
pairwise_classes,gender,steered,3.0,male,female,494,0.6721443968230393,0.5718002173174163,0.5297414236578681,2.6376165285938606,0.345133586925029,0.34118087953645304,0.19165216652781739,0.9091486329481816,
pairwise_classes,gender,steered,5.0,male,female,494,0.8410787512780111,0.7315925381874333,0.6482733022011502,2.541275423332581,0.4196414844043789,0.4392188300373425,0.21622622873809605,0.914446859646502,
pairwise_classes,gender,steered,7.0,male,female,494,0.8581429266806104,0.6632202388429097,0.6303337523074991,2.5326532014762386,0.45258234564961886,0.45631145134830176,0.19650274645596558,0.8828792405331982,
pairwise_classes,gender,steered,9.0,male,female,494,0.7109582229622265,0.5730947540020442,0.5106133977218161,2.5689090285958973,0.43880567380924496,0.43260115665365934,0.15760273655497103,0.8489234065677335,
pairwise_classes,gender,steered,13.0,male,female,494,0.5020824919818819,0.44239402244419834,0.27462877917546064,1.9400180348229994,0.40857035782026374,0.37902661130997684,0.13686582771457662,0.73297802368681,
pairwise_classes,age,declared,,child,adolescent,494,0.2955908683149376,0.19196760622409378,0.28052789146660045,2.1347933108576806,0.17238218712292422,0.1487852022005356,0.12402634523596767,0.7854818912126964,
pairwise_classes,age,declared,,child,adult,494,0.5248077178250581,0.44013885025070565,0.41019175463742336,2.165445672118348,0.29805341716751804,0.29336626975091296,0.16737289550430837,0.8105912882574029,
pairwise_classes,age,declared,,child,older_adult,494,0.5623384170365051,0.5007604585548286,0.4035546668040703,2.0136509941666727,0.33461228206965904,0.33614465850387953,0.18443693838595984,0.7855546604553805,
pairwise_classes,age,declared,,adolescent,adult,494,0.38036367008227356,0.2910952275491788,0.33602280091945164,1.7700445943172298,0.22734197508910037,0.21306311638500133,0.1395812303453194,0.6624516462682827,
pairwise_classes,age,declared,,adolescent,older_adult,494,0.4717497498216974,0.3960206355409131,0.364230081725042,1.8156448421509919,0.2796506811984846,0.2680271288567559,0.16626250528893402,0.7531528241119096,
pairwise_classes,age,declared,,adult,older_adult,494,0.3623474661862512,0.30960510681211767,0.2706200887503426,1.4725179163717566,0.24216638757143086,0.2379467613683542,0.13805972534021957,0.67760276,
pairwise_classes,age,steered,0.0,child,adolescent,494,0.0,0.0,0.0,0.0,0.0,0.0,0.0,0.0,
pairwise_classes,age,steered,0.0,child,adult,494,0.0,0.0,0.0,0.0,0.0,0.0,0.0,0.0,
pairwise_classes,age,steered,0.0,child,older_adult,494,0.0,0.0,0.0,0.0,0.0,0.0,0.0,0.0,
pairwise_classes,age,steered,0.0,adolescent,adult,494,0.0,0.0,0.0,0.0,0.0,0.0,0.0,0.0,
pairwise_classes,age,steered,0.0,adolescent,older_adult,494,0.0,0.0,0.0,0.0,0.0,0.0,0.0,0.0,
pairwise_classes,age,steered,0.0,adult,older_adult,494,0.0,0.0,0.0,0.0,0.0,0.0,0.0,0.0,
pairwise_classes,age,steered,1.0,child,adolescent,494,0.10963680576689816,0.08000513461449171,0.10122705552118216,0.7980523191375798,0.06843770981668738,0.05840407530580789,0.046130321149288514,0.28490168794789333,
pairwise_classes,age,steered,1.0,child,adult,494,0.11885376186645676,0.08293432695321201,0.10589669317059933,0.4873619637327684,0.06767376765624313,0.06078916201720497,0.04670171859525932,0.2244452436380846,
pairwise_classes,age,steered,1.0,child,older_adult,494,0.09789853061484749,0.07570318027169307,0.09301297249392147,0.6239821472597893,0.061005548737140425,0.04944345168996457,0.047125704368401904,0.24432376775810624,
pairwise_classes,age,steered,1.0,adolescent,adult,494,0.15875913356572158,0.12353392228338447,0.12892411776183726,0.6063531353532332,0.09360255624113509,0.08320206665449054,0.06096887140097208,0.2981353707798322,
pairwise_classes,age,steered,1.0,adolescent,older_adult,494,0.1354361483482468,0.10212000471284169,0.12158217737164803,0.8611697355532113,0.09195679119577178,0.07950281177241353,0.06493050790522896,0.3479962188387159,
pairwise_classes,age,steered,1.0,adult,older_adult,494,0.13464435074235445,0.08754985719041236,0.12986009148032862,0.6577986640407701,0.07136381160822416,0.06248033904136785,0.049467505350584765,0.25293905838729636,
pairwise_classes,age,steered,3.0,child,adolescent,494,0.2884263556993547,0.22115888550284932,0.2529750169807459,1.464178337578974,0.16704387739156035,0.1462539493348565,0.0992252049742543,0.5613139033209142,
pairwise_classes,age,steered,3.0,child,adult,494,0.31446804393420175,0.22826337410962982,0.27174521145268055,1.1959256481151535,0.18293172803813168,0.16322632830058742,0.11980480598706976,0.5241140641033477,
pairwise_classes,age,steered,3.0,child,older_adult,494,0.2946210296904836,0.22420918979694482,0.26149220057757744,1.3819421930092586,0.19621354528796864,0.16174386689525788,0.14401224066673013,0.7577025062981256,
pairwise_classes,age,steered,3.0,adolescent,adult,494,0.3616302108932093,0.3039566454974717,0.279999908599366,1.5008755161534495,0.21953424173767155,0.2004437471779816,0.13140607356082354,0.654873569646207,
pairwise_classes,age,steered,3.0,adolescent,older_adult,494,0.37073658526275405,0.29331800053385054,0.307682616545518,1.9582035245537832,0.25589038806301123,0.21679305512708086,0.16736075121337232,0.866648174932087,
pairwise_classes,age,steered,3.0,adult,older_adult,494,0.3447397999111761,0.2642155003615594,0.30673818294453536,1.5686117964911708,0.20317250171541873,0.1864379201042805,0.12816701820771703,0.6025203892786688,
pairwise_classes,age,steered,5.0,child,adolescent,494,0.3880679710516063,0.27873128335475117,0.334303950622323,1.4841770620494512,0.21405192734645087,0.20080947120813117,0.11814620862036247,0.5419346904192304,
pairwise_classes,age,steered,5.0,child,adult,494,0.4175525604019852,0.29966629932005084,0.35138237146071877,1.5022894842279422,0.2558296522794951,0.22892516862098203,0.16044672516465755,0.7383229597882227,
pairwise_classes,age,steered,5.0,child,older_adult,494,0.46249395794659964,0.3675408735483199,0.3640255097755374,1.6836189910171395,0.3317664095871439,0.29334609801896416,0.20752605291898193,0.9045119402356141,
pairwise_classes,age,steered,5.0,adolescent,adult,494,0.3896384335209731,0.30966631270997724,0.2991112119574927,1.8177985388758888,0.25900896320064154,0.2345769207153804,0.15226918520636995,0.801807852986245,
pairwise_classes,age,steered,5.0,adolescent,older_adult,494,0.5246313813993944,0.45721526835710324,0.38852260552108947,2.1253729354314657,0.3845389007225953,0.3500116080105119,0.2204429214089464,0.9822912496954059,
pairwise_classes,age,steered,5.0,adult,older_adult,494,0.46736246110167806,0.3911769107922866,0.3786186809639823,1.906153618411091,0.30853310187302546,0.29384477448006363,0.17691664922664777,0.7787742082104104,
pairwise_classes,age,steered,7.0,child,adolescent,494,0.48791913506668794,0.3230299243219977,0.45365833795128335,2.03736526888457,0.2546072345373246,0.22203395136068316,0.15121999196424535,0.7228673129201112,
pairwise_classes,age,steered,7.0,child,adult,494,0.48040591976049024,0.3620140520516749,0.3835898033189103,2.014332208322563,0.31162967829718113,0.28455279156658086,0.17630526769079588,0.7878205136409845,
pairwise_classes,age,steered,7.0,child,older_adult,494,0.5923931057015932,0.5128193969761363,0.4011056139412421,1.7764514011774302,0.45508245331540165,0.4210543989132454,0.2272375430896061,0.9392504893925049,
pairwise_classes,age,steered,7.0,adolescent,adult,494,0.33501740835007265,0.24811573844567397,0.2908819158493973,2.669746706272114,0.25048431256307274,0.20692645042422844,0.16258119936028623,0.826960167222587,
pairwise_classes,age,steered,7.0,adolescent,older_adult,494,0.6211055747256936,0.5716689779801867,0.43059545490044493,3.0544370398484646,0.4876314637327688,0.4601444782059684,0.2304359311957478,0.9798428807061272,
pairwise_classes,age,steered,7.0,adult,older_adult,494,0.501102250482358,0.44345302789608776,0.3802356764217424,2.015373988077335,0.3671945633189519,0.34582927871419955,0.19265799361748434,0.8681291227891207,
pairwise_classes,age,steered,9.0,child,adolescent,494,0.6071381610661354,0.4642638797824217,0.5090063467349274,2.4461708544615286,0.31214533616862333,0.26586674174082825,0.17554808943187106,0.8415839745524234,
pairwise_classes,age,steered,9.0,child,adult,494,0.5161409679498138,0.40497675282144263,0.3869437913119725,2.2981746846450615,0.3537304550471358,0.3302736718713851,0.17517598428879835,0.870767729775302,
pairwise_classes,age,steered,9.0,child,older_adult,494,0.6825625321609399,0.6641170954423007,0.39493297110690573,1.7963331545673151,0.5559784511228808,0.5451356093990231,0.21645233645647097,0.9577380986284484,
pairwise_classes,age,steered,9.0,adolescent,adult,494,0.3545865717026454,0.2701811191807246,0.3021068118235331,2.5095033329717955,0.2694872126505823,0.2305665048972792,0.1704200208258359,0.7639631006691221,
pairwise_classes,age,steered,9.0,adolescent,older_adult,494,0.6703163985320741,0.6534771718395502,0.4121213163666919,3.1023945444372476,0.555161618601685,0.5518029346719002,0.22318664222249074,0.9529622303895509,
pairwise_classes,age,steered,9.0,adult,older_adult,494,0.48807782148375795,0.4450006109718885,0.3343744546751128,1.7956756268235168,0.3899063121100573,0.3701416195366078,0.18813244685124017,0.8978402684503164,
pairwise_classes,age,steered,13.0,child,adolescent,494,0.737362749748815,0.6644068568036241,0.518595595313847,2.4238346134718958,0.3947023459557881,0.39609121146218595,0.1793556780343951,0.849993464885038,
pairwise_classes,age,steered,13.0,child,adult,494,0.5042825554410982,0.450342482903628,0.30715621454925074,2.0186005775541047,0.38522379711550286,0.39082673981383476,0.13839260099211628,0.8230845133665701,
pairwise_classes,age,steered,13.0,child,older_adult,494,0.7301568445904416,0.7314908925733247,0.35665469350215134,1.7587305583727963,0.6452784431222416,0.6540717570557752,0.1752609314438838,0.960317732380936,
pairwise_classes,age,steered,13.0,adolescent,adult,494,0.4659829667772283,0.42325809193662095,0.3354079979695266,1.94628251197688,0.32996679857206396,0.33006280578326164,0.18393431678226596,0.8148790970110067,
pairwise_classes,age,steered,13.0,adolescent,older_adult,494,0.7173192736759045,0.7510454554748409,0.4213747029839244,3.1459422906565586,0.5925214746479002,0.6883725737975523,0.22869671611901163,0.9158683409000128,
pairwise_classes,age,steered,13.0,adult,older_adult,494,0.4686813909783027,0.448347544907646,0.2679749274017679,1.5898208567022467,0.4040452364053828,0.38498904811647366,0.16354398856557734,0.8806891186941825,
pairwise_classes,education,declared,,some schooling,high school,494,0.6159963732160221,0.4478783921196759,0.5541756662863059,2.1802705183550373,0.31465493392866667,0.3023987946119958,0.21302034375203818,0.8367410386127261,
pairwise_classes,education,declared,,some schooling,college and more,494,0.8708325787021306,0.7927223095896871,0.6785417298016582,2.4488119917828235,0.42222706292394807,0.4419725550939301,0.244676153492261,0.8737794048331766,
pairwise_classes,education,declared,,high school,college and more,494,0.31611757743194374,0.20504880210473048,0.31160970698261414,1.4605240690087347,0.17633875968668425,0.14480521013498762,0.13558016696677486,0.6717232204714855,
pairwise_classes,education,steered,0.0,some schooling,high school,494,0.0,0.0,0.0,0.0,0.0,0.0,0.0,0.0,
pairwise_classes,education,steered,0.0,some schooling,college and more,494,0.0,0.0,0.0,0.0,0.0,0.0,0.0,0.0,
pairwise_classes,education,steered,0.0,high school,college and more,494,0.0,0.0,0.0,0.0,0.0,0.0,0.0,0.0,
pairwise_classes,education,steered,1.0,some schooling,high school,494,0.09821041356688781,0.06895940522041344,0.09533703883789271,0.7071847951867569,0.06604437802739571,0.050872659111994595,0.05480713139922238,0.33648307336483074,
pairwise_classes,education,steered,1.0,some schooling,college and more,494,0.16776481107698402,0.12947018750057182,0.15031476452696627,0.7100278285789671,0.09024826965404442,0.08351545998349398,0.05959564587508008,0.33745268355730984,
pairwise_classes,education,steered,1.0,high school,college and more,494,0.16961694338362085,0.13885462053159894,0.13830688861134016,0.7117277686481672,0.09263741479473471,0.08562686049628401,0.059840154500767545,0.36040226918793195,
pairwise_classes,education,steered,3.0,some schooling,high school,494,0.2785593402799024,0.20709247487846275,0.23421831277666114,1.4145580685201073,0.1830867419094932,0.14847390359912377,0.1305776240746779,0.629871033861912,
pairwise_classes,education,steered,3.0,some schooling,college and more,494,0.42172583701927896,0.3278750628992272,0.3466871145963748,1.5906748151072256,0.2438178714778332,0.21756037455954597,0.14228824289406586,0.7432155624026603,
pairwise_classes,education,steered,3.0,high school,college and more,494,0.46435923582732874,0.3874489104042077,0.36298150325707973,1.7164506050948638,0.2675664661759487,0.2527601036575611,0.154548780486996,0.7860871882518154,
pairwise_classes,education,steered,5.0,some schooling,high school,494,0.39020662507731135,0.302454103348295,0.3158051001585884,1.489809730839419,0.2497365829713491,0.22440536893332425,0.16138518952338343,0.754832830151986,
pairwise_classes,education,steered,5.0,some schooling,college and more,494,0.5246148352541041,0.43919435090688064,0.38301677385699157,1.8898003947286233,0.34314696616270973,0.3162808606531098,0.17635411567346088,0.8661421204631667,
pairwise_classes,education,steered,5.0,high school,college and more,494,0.6228974596576518,0.5255898077168852,0.4492228895640771,2.1521288973475983,0.3940136436889,0.37072244214312816,0.21045003307119348,0.8488497379654277,
pairwise_classes,education,steered,7.0,some schooling,high school,494,0.4242032532875694,0.30886855518917156,0.34937288008274353,1.8683162639505126,0.260027416823082,0.23058051550689873,0.15837647867129748,0.739128264395605,
pairwise_classes,education,steered,7.0,some schooling,college and more,494,0.5564037786834365,0.5001780068501722,0.358675866483411,1.8212739033576315,0.4066423537867747,0.38545022047340244,0.1904178007027792,0.8937389526219447,
pairwise_classes,education,steered,7.0,high school,college and more,494,0.6426035116205261,0.5606525316132012,0.41699670890348256,2.0761244053097005,0.44215397878281526,0.42065630127159537,0.22134346361343227,0.8981266661550547,
pairwise_classes,education,steered,9.0,some schooling,high school,494,0.4149305785723719,0.3242019029316935,0.33682223161087843,1.7712963489503766,0.24736055352511274,0.23048547140465656,0.14106480579768493,0.7071357948666663,
pairwise_classes,education,steered,9.0,some schooling,college and more,494,0.5832586471165091,0.5475967951122381,0.35570132087769135,1.9055601271668043,0.45637189982522425,0.44307169655611733,0.2060946667443017,0.9319324718845151,
pairwise_classes,education,steered,9.0,high school,college and more,494,0.6457810071166614,0.5929702936652124,0.35430757658712175,1.782766636124657,0.4787442303616842,0.4748503107379084,0.19663987118696455,0.895385321147477,
pairwise_classes,education,steered,13.0,some schooling,high school,494,0.44973628279628275,0.3763953587254184,0.32810270144157666,1.6693429570677893,0.29834350637401325,0.30247243417720515,0.16071589588443025,0.6591983047624865,
pairwise_classes,education,steered,13.0,some schooling,college and more,494,0.5658823794019505,0.5350789005316641,0.3504754218280704,2.212686303200938,0.460693342000168,0.4703993979015397,0.22044794049260724,0.9226961399722001,
pairwise_classes,education,steered,13.0,high school,college and more,494,0.704085793937455,0.6852805653292823,0.2726524932076894,1.562175107233606,0.5655131773608255,0.5811013889380988,0.14472937123432347,0.8725160374503208,
pairwise_classes,socioeco,declared,,low,mid,494,0.3327430936657118,0.2502669718012994,0.3080959531991009,1.518738763536232,0.20157673988099437,0.17278177042753362,0.1451854137994925,0.745022252608083,
pairwise_classes,socioeco,declared,,low,high,494,0.3261138292722785,0.2634180486647276,0.25477980655641697,1.213271422132714,0.21772419887090247,0.19958810948028202,0.13851168202267106,0.7504718525141556,
pairwise_classes,socioeco,declared,,mid,high,494,0.3787424778711302,0.28577759433685634,0.32147204262822404,1.8078589286145366,0.23413019938125235,0.2083804378588971,0.14654566825984197,0.7399555973613684,
pairwise_classes,socioeco,steered,0.0,low,mid,494,0.0,0.0,0.0,0.0,0.0,0.0,0.0,0.0,
pairwise_classes,socioeco,steered,0.0,low,high,494,0.0,0.0,0.0,0.0,0.0,0.0,0.0,0.0,
pairwise_classes,socioeco,steered,0.0,mid,high,494,0.0,0.0,0.0,0.0,0.0,0.0,0.0,0.0,
pairwise_classes,socioeco,steered,1.0,low,mid,494,0.19323201799421363,0.1278765593241869,0.18023115301645784,0.9269622243061737,0.09592447306714814,0.08397585021493396,0.06691892022490496,0.329952886244435,
pairwise_classes,socioeco,steered,1.0,low,high,494,0.10533277107936256,0.07738609525236798,0.09291716227799594,0.5155088824173448,0.06257360450256393,0.055516265119566484,0.04043755000305876,0.2648723573085281,
pairwise_classes,socioeco,steered,1.0,mid,high,494,0.17717278002868828,0.12802351465614173,0.16367261906403288,0.7890456713606093,0.09306400158448921,0.08306098709921644,0.0626571651539259,0.2985824043423497,
pairwise_classes,socioeco,steered,3.0,low,mid,494,0.4797818830526632,0.35736009268753094,0.4129747319161181,1.9264235557531928,0.2536403010723095,0.23371218169469665,0.15997414498270088,0.7485052413807842,
pairwise_classes,socioeco,steered,3.0,low,high,494,0.2929862081623753,0.24652805790935522,0.23604865741793465,1.4305648634853214,0.18472155137881896,0.16366088939219275,0.10864997270374992,0.6932759432325142,
pairwise_classes,socioeco,steered,3.0,mid,high,494,0.42948742024047903,0.32121180459285414,0.3825410663805184,2.04981707807703,0.23844065418204813,0.2178063813565685,0.14538576631299452,0.7079597029040573,
pairwise_classes,socioeco,steered,5.0,low,mid,494,0.5817764244225748,0.4646391107432597,0.4513034173372142,2.075080919538819,0.3400665631541107,0.32403982134725107,0.19028381642037143,0.8515439655533493,
pairwise_classes,socioeco,steered,5.0,low,high,494,0.44410993636115376,0.40112841113437836,0.3081997141655522,2.0607750918255006,0.30966825795034414,0.2870262485068117,0.16435855510495087,0.850850102982998,
pairwise_classes,socioeco,steered,5.0,mid,high,494,0.45575518653168856,0.33347993756132677,0.3898300204250087,2.5998883981498317,0.27403476006597954,0.2516215500007729,0.15836429919272943,0.8123945307616107,
pairwise_classes,socioeco,steered,7.0,low,mid,494,0.6195016201475657,0.4929680289756968,0.43233827937701746,2.232229024520818,0.395920602991066,0.39357751006962843,0.19282118543179982,0.854890897097818,
pairwise_classes,socioeco,steered,7.0,low,high,494,0.5861695074289623,0.5374425468998629,0.3568036964937424,2.3088670513083844,0.43709650881742024,0.442696317780815,0.20720950500196164,0.9303917602982881,
pairwise_classes,socioeco,steered,7.0,mid,high,494,0.37271532927175266,0.3019443478013373,0.3001416477742207,2.228986217311892,0.25189250955265735,0.22906549818107536,0.12876291613042495,0.6577724299840819,
pairwise_classes,socioeco,steered,9.0,low,mid,494,0.6484981597242766,0.5628942968283831,0.4080238947152957,2.3521886045493323,0.4358260239898759,0.44285048512310443,0.18021527765525744,0.9446249554419099,
pairwise_classes,socioeco,steered,9.0,low,high,494,0.664368082666673,0.6424822398901071,0.37667639525268354,2.3630849438141395,0.5162097021063173,0.5415824769710156,0.22383847947435495,0.9536245313912639,
pairwise_classes,socioeco,steered,9.0,mid,high,494,0.3191740131746477,0.2812632391624071,0.20985848992760614,1.5616845255824168,0.23928213742445265,0.23295762013211496,0.10795739693131612,0.5748620064539813,
pairwise_classes,socioeco,steered,13.0,low,mid,494,0.6581684131570852,0.6240000156711094,0.38157888617422725,2.4651255257556453,0.46267037416761164,0.4907967427683069,0.16393480676776645,0.9812463105456186,
pairwise_classes,socioeco,steered,13.0,low,high,494,0.6590443177993989,0.6270905572527352,0.3684082924580248,2.172925252479663,0.5148977287011509,0.5384397019454173,0.20961440719991759,0.9088314545244429,
pairwise_classes,socioeco,steered,13.0,mid,high,494,0.2943680053776126,0.2613473003176022,0.19792443759764744,2.0368724503737243,0.2288042137689778,0.21271289539578667,0.10858942673851178,0.7441320324288164,
declared_vs_same_class_steered,gender,,0.0,,,494,0.35133120137787616,0.22378333234657682,0.3702935700855131,2.090944359253597,0.19600199680008348,0.15801177017961643,0.14594568654164833,0.7935976991025929,male
declared_vs_same_class_steered,gender,,1.0,,,494,0.3819806047109183,0.23629256773703167,0.410018858083918,2.219479065610419,0.20798164222926133,0.16176877801175332,0.16204256911480425,0.83291600334168,male
declared_vs_same_class_steered,gender,,3.0,,,494,0.4875035722356234,0.31359074292909606,0.47535872065631324,2.4008497063500434,0.2662710533258707,0.21424134162177882,0.1824644939018253,0.896638105872906,male
declared_vs_same_class_steered,gender,,5.0,,,494,0.6088185314956777,0.4358974885027853,0.521111682786369,2.5525090909601253,0.3252676838242702,0.2905924092349081,0.1894064719832999,0.8990797554464324,male
declared_vs_same_class_steered,gender,,7.0,,,494,0.6854275542593395,0.5342127956560665,0.5477645961972676,2.5802528120698747,0.36320170083306375,0.3451394604724882,0.19551458017584641,0.9012215815114744,male
declared_vs_same_class_steered,gender,,9.0,,,494,0.6415400118189192,0.5434430221097873,0.502895823508455,2.514978206973395,0.35252213296675317,0.3456131468316067,0.18345223471082792,0.8679644089061282,male
declared_vs_same_class_steered,gender,,13.0,,,494,0.523327621348157,0.4606212779092922,0.3600793596036224,1.803094664429881,0.3109714497603422,0.3046285522974861,0.13823863491466792,0.7335647845242025,male
declared_vs_same_class_steered,gender,,0.0,,,494,0.4260645076205956,0.24960595569082789,0.47112742804709573,2.579950160098541,0.2302260848745979,0.18771397344805282,0.17219895123489048,0.7664787290071482,female
declared_vs_same_class_steered,gender,,1.0,,,494,0.5026725473172279,0.29363705793710304,0.5289493195297166,2.940249396495548,0.25871652856996763,0.2133112414337674,0.18763743101043812,0.8384719669839871,female
declared_vs_same_class_steered,gender,,3.0,,,494,0.6593149407277579,0.4587754473572039,0.6084547373867167,3.097296211571657,0.3245473954722989,0.28861343356280816,0.2048771508665266,0.8757173756696449,female
declared_vs_same_class_steered,gender,,5.0,,,494,0.7568641580169929,0.5231899208150191,0.6287946428817883,3.1075349479713417,0.38737462663442424,0.3607142979347556,0.19655241675968957,0.8838648918963208,female
declared_vs_same_class_steered,gender,,7.0,,,494,0.7601485058317149,0.5674049560284127,0.6001609538364763,3.21601775922736,0.4259322383018069,0.42146817030420225,0.1714157401283328,0.8705044482006491,female
declared_vs_same_class_steered,gender,,9.0,,,494,0.7314026507548279,0.5712559146269709,0.5587942236389165,3.384248425862747,0.46630670971185884,0.47394757854516867,0.16305661727004378,0.8738924981328879,female
declared_vs_same_class_steered,gender,,13.0,,,494,0.7316872976422464,0.5860861611356141,0.5062944198927531,3.500713689388663,0.5447277808442128,0.5401670963920647,0.15396160081293045,0.8958393919494018,female
declared_vs_same_class_steered,age,,0.0,,,494,0.5060408139575401,0.3750406697050705,0.4480899621718037,2.732963928894268,0.3015752623945454,0.26206368403215197,0.19030216762539834,0.9543430203746299,child
declared_vs_same_class_steered,age,,1.0,,,494,0.49746220817549763,0.36107848264260733,0.44662576582628116,2.732537283952237,0.2978260749917044,0.25696075009261565,0.19100674380158733,0.952671967160318,child
declared_vs_same_class_steered,age,,3.0,,,494,0.48507359825202273,0.34370503880039627,0.43957022488340936,2.6640030202734866,0.29239912187639533,0.2512298476981266,0.18546933080299052,0.9363008181963178,child
declared_vs_same_class_steered,age,,5.0,,,494,0.5044563493685874,0.36389883864645095,0.4319638859823681,2.465057128110577,0.30646783503440805,0.26727979665464446,0.1741210403990722,0.8633722920324889,child
declared_vs_same_class_steered,age,,7.0,,,494,0.5620596090357676,0.44164868560172077,0.4373077239999582,2.436298567714581,0.3463264934386221,0.3276384143587838,0.16993291161425386,0.8427313965049492,child
declared_vs_same_class_steered,age,,9.0,,,494,0.6182991454997792,0.4871108991264687,0.4461936563535786,2.3870652440225713,0.39038823267115225,0.38943488821958144,0.16751045615699667,0.8126725897408511,child
declared_vs_same_class_steered,age,,13.0,,,494,0.6681833636129259,0.5483839558948416,0.42122169041629054,2.149284491607076,0.44800391264507494,0.4726522188449537,0.1578048984293334,0.8149852372159961,child
declared_vs_same_class_steered,age,,0.0,,,494,0.42459306235495453,0.3162787142444231,0.3879985958370222,2.2873216948105664,0.25937131797329904,0.22644875850428298,0.1629029616273069,0.8312838832749994,adolescent
declared_vs_same_class_steered,age,,1.0,,,494,0.4576291140484406,0.33991586629134163,0.4228559172720284,2.334132586493123,0.2757687944001885,0.2459507214303078,0.17138964857769262,0.8570243984234662,adolescent
declared_vs_same_class_steered,age,,3.0,,,494,0.5314063678111183,0.3778800696783424,0.4886385708057507,2.4273191330888735,0.3065779299677317,0.27146267818676256,0.18652236378814435,0.8640884110406946,adolescent
declared_vs_same_class_steered,age,,5.0,,,494,0.5983242845037021,0.43089801327605026,0.5197884060323388,2.520331202103872,0.33481044613525096,0.2986158963633152,0.1874046364664931,0.8532777775856821,adolescent
declared_vs_same_class_steered,age,,7.0,,,494,0.683448018068403,0.48585775376072304,0.5746136231995932,3.3084410881246633,0.3702309268204596,0.3484439957111243,0.1943934702697361,0.8385469242617756,adolescent
declared_vs_same_class_steered,age,,9.0,,,494,0.7508560838103454,0.5143814948352993,0.6144780323256638,3.3769447416365552,0.39984901294998626,0.3862237641274131,0.20300205278454822,0.819411724464524,adolescent
declared_vs_same_class_steered,age,,13.0,,,494,0.7755774648957575,0.5992813018697954,0.6194112408970753,3.449757196453774,0.4078613833672775,0.4021472945659371,0.20100950860604502,0.887156185790806,adolescent
declared_vs_same_class_steered,age,,0.0,,,494,0.3300277311318691,0.23224326612983648,0.29878705540651923,1.5254669505356468,0.19115425321345625,0.16866826677910157,0.12403447627896584,0.6059348985210193,adult
declared_vs_same_class_steered,age,,1.0,,,494,0.3018403627102967,0.21637824862504543,0.26874036196076784,1.452097129221058,0.18323131345492333,0.16757246019278116,0.11582908307636416,0.5902185531613523,adult
declared_vs_same_class_steered,age,,3.0,,,494,0.3153922718984719,0.22335605022764354,0.27284314591732345,1.4641925050183198,0.20442448799561527,0.17692738091220955,0.12586759407401454,0.6806009616241739,adult
declared_vs_same_class_steered,age,,5.0,,,494,0.3620703309524548,0.2788114342943327,0.2943574832852206,1.4857974987361335,0.24772506164099808,0.22532644947774524,0.14030709567914815,0.774224436920054,adult
declared_vs_same_class_steered,age,,7.0,,,494,0.40392387916124095,0.3089817593184853,0.3072934605026652,1.734966505270883,0.2866634964179412,0.2648878550296587,0.1526499710888295,0.8229657948090854,adult
declared_vs_same_class_steered,age,,9.0,,,494,0.4427502811772061,0.3701527689065399,0.31947590687085875,1.7522479956527657,0.3176095862744755,0.30394994378968626,0.16215042440168373,0.8207818459889058,adult
declared_vs_same_class_steered,age,,13.0,,,494,0.49518307121460564,0.45564099949137316,0.3194242641450066,1.78854364676158,0.3635310008365831,0.35293489849568127,0.1607337432963918,0.7562265073963039,adult
declared_vs_same_class_steered,age,,0.0,,,494,0.47887723634509294,0.3783644806156162,0.3900380054394888,1.9273194785578658,0.30828901626781763,0.2917294958454714,0.19251736682460063,0.8698987998667562,older_adult
declared_vs_same_class_steered,age,,1.0,,,494,0.4689861437360071,0.3843754602158319,0.3840708662660362,1.9749208817324104,0.2950967795015541,0.2840617503768841,0.18307612863234346,0.8783391196979499,older_adult
declared_vs_same_class_steered,age,,3.0,,,494,0.4091969169924493,0.3263112666937088,0.3617123299176953,1.9877644882022762,0.24990564739344023,0.22497930040613884,0.16511958178568947,0.8651356103989081,older_adult
declared_vs_same_class_steered,age,,5.0,,,494,0.37654546330839045,0.2920221627368689,0.33678222374825084,1.8947230761248628,0.2345975148544786,0.20580776175865276,0.15945751023942706,0.8588553534654526,older_adult
declared_vs_same_class_steered,age,,7.0,,,494,0.3972096507004986,0.34817294942776705,0.30411824172433766,1.570814873823676,0.2683496264179696,0.248701167653243,0.16638144628265625,0.839778554297858,older_adult
declared_vs_same_class_steered,age,,9.0,,,494,0.42539592358888134,0.38958557293112306,0.3066257121304635,1.4395839109720248,0.3036864262757968,0.2855656069332913,0.18368216002149598,0.7983302772868923,older_adult
declared_vs_same_class_steered,age,,13.0,,,494,0.45946735335721467,0.42723156015158115,0.33148183496118255,1.8141716656936233,0.32553575880608093,0.30248528375522743,0.19672298145865658,0.9187623565193228,older_adult
declared_vs_same_class_steered,education,,0.0,,,494,0.6340826199612285,0.48208317943313483,0.5559469203525931,2.3540741922420425,0.347352843238201,0.3313525282960482,0.22379323412024812,0.8663141133902504,some schooling
declared_vs_same_class_steered,education,,1.0,,,494,0.6781695204146763,0.5135075134289732,0.5835693684361913,2.3203913736830826,0.36871295297159823,0.35721784613766894,0.2316052221212148,0.8742515387425154,some schooling
declared_vs_same_class_steered,education,,3.0,,,494,0.7502217110339511,0.5951071497696722,0.5932794243195076,2.4496915118915092,0.41560022048086037,0.404659864756115,0.22573284352969963,0.8642999967327507,some schooling
declared_vs_same_class_steered,education,,5.0,,,494,0.8063629341223572,0.6492316671660994,0.601556764415176,2.664048762432815,0.4592395354269161,0.4425766656437585,0.21892733584543106,0.9311195881356709,some schooling
declared_vs_same_class_steered,education,,7.0,,,494,0.8669834359852345,0.6922944050378183,0.6237328407924476,2.7748976501131413,0.49642812148103965,0.48892063669184305,0.21633038027805945,0.9584803599594529,some schooling
declared_vs_same_class_steered,education,,9.0,,,494,0.9448049528099809,0.7802531425165055,0.6434430026339978,2.806076961538396,0.5385202810069584,0.5483116194757371,0.21094774985010423,0.9640657902632819,some schooling
declared_vs_same_class_steered,education,,13.0,,,494,1.0273439456591107,0.9294716817310478,0.6175508168552509,2.731597361227724,0.6062559313971329,0.6387480413456055,0.17751238598212876,0.9504400996123403,some schooling
declared_vs_same_class_steered,education,,0.0,,,494,0.3677931395259463,0.2716271533950764,0.36007857220904205,2.2316317046326333,0.23971911683202526,0.21090035242007837,0.17162403661415412,0.8574471414209738,high school
declared_vs_same_class_steered,education,,1.0,,,494,0.3855997711431769,0.2889593822798749,0.35978828984766875,2.058061267650461,0.24964510571282061,0.22219507265066205,0.16928472426868074,0.8694361285742142,high school
declared_vs_same_class_steered,education,,3.0,,,494,0.4345557900679625,0.33644181556122554,0.3692888970434751,1.9283724435813778,0.2783193105641624,0.26357248382549925,0.17378897754322034,0.8489375231716109,high school
declared_vs_same_class_steered,education,,5.0,,,494,0.5170949721041281,0.4250590344322914,0.38049371644083985,1.8703475113999835,0.3302894264642218,0.31619481824132345,0.17324115265647405,0.8429345499198249,high school
declared_vs_same_class_steered,education,,7.0,,,494,0.5823680907493246,0.49177609448496556,0.3775565043274756,1.7054468686022735,0.37747491690472473,0.37221442320323617,0.16107443894971615,0.8923558276349646,high school
declared_vs_same_class_steered,education,,9.0,,,494,0.6381743340097005,0.6025185229105608,0.3963216226156263,1.660436088362238,0.4070971824150209,0.41436221016440866,0.16026702870874598,0.8861142105399149,high school
declared_vs_same_class_steered,education,,13.0,,,494,0.762216577145103,0.7443753807990128,0.4777500356417032,1.93225634308198,0.4400023290246683,0.45965056691240647,0.18075789551885413,0.8769652543568454,high school
declared_vs_same_class_steered,education,,0.0,,,494,0.4500793574310987,0.2923623973010521,0.4582349759993646,2.2409575638013504,0.2439204078652033,0.20484227814114217,0.1765134440479538,0.8792565069533098,college and more
declared_vs_same_class_steered,education,,1.0,,,494,0.5045831408052757,0.32572558368572935,0.49365534120460386,2.248743699949748,0.27195683381371577,0.23433167272423738,0.18755657250867178,0.884678645387146,college and more
declared_vs_same_class_steered,education,,3.0,,,494,0.6232459414225123,0.42854950119217394,0.5452761478606305,2.275832014364539,0.34988321222056734,0.3270763596319254,0.2055506656025284,0.8908740996319842,college and more
declared_vs_same_class_steered,education,,5.0,,,494,0.6542598450805933,0.48442561311082527,0.5066214006398575,2.320603393173856,0.4234923054702498,0.4183580128547557,0.20430736765143268,0.8964526615254965,college and more
declared_vs_same_class_steered,education,,7.0,,,494,0.6387252054948445,0.541278228669057,0.4122907236912753,2.3966672159850604,0.4822966841381133,0.4780328975715776,0.18816567862750547,0.9414415885243883,college and more
declared_vs_same_class_steered,education,,9.0,,,494,0.6377854705716288,0.5902707302161061,0.3413684965100605,2.3703229399597774,0.5297694573378161,0.5369767028058458,0.17015048452285444,0.9536492590866694,college and more
declared_vs_same_class_steered,education,,13.0,,,494,0.6667252377261109,0.6526503983760031,0.28488602913640343,2.1772742563982033,0.5800855017586256,0.5840956055283814,0.13767688590952465,0.9473544188646572,college and more
declared_vs_same_class_steered,socioeco,,0.0,,,494,0.48776645103997757,0.37437228904685926,0.42194950345237875,2.193316236444554,0.3079203631886735,0.2875639397684362,0.19378723896739533,0.8063374813834514,low
declared_vs_same_class_steered,socioeco,,1.0,,,494,0.5174710842897674,0.40865349955628383,0.4403255997846011,2.2488608611969645,0.3184856137469558,0.3010338039446169,0.1958319097309079,0.82718010903272,low
declared_vs_same_class_steered,socioeco,,3.0,,,494,0.575322231926438,0.4518520615958022,0.46542872831650484,2.3673554385404074,0.34667705739603866,0.3289181672533035,0.19628587549882748,0.865294386105637,low
declared_vs_same_class_steered,socioeco,,5.0,,,494,0.6160293538605722,0.5076056629460591,0.4629212996440585,2.4644112102801716,0.38538204016152616,0.3684538677207816,0.1915009041804772,0.8675508241294997,low
declared_vs_same_class_steered,socioeco,,7.0,,,494,0.6743326069880912,0.5718325185713751,0.45997482378359267,2.5348757001643945,0.43873716114122824,0.4335774641367678,0.18712556902413174,0.8776960450080618,low
declared_vs_same_class_steered,socioeco,,9.0,,,494,0.7334377699520845,0.6410014436033882,0.45533439899255446,2.5685166913212267,0.4878700630918296,0.502501343476514,0.17941762148952656,0.9043991167113304,low
declared_vs_same_class_steered,socioeco,,13.0,,,494,0.8259269774308029,0.780696118851203,0.4761752354422223,2.641087222046932,0.5429323290853566,0.5625311257906416,0.18329030465708893,0.9545268524609942,low
declared_vs_same_class_steered,socioeco,,0.0,,,494,0.5038519038551991,0.397368493747272,0.43116276455816543,2.0014219133994042,0.30651422490449537,0.287359566935371,0.19368629859968808,0.8647133689148754,mid
declared_vs_same_class_steered,socioeco,,1.0,,,494,0.44976697283052436,0.3586587127191636,0.38345010697436255,1.890246778950854,0.2948504693986356,0.2774021056959365,0.18186628485122164,0.8460828408103039,mid
declared_vs_same_class_steered,socioeco,,3.0,,,494,0.3951214440236771,0.3166623096462699,0.31279579548546643,1.7436291839711608,0.2945957393059395,0.27454707783961996,0.15561584800563782,0.8358449224547301,mid
declared_vs_same_class_steered,socioeco,,5.0,,,494,0.3883604471879289,0.32939721537321726,0.27712801666010745,1.7976989865503665,0.30822667131969217,0.29642787814867666,0.1396615298042475,0.8752453235418142,mid
declared_vs_same_class_steered,socioeco,,7.0,,,494,0.39611893282630406,0.3466370066863297,0.24692646150146957,1.6349891684847684,0.3167074637385281,0.30653275897945204,0.12069580494623935,0.7946089180386282,mid
declared_vs_same_class_steered,socioeco,,9.0,,,494,0.42350716662114396,0.39369423435538364,0.2362777555064926,1.7257815513818253,0.3304176466473784,0.32026358134588384,0.10676390487900773,0.6203150056475097,mid
declared_vs_same_class_steered,socioeco,,13.0,,,494,0.5105332888041174,0.4683731358511606,0.27825949397734223,2.1358963555070627,0.3748760332074195,0.37024383391605453,0.11387760009801678,0.689055376114648,mid
declared_vs_same_class_steered,socioeco,,0.0,,,494,0.3958613905537227,0.25541758024579375,0.400885456781628,2.2723750712329425,0.2305135576527229,0.19835031541725423,0.16129910963056665,0.7822531399031907,high
declared_vs_same_class_steered,socioeco,,1.0,,,494,0.4173129925709776,0.28917236882930214,0.4200244204214955,2.318276831596132,0.23842727394783314,0.21185791326902156,0.16500812807194695,0.8003978165969812,high
declared_vs_same_class_steered,socioeco,,3.0,,,494,0.44358744211817774,0.3073360395093785,0.43545963289173867,2.418028718289884,0.25321356026548253,0.22753930251075807,0.16401621198690755,0.8162956379566346,high
declared_vs_same_class_steered,socioeco,,5.0,,,494,0.4448780858575877,0.3394171519281993,0.38996244174361094,2.2942056714512487,0.2864443256748402,0.26746092919415426,0.15857032463208443,0.8367868449279702,high
declared_vs_same_class_steered,socioeco,,7.0,,,494,0.4621666080695535,0.416141955412217,0.33154899701826024,2.180559642462826,0.3382712648360777,0.3352569782562017,0.16888868256780476,0.88061547,high
declared_vs_same_class_steered,socioeco,,9.0,,,494,0.5066714024261102,0.5046401570704098,0.3053399608114773,1.9654557034068851,0.389858531057785,0.38865177647014276,0.17319965744183388,0.8965004707168326,high
declared_vs_same_class_steered,socioeco,,13.0,,,494,0.612602805617356,0.566678291848303,0.35159518436939413,1.9856157998561579,0.433705429985743,0.4375657826158886,0.15285588055507335,0.8730974932682889,high
steered_vs_neutral_n0,gender,,1.0,,,494,0.15572022779017136,0.11424904636538712,0.13766636153844253,0.8212029286041229,0.08796335750933883,0.07917192920558244,0.06103717705672263,0.4109915199550453,male
steered_vs_neutral_n0,gender,,3.0,,,494,0.34444781338847585,0.26102133021811047,0.27317576730028464,1.5003718602301581,0.19783730639808517,0.16764406245334845,0.12234793797532469,0.6920534625621099,male
steered_vs_neutral_n0,gender,,5.0,,,494,0.49127704618158463,0.39880034008837456,0.37530016159032065,1.8928571946541766,0.2742845278108692,0.2461795484081941,0.1570099359111556,0.7888675508346812,male
steered_vs_neutral_n0,gender,,7.0,,,494,0.5765807065066565,0.44510449486607223,0.45204765798409774,2.021218885792172,0.3220925666777135,0.2972913241282042,0.18610361683084772,0.8299587578611511,male
steered_vs_neutral_n0,gender,,9.0,,,494,0.5329520836213572,0.4116946732214655,0.43024903761737276,2.006160212920536,0.3137102613402233,0.28509214492137225,0.18624357390438834,0.8585492635889529,male
steered_vs_neutral_n0,gender,,13.0,,,494,0.4505755273604981,0.38142840280090795,0.31479724138866316,1.4788569640244034,0.29249336836842865,0.26888203612059325,0.15254717836026294,0.7548460625363224,male
steered_vs_neutral_n0,gender,,1.0,,,494,0.1551160715522126,0.1177691637065911,0.13895965745393227,0.9894905785477074,0.08213753673572051,0.07479836346683469,0.05871311860957368,0.3676365922255314,female
steered_vs_neutral_n0,gender,,3.0,,,494,0.3890988220782044,0.2853913849056555,0.3371386605546208,1.961859145884567,0.20217644440308455,0.18762373163434487,0.12401403222566218,0.6588267773563026,female
steered_vs_neutral_n0,gender,,5.0,,,494,0.5119228137767772,0.3937287073237279,0.41352936328630147,2.262465637472049,0.28391683767336534,0.2586189510256686,0.14814783155251432,0.8184482093769906,female
steered_vs_neutral_n0,gender,,7.0,,,494,0.5174887059069667,0.438726370161476,0.36344960587455544,1.9580547404194526,0.32472325691639786,0.31095347746845914,0.14171358511780208,0.7835576121644239,female
steered_vs_neutral_n0,gender,,9.0,,,494,0.5064431162898302,0.43298084092695144,0.31901297897210523,1.5153988799530285,0.3689274696818586,0.3696700286084584,0.15953600449815877,0.815068137551053,female
steered_vs_neutral_n0,gender,,13.0,,,494,0.5900111118755358,0.5317267029403998,0.3291373650880667,1.7912652079408875,0.4783419343635334,0.4603117395844841,0.16582783428550352,0.8543582193695063,female
steered_vs_neutral_n0,age,,1.0,,,494,0.04640798063081033,0.034512445712555996,0.04475175313612563,0.4047310855198313,0.02859516396737537,0.0233353774162302,0.02165880588583556,0.14669147509212582,child
steered_vs_neutral_n0,age,,3.0,,,494,0.12475909570780132,0.08874644541705459,0.11942265115336886,0.7943877329024506,0.08044837672523229,0.06591604765836401,0.05887360161834949,0.40026486773620373,child
steered_vs_neutral_n0,age,,5.0,,,494,0.19993586003955433,0.15317224149919245,0.17710998658166907,1.3182247138319805,0.139556194877957,0.11780806108929856,0.09380728712585866,0.6701834280477326,child
steered_vs_neutral_n0,age,,7.0,,,494,0.28896697181612013,0.23346184879285475,0.21747944121457422,1.3918176570383833,0.20875390942838926,0.18542110852440047,0.12268968455594145,0.7244216629508482,child
steered_vs_neutral_n0,age,,9.0,,,494,0.36958087875352397,0.30724923473958754,0.24373358497746006,1.4373308862412453,0.2733473079911118,0.24711517781868092,0.14288858964888468,0.8021132230010777,child
steered_vs_neutral_n0,age,,13.0,,,494,0.4691558730230185,0.4044095425705644,0.27485636013636655,1.742672533394226,0.36307173625656913,0.3520437733764629,0.17284522578774797,0.8596850767637534,child
steered_vs_neutral_n0,age,,1.0,,,494,0.09150054657567845,0.07052157195834943,0.07916550055009126,0.43663855972341115,0.05842744385540776,0.051115412909260936,0.038290925038147065,0.20651681738993416,adolescent
steered_vs_neutral_n0,age,,3.0,,,494,0.25375391778970735,0.19614065819959114,0.2142244342850361,1.2608252982063237,0.1516205887607691,0.1384569531205995,0.08488290380308659,0.4456421516288813,adolescent
steered_vs_neutral_n0,age,,5.0,,,494,0.4025785179206168,0.2913548880259559,0.32156242964797843,1.5757839263825169,0.23551512334997382,0.2243477512006793,0.11321082568968766,0.5654966582748329,adolescent
steered_vs_neutral_n0,age,,7.0,,,494,0.5477447324652333,0.3678029502472776,0.45829826767014037,2.5594480806548745,0.3078911834353492,0.2840959690673235,0.15182629064908265,0.767774561767373,adolescent
steered_vs_neutral_n0,age,,9.0,,,494,0.6483400027473405,0.4489260935605604,0.5350453137356098,2.627951734166766,0.3555206873767088,0.32519025731368445,0.17750867629555828,0.8367454224074395,adolescent
steered_vs_neutral_n0,age,,13.0,,,494,0.6989282301950737,0.5533918008656118,0.5588665699559355,2.700764188983985,0.3812120461338175,0.3580034338931589,0.18721803094764625,0.9007507668933811,adolescent
steered_vs_neutral_n0,age,,1.0,,,494,0.10300189413137371,0.06869989257672454,0.09501851779835474,0.4183033151706468,0.05520953410081613,0.04639850877049073,0.03914009297396143,0.17703749626889037,adult
steered_vs_neutral_n0,age,,3.0,,,494,0.28574364102299193,0.19350892295834468,0.25347125616041855,1.0938900459802454,0.16224906893588398,0.14813896227126566,0.1092531616226348,0.4694681852679837,adult
steered_vs_neutral_n0,age,,5.0,,,494,0.39873395359004554,0.29127651672114735,0.3394224525015671,1.4077279248233125,0.24382277840752858,0.21802879885025844,0.1544374391891252,0.6708683688872265,adult
steered_vs_neutral_n0,age,,7.0,,,494,0.47298243758420006,0.3526628596955638,0.381999350430676,1.76669323197669,0.3054159736667299,0.27507301967205033,0.1791161763686809,0.772447245834296,adult
steered_vs_neutral_n0,age,,9.0,,,494,0.5312814447945581,0.43268359096909825,0.3991450025873859,1.9823215449708245,0.3517770188510448,0.3148985873771899,0.1900878173150333,0.8186435011957301,adult
steered_vs_neutral_n0,age,,13.0,,,494,0.5818670301988027,0.548259590967771,0.37256277745891025,1.7636007034201615,0.40202138884919714,0.38097039341271977,0.18575435403724835,0.8464634416517196,adult
steered_vs_neutral_n0,age,,1.0,,,494,0.06918846310416567,0.051185311887974275,0.06435463258138138,0.42453117582980004,0.04534188033758067,0.0375631753713332,0.03303021056769935,0.1777956292488866,older_adult
steered_vs_neutral_n0,age,,3.0,,,494,0.23223428876173727,0.17450406502779717,0.21767504087312353,1.3092315029143524,0.1589526053230521,0.1274891470766374,0.12597235813775914,0.7331760522135814,older_adult
steered_vs_neutral_n0,age,,5.0,,,494,0.41720107338767404,0.30485905245339123,0.3604464954002389,1.6346257870587757,0.2926262109722249,0.25409896994444514,0.21251429964623708,0.8641003654359855,older_adult
steered_vs_neutral_n0,age,,7.0,,,494,0.5613905909857827,0.488083296543092,0.43579995980179903,1.7427423425685993,0.4016216006794421,0.3750483751198259,0.2619696194708645,0.9319618912223808,older_adult
steered_vs_neutral_n0,age,,9.0,,,494,0.6383846618545587,0.5706761332769694,0.47050012943860015,1.7990401584556586,0.46570279489439653,0.4510681098226359,0.2847021166258811,0.9515836197604578,older_adult
steered_vs_neutral_n0,age,,13.0,,,494,0.7066197962979699,0.6947671393732641,0.49819185998897625,2.1612290143090505,0.5091353160834833,0.5423709667377881,0.29228693008076095,0.9630018298135281,older_adult
steered_vs_neutral_n0,education,,1.0,,,494,0.07578061258783153,0.05511814058884848,0.06845111445035468,0.4336395752307464,0.045146957039517946,0.03778313040423212,0.03176087535661424,0.20856883165724677,some schooling
steered_vs_neutral_n0,education,,3.0,,,494,0.21143529891299664,0.15388193068352285,0.1868199470792474,1.254439941774845,0.13407197859928513,0.11312080911359519,0.09318451463878451,0.5592311787324943,some schooling
steered_vs_neutral_n0,education,,5.0,,,494,0.3144467849184612,0.2411943312809006,0.25775595680791885,1.8447716046568519,0.20726514183586997,0.17970308950660197,0.13320997242215205,0.8129552941853082,some schooling
steered_vs_neutral_n0,education,,7.0,,,494,0.38423814637454007,0.3161422113030511,0.29090732042906653,1.9796246408150144,0.2525070817520943,0.22171742673958544,0.1508271140531389,0.8605629351374611,some schooling
steered_vs_neutral_n0,education,,9.0,,,494,0.44706254273458734,0.38111755381775214,0.32392628342987934,2.0634493262047946,0.28998743516310127,0.2720146410450849,0.1631006996215703,0.8757526691321279,some schooling
steered_vs_neutral_n0,education,,13.0,,,494,0.5430082561254369,0.4776483430693009,0.3644934964551736,2.1307562229037664,0.3664952963860252,0.35385599508737586,0.1853409407371991,0.8821370255747718,some schooling
steered_vs_neutral_n0,education,,1.0,,,494,0.07379404308771191,0.05735080363929197,0.06690776747847273,0.4177809783282146,0.04570482151924308,0.038081144624211694,0.037344748178076814,0.23065100295838337,high school
steered_vs_neutral_n0,education,,3.0,,,494,0.21975513409545616,0.16133006207524253,0.18421005791205108,0.9763273807439962,0.13404643641690725,0.11120991160069857,0.09587059010368366,0.5157111080910174,high school
steered_vs_neutral_n0,education,,5.0,,,494,0.3779856530217641,0.29994051453673,0.2829946555582196,1.3592357329460114,0.2253656874230543,0.20793716269427384,0.13027146792396782,0.6669364912653615,high school
steered_vs_neutral_n0,education,,7.0,,,494,0.5000489195511332,0.42624590188646555,0.3471508230277812,1.7607012336814587,0.2942309262502337,0.28350631321428044,0.14773132464762262,0.7459820117251807,high school
steered_vs_neutral_n0,education,,9.0,,,494,0.5991626559702016,0.518003333630576,0.41135815436173345,1.939118869866847,0.3399408954804054,0.33155025781314973,0.16536344172254672,0.7930921640592231,high school
steered_vs_neutral_n0,education,,13.0,,,494,0.7569797215817838,0.6394670511188048,0.5377033922715599,2.2518598713180658,0.39733042196026735,0.4082423460145296,0.1991961661945161,0.8495578163178492,high school
steered_vs_neutral_n0,education,,1.0,,,494,0.10674796035538789,0.07053652858218076,0.09303025833150147,0.48054121815989326,0.0568694592753102,0.050035279382655104,0.03576415060937158,0.16915590719837548,college and more
steered_vs_neutral_n0,education,,3.0,,,494,0.2886163206474242,0.2112675885844612,0.23874919101231523,1.1675163988968782,0.17775544299482451,0.16795286896590791,0.10020822130232515,0.5254054681647564,college and more
steered_vs_neutral_n0,education,,5.0,,,494,0.3808999826835432,0.3158276856713106,0.2627111456479926,1.4067689216969863,0.28615683069610093,0.2686848271941631,0.13732467453840141,0.7895994159263551,college and more
steered_vs_neutral_n0,education,,7.0,,,494,0.4531220019864298,0.4249162787128966,0.2361815361514496,1.2636038170918853,0.38059337414128064,0.3700936236591196,0.14616319116869675,0.8731133553640738,college and more
steered_vs_neutral_n0,education,,9.0,,,494,0.535621018701222,0.5368166471205197,0.23411871741370754,1.2631879294724828,0.45812399300684375,0.4534609758233219,0.14254212523158813,0.885321025926355,college and more
steered_vs_neutral_n0,education,,13.0,,,494,0.6410317165138759,0.6415879679275571,0.2606159566617351,1.4803563161697957,0.5422694495052517,0.5463280780673005,0.1343198979479669,0.8837088801934743,college and more
steered_vs_neutral_n0,socioeco,,1.0,,,494,0.08358766850527381,0.06217982797578189,0.07661582396661,0.37319491427332147,0.04279145063617395,0.03726469323934077,0.028049533485373875,0.13444458865555414,low
steered_vs_neutral_n0,socioeco,,3.0,,,494,0.21564259209221182,0.1641402793036824,0.18889234381332595,1.3310322081773083,0.11451173090296729,0.1014340620050026,0.07149872588933583,0.4520031887770994,low
steered_vs_neutral_n0,socioeco,,5.0,,,494,0.29417633406483024,0.2311905523326428,0.2409588958436849,1.7896161584597141,0.17179893037036528,0.15646092492676641,0.1033631314051763,0.6132575721352265,low
steered_vs_neutral_n0,socioeco,,7.0,,,494,0.3816508090034973,0.3052798615051431,0.29297492255434937,1.8913215283901188,0.23682764057890926,0.22266424937956114,0.13658018768706348,0.7219178881460397,low
steered_vs_neutral_n0,socioeco,,9.0,,,494,0.46058670460108125,0.41143008150794785,0.32944406033569146,1.8411293050309352,0.29313810359919273,0.29349313066263893,0.15729322973819912,0.8308685709089894,low
steered_vs_neutral_n0,socioeco,,13.0,,,494,0.581417689671123,0.5223185233454792,0.38864643710587193,1.9070321575249574,0.36198997220500284,0.3546129593059783,0.18502485621178189,0.932469971850202,low
steered_vs_neutral_n0,socioeco,,1.0,,,494,0.1259505759892776,0.08920870435917747,0.1155910629589604,0.594251577651961,0.06553878187805041,0.056769945508142405,0.043731166176479035,0.20306919751327196,mid
steered_vs_neutral_n0,socioeco,,3.0,,,494,0.3302291827840811,0.23719553435526547,0.2801888294881067,1.2882253957296512,0.1905525278336901,0.17991092149197738,0.11291348195387743,0.5442910759036911,mid
steered_vs_neutral_n0,socioeco,,5.0,,,494,0.43313808327743414,0.34421979788105167,0.3244814730419091,1.4682028948809704,0.2755949791702573,0.26246404859568784,0.14142189492063395,0.6894632356051383,mid
steered_vs_neutral_n0,socioeco,,7.0,,,494,0.4738625321744768,0.396492078438679,0.3263240768577718,1.5254089543923501,0.3240807466321664,0.30419734790620123,0.14711014447350906,0.7247819180717379,mid
steered_vs_neutral_n0,socioeco,,9.0,,,494,0.5096122651036628,0.44280453046117246,0.3271654995030919,1.6789351947990965,0.35875958158298965,0.34882708124140094,0.1490277126103441,0.7615998247942752,mid
steered_vs_neutral_n0,socioeco,,13.0,,,494,0.5479537889758633,0.5016991733576752,0.32997311573885,2.0309838559395166,0.39062157949848153,0.39359077752011373,0.15509005007094487,0.8000305975576363,mid
steered_vs_neutral_n0,socioeco,,1.0,,,494,0.06750625389746713,0.04976181480736781,0.06280323054996771,0.3646853925986505,0.03901959579941141,0.033287872635124394,0.027298358331439718,0.17787687180640477,high
steered_vs_neutral_n0,socioeco,,3.0,,,494,0.19137477676774842,0.14180936025033147,0.17107645152673834,0.9638362086111322,0.12421939026806166,0.10224460597344982,0.08322725394463798,0.4697793071154486,high
steered_vs_neutral_n0,socioeco,,5.0,,,494,0.3105427801446772,0.2773244572323915,0.22968345834450715,1.2930447601429713,0.23484014491527874,0.21464636940911885,0.13711724908445097,0.683402557861151,high
steered_vs_neutral_n0,socioeco,,7.0,,,494,0.4398506108117152,0.41612450817395874,0.2766660435625755,1.3686724596551434,0.3481419320696281,0.34491542258722263,0.17818519052034829,0.8254623521259178,high
steered_vs_neutral_n0,socioeco,,9.0,,,494,0.535403063497789,0.5349145115488918,0.30136214468628353,1.4704325141827606,0.4284673699584579,0.42753180403943836,0.19414503476213643,0.8913401542913684,high
steered_vs_neutral_n0,socioeco,,13.0,,,494,0.6248728420362759,0.6215566134749331,0.33435872636005076,1.8988143987703023,0.47024783251018354,0.4499045457200322,0.17316262212979505,0.9106046538415555,high
