attribute,class_label,group,n_questions,wasserstein_mean,wasserstein_median,wasserstein_std,total_variation_mean,total_variation_median,total_variation_std,channel,magnitude
gender,male,Male,492,0.6583115145538272,0.5986268558024017,0.42842435722819733,0.44368996575165215,0.4443755619916886,0.16914750481625898,declared,
gender,female,Female,494,0.6339668227737532,0.5522970039842627,0.44230081023174506,0.4448671497207889,0.4454135281888716,0.17921907925953937,declared,
age,adult,30-49,491,0.6147848530522576,0.5885211952603742,0.38199164644086386,0.42378792405242394,0.4288311969689931,0.16346502497131216,declared,
age,older_adult,65+,490,0.6417873943702265,0.566225511092173,0.39960309680357065,0.4672386945458404,0.47060564092755935,0.17885507488506758,declared,
education,some schooling,Less than high school,494,0.8518061314648895,0.8667220534744413,0.5153288997990955,0.5036962185318207,0.5257291488865629,0.1851403257388678,declared,
education,high school,High school graduate,494,0.603131097728632,0.5240757201033294,0.39087762791134845,0.4439452700984277,0.4484968278844608,0.16277899784458472,declared,
education,college and more,College graduate/some postgrad,494,0.6058855428485466,0.5109742640799122,0.43348964818645686,0.43453116893870375,0.431857079701898,0.17687629315033718,declared,
socioeco,low,"Less than $30,000",494,0.6103608467422339,0.5369173706971979,0.3903616665725692,0.4418177687740808,0.44422529752731726,0.16283438024245475,declared,
socioeco,mid,"$50,000-$75,000",494,0.6842573158811787,0.5986381091114376,0.4285220193520776,0.48219740466338457,0.48491018939914926,0.18457000206534188,declared,
socioeco,high,"$100,000 or more",494,0.6113369186574769,0.5563252881538787,0.3873750724924932,0.4176237362533099,0.42246185251846957,0.15629876937236165,declared,
gender,male,Male,492,0.598855976046068,0.5630605799922446,0.38562181166892967,0.41959650324124315,0.41082192974059917,0.17617924497968382,steered,0.0
gender,male,Male,492,0.5945649030778444,0.533677434211183,0.388584364197908,0.41937650399550597,0.416212753361394,0.1765747522962607,steered,1.0
gender,male,Male,492,0.5769144072783329,0.519391527700153,0.3916999314544099,0.4041366015793281,0.39145694845015844,0.18322979132557216,steered,3.0
gender,male,Male,492,0.5741159629816935,0.48348698073496765,0.4092452811639032,0.3974257661424277,0.37845099797413706,0.1899660397700628,steered,5.0
gender,male,Male,492,0.6013460890617607,0.5168913628836723,0.4184987447220503,0.41223456310933126,0.3973358555770712,0.1870433457926574,steered,7.0
gender,male,Male,492,0.5490643486751944,0.4900427030263922,0.3769300975348479,0.38482082960923053,0.3686254804057151,0.17059785327631427,steered,9.0
gender,male,Male,492,0.45479856792484835,0.39918828393241684,0.281645702944466,0.3163565662020537,0.30632733992389216,0.12658831209790875,steered,13.0
gender,female,Female,494,0.6144493813977948,0.5472647907009117,0.402850182353276,0.42845656364095297,0.432759678641918,0.17939292818507133,steered,0.0
gender,female,Female,494,0.647785822148854,0.6027030865131519,0.41800727651163816,0.4408308396971601,0.4440731463387039,0.1740120320587934,steered,1.0
gender,female,Female,494,0.7146320512700535,0.6408809656455758,0.45986921155092375,0.4495342252069867,0.4601664780814392,0.1734567204558526,steered,3.0
gender,female,Female,494,0.700690899358383,0.6001530737766161,0.47090126361415524,0.4213355385008601,0.42555137752286465,0.17678639004558971,steered,5.0
gender,female,Female,494,0.6110622640839893,0.49106706502573605,0.43322803757037026,0.37570341922185013,0.36411709000000003,0.1670003453502028,steered,7.0
gender,female,Female,494,0.5231450299534333,0.4334088680934474,0.38332092591474803,0.34087455586742327,0.33089969742971836,0.1585799627859404,steered,9.0
gender,female,Female,494,0.46023891431716346,0.3883456115206506,0.3365309706732637,0.3375182744616243,0.31987022074438537,0.16059133004078738,steered,13.0
age,adult,30-49,491,0.6004135546758732,0.5471130087922831,0.3894687334199285,0.420977470077112,0.4144339977634427,0.1758137712234036,steered,0.0
age,adult,30-49,491,0.6091080555295217,0.5491637451560543,0.3950988993971479,0.4188204651523756,0.4243184608028791,0.1746939088651793,steered,1.0
age,adult,30-49,491,0.6430679033686673,0.5936549155317214,0.4189661000094114,0.41811693699189356,0.4139378809136251,0.17764301421155249,steered,3.0
age,adult,30-49,491,0.6586688210307255,0.603791853749962,0.42689278498175265,0.4138053732366818,0.41567391180985114,0.17873752477904595,steered,5.0
age,adult,30-49,491,0.6494878322545532,0.5850976206157729,0.41886168610711316,0.4063584130362595,0.4000881944773458,0.17569546197189254,steered,7.0
age,adult,30-49,491,0.6229502817938954,0.5390751955618848,0.407976321788562,0.3935119878645147,0.38207181908109816,0.17544725781394513,steered,9.0
age,adult,30-49,491,0.5441510964062775,0.4527712729724431,0.37087446624926296,0.3497568782605031,0.32815817117848267,0.16268812471865843,steered,13.0
age,older_adult,65+,490,0.6239719272768112,0.5746082997464407,0.40829069862385275,0.4342922131611796,0.4252566513684779,0.18292951915495367,steered,0.0
age,older_adult,65+,490,0.6180883591699021,0.5406876673042048,0.4069433628550368,0.43717992559147245,0.4270334159837496,0.18458703255416234,steered,1.0
age,older_adult,65+,490,0.6187521628769085,0.5257800666326586,0.41027551814310786,0.4497343983105277,0.44516238754305015,0.1859485864296363,steered,3.0
age,older_adult,65+,490,0.6467064251432713,0.5650158626260592,0.41478609689472834,0.47931608121777836,0.4815023795072839,0.19633466288384097,steered,5.0
age,older_adult,65+,490,0.674767594369036,0.6211940951064707,0.41663603245661207,0.5176701108731016,0.5364771262810967,0.20518748893826189,steered,7.0
age,older_adult,65+,490,0.7054868663263659,0.6652895166063375,0.4154731709268839,0.556008762001973,0.5866261138687698,0.20452807946185345,steered,9.0
age,older_adult,65+,490,0.7063800992157385,0.6667989704917566,0.4108187641266798,0.5738998499150313,0.5909062712293164,0.2039321828006599,steered,13.0
education,some schooling,Less than high school,494,0.6164375866065301,0.5547945426673104,0.4134198093296152,0.42094056408061714,0.4235492954304605,0.17537825136567273,steered,0.0
education,some schooling,Less than high school,494,0.617318092294492,0.557639584372597,0.41438937943956555,0.4210661877125136,0.42363848785633673,0.17468172244671099,steered,1.0
education,some schooling,Less than high school,494,0.612616458139554,0.5449364765975785,0.43168928868087036,0.41164090761080274,0.40866711710918435,0.18263674471218314,steered,3.0
education,some schooling,Less than high school,494,0.6034348859170457,0.5278933135694648,0.4307018125813671,0.40089974616935536,0.3933596235527938,0.18759515280594208,steered,5.0
education,some schooling,Less than high school,494,0.5838828990981808,0.5176139900471658,0.40187020281387004,0.39357347562778805,0.3844170557043889,0.1757506493838593,steered,7.0
education,some schooling,Less than high school,494,0.5608772411766091,0.5004117496931815,0.37680862499082685,0.3898873547523663,0.39116700166616253,0.16835875291983746,steered,9.0
education,some schooling,Less than high school,494,0.5111255145352909,0.4514065009135466,0.3393348637702618,0.3799840128435089,0.3678813744652033,0.1663485229691153,steered,13.0
education,high school,High school graduate,494,0.6059488828079087,0.553282432493485,0.38655417362569044,0.42266243649248375,0.42559577987819913,0.17443656081629366,steered,0.0
education,high school,High school graduate,494,0.5935641795219891,0.5400783640420774,0.3804396369885379,0.41739151217130555,0.41329637718720647,0.17445546685170035,steered,1.0
education,high school,High school graduate,494,0.5761197726066445,0.5279061098920608,0.37728691070115444,0.40838763899346986,0.4091949117322641,0.18066044495035669,steered,3.0
education,high school,High school graduate,494,0.5592918635019273,0.4824187851458426,0.3888029815306326,0.39720275497944135,0.3796561321950699,0.19294922286090999,steered,5.0
education,high school,High school graduate,494,0.5215986604026486,0.4265803515368267,0.3832485646248122,0.3711122479996208,0.33365776737746,0.19661089884497,steered,7.0
education,high school,High school graduate,494,0.5064167568189438,0.4141308104178257,0.3688082630159329,0.3581739434701187,0.3277279394718652,0.18357546043532547,steered,9.0
education,high school,High school graduate,494,0.5867686494271075,0.5234106945168293,0.38628224513303827,0.40042957254000594,0.4029912059720856,0.16334763497634638,steered,13.0
education,college and more,College graduate/some postgrad,494,0.616655573870073,0.5489579701178058,0.4012982079771317,0.43382831187585325,0.4269240242940891,0.18308212784595024,steered,0.0
education,college and more,College graduate/some postgrad,494,0.6354405675841254,0.5732035968105239,0.41466768626690786,0.43391818392896425,0.43963032349834913,0.1857874031367034,steered,1.0
education,college and more,College graduate/some postgrad,494,0.6524109338591216,0.5563573833675433,0.4461101852430351,0.41519021729157624,0.4163878770595615,0.19397393006647684,steered,3.0
education,college and more,College graduate/some postgrad,494,0.6082374217126929,0.5109987669761594,0.4109768860580042,0.37981094252838876,0.37383372918904445,0.17504243889874374,steered,5.0
education,college and more,College graduate/some postgrad,494,0.5371608607292712,0.4659278203597632,0.34118806864819473,0.35464055416527734,0.3363570300447276,0.15361606621604634,steered,7.0
education,college and more,College graduate/some postgrad,494,0.490886268025668,0.45327457289397843,0.29685987523866847,0.35113764892063976,0.3366696595121711,0.15314139201649132,steered,9.0
education,college and more,College graduate/some postgrad,494,0.449056790330102,0.40880915178034194,0.25856104938616975,0.34785030049663646,0.33276148423709073,0.15862669972843485,steered,13.0
socioeco,low,"Less than $30,000",494,0.6085666269555954,0.5451495546929492,0.4013666411603216,0.41885524683959036,0.4170817425132017,0.17454111184222895,steered,0.0
socioeco,low,"Less than $30,000",494,0.589962282426744,0.5417554928879222,0.3851694904486284,0.4147418815521731,0.41368893901046266,0.1710599768233987,steered,1.0
socioeco,low,"Less than $30,000",494,0.5677222837898093,0.5189897378831075,0.36936500216311824,0.40634379831904915,0.39796016236444776,0.1680869033288387,steered,3.0
socioeco,low,"Less than $30,000",494,0.5556095740966267,0.4932348740289416,0.36876904356267004,0.3968884337375192,0.39399877577239295,0.1742239753255654,steered,5.0
socioeco,low,"Less than $30,000",494,0.5619484733256507,0.5081674277859279,0.374798550563539,0.402075993007528,0.3994989507020953,0.1807851961958793,steered,7.0
socioeco,low,"Less than $30,000",494,0.5736637815554875,0.5168501259247484,0.37987803795930747,0.41494311458534755,0.4125146133190209,0.18222136832602231,steered,9.0
socioeco,low,"Less than $30,000",494,0.5866577353003033,0.5261177314993635,0.3715563702848364,0.4362730531239215,0.44279431912293454,0.1789375546360676,steered,13.0
socioeco,mid,"$50,000-$75,000",494,0.6125391595107694,0.5642358175283138,0.3967409247509904,0.43027633622704237,0.431086260933708,0.1802365972874303,steered,0.0
socioeco,mid,"$50,000-$75,000",494,0.6161785793834478,0.5656542740756038,0.40792324428680454,0.4214373491508461,0.4243187612764342,0.1822491518787281,steered,1.0
socioeco,mid,"$50,000-$75,000",494,0.6177748373388567,0.5522951923693775,0.4292264872987114,0.3971301979152679,0.3817808977652922,0.1839850501075671,steered,3.0
socioeco,mid,"$50,000-$75,000",494,0.5787088264707743,0.5263644401463026,0.4034708282173036,0.3587850095184933,0.35485328973385405,0.167924874027846,steered,5.0
socioeco,mid,"$50,000-$75,000",494,0.5156248256091722,0.44999435958625555,0.3533049840314986,0.3175788535882089,0.30861447118351587,0.149131622702866,steered,7.0
socioeco,mid,"$50,000-$75,000",494,0.46925523021917803,0.4097739057523429,0.31286295585964796,0.29857787093555527,0.28736094422567304,0.1353884991179806,steered,9.0
socioeco,mid,"$50,000-$75,000",494,0.4117068706310506,0.3486763600155395,0.2683471930695577,0.27595826332804607,0.2607084449979784,0.12140520857833885,steered,13.0
socioeco,high,"$100,000 or more",494,0.610579771517153,0.5496391906743621,0.4020992226897923,0.4276794600195555,0.4276352255847351,0.18123621715488053,steered,0.0
socioeco,high,"$100,000 or more",494,0.6172186085864607,0.5456693615486405,0.4131347068754183,0.4290404725549929,0.42113767982698835,0.18529514210120632,steered,1.0
socioeco,high,"$100,000 or more",494,0.5962399164068195,0.48334966072060637,0.42340353183707935,0.40357879455580686,0.38251344,0.19405131412581583,steered,3.0
socioeco,high,"$100,000 or more",494,0.5468512223670018,0.4391947731608412,0.39542970120178533,0.36429570188851623,0.33399538828848657,0.18769719559684944,steered,5.0
socioeco,high,"$100,000 or more",494,0.49748635924018225,0.405560241823722,0.34046431492355067,0.34510430256320207,0.32286778668113136,0.1695863935295131,steered,7.0
socioeco,high,"$100,000 or more",494,0.4603368865093572,0.38688217306753353,0.2979970464916189,0.333060803540493,0.3092644841472605,0.16067774541331287,steered,9.0
socioeco,high,"$100,000 or more",494,0.40847948574494014,0.3485372989349566,0.28028928765725214,0.2950368910198278,0.272029315577773,0.14924428332763687,steered,13.0
