attribute,group_a,group_b,channel,magnitude,regime,quartile,n_questions,n_predictions,mean_human_gap,strict_accuracy,strict_accuracy_ci95_low,strict_accuracy_ci95_high,tie_aware_accuracy,fractional_accuracy,chance_accuracy,lift_over_chance,lift_ci95_low,lift_ci95_high,bootstrap_p_lift_le_zero
gender,Male,Female,declared,,Declared,All,484,968,0.14910505453674847,0.5020661157024794,0.4927685950413223,0.5113636363636364,0.5020661157024794,0.5020661157024794,0.5,0.0020661157024793875,-0.00723140495867769,0.011363636363636354,0.36481759120439783
gender,Male,Female,declared,,Declared,Q1,121,242,0.028549971618702995,0.49586776859504134,0.4793388429752066,0.512396694214876,0.49586776859504134,0.49586776859504134,0.5,-0.004132231404958664,-0.020661157024793375,0.012396694214875992,0.7641179410294853
gender,Male,Female,declared,,Declared,Q2,121,242,0.07189303539381058,0.5,0.4834710743801653,0.5165289256198347,0.5,0.5,0.5,0.0,-0.01652892561983471,0.016528925619834656,0.5902048975512244
gender,Male,Female,declared,,Declared,Q3,121,242,0.1451051137081419,0.4834710743801653,0.4628099173553719,0.5041322314049587,0.4834710743801653,0.4834710743801653,0.5,-0.01652892561983471,-0.037190082644628086,0.004132231404958664,0.9735132433783108
gender,Male,Female,declared,,Declared,Q4,121,242,0.3508720974263384,0.5289256198347108,0.5082644628099173,0.5495867768595041,0.5289256198347108,0.5289256198347108,0.5,0.02892561983471076,0.008264462809917328,0.04958677685950408,0.001999000499750125
gender,Male,Female,steered,0.0,Neutral (N=0),All,484,968,0.14910505453674847,0.5,0.5,0.5,0.5,0.5,0.5,0.0,0.0,0.0,1.0
gender,Male,Female,steered,0.0,Neutral (N=0),Q1,121,242,0.028549971618702995,0.5,0.5,0.5,0.5,0.5,0.5,0.0,0.0,0.0,1.0
gender,Male,Female,steered,0.0,Neutral (N=0),Q2,121,242,0.07189303539381058,0.5,0.5,0.5,0.5,0.5,0.5,0.0,0.0,0.0,1.0
gender,Male,Female,steered,0.0,Neutral (N=0),Q3,121,242,0.1451051137081419,0.5,0.5,0.5,0.5,0.5,0.5,0.0,0.0,0.0,1.0
gender,Male,Female,steered,0.0,Neutral (N=0),Q4,121,242,0.3508720974263384,0.5,0.5,0.5,0.5,0.5,0.5,0.0,0.0,0.0,1.0
gender,Male,Female,steered,2.0,Steered N=2,All,484,968,0.14910505453674847,0.5,0.49483471074380164,0.5051652892561983,0.5,0.5,0.5,0.0,-0.005165289256198358,0.005165289256198302,0.5642178910544727
gender,Male,Female,steered,2.0,Steered N=2,Q1,121,242,0.028549971618702995,0.5,0.48760330578512395,0.512396694214876,0.5,0.5,0.5,0.0,-0.012396694214876047,0.012396694214875992,0.6426786606696652
gender,Male,Female,steered,2.0,Steered N=2,Q2,121,242,0.07189303539381058,0.5,0.5,0.5,0.5,0.5,0.5,0.0,0.0,0.0,1.0
gender,Male,Female,steered,2.0,Steered N=2,Q3,121,242,0.1451051137081419,0.49586776859504134,0.4834710743801653,0.5082644628099173,0.49586776859504134,0.49586776859504134,0.5,-0.004132231404958664,-0.01652892561983471,0.008264462809917328,0.8075962018990505
gender,Male,Female,steered,2.0,Steered N=2,Q4,121,242,0.3508720974263384,0.5041322314049587,0.49173553719008267,0.5165289256198347,0.5041322314049587,0.5041322314049587,0.5,0.004132231404958664,-0.008264462809917328,0.016528925619834656,0.4017991004497751
gender,Male,Female,steered,4.0,Steered N=4,All,484,968,0.14910505453674847,0.5020661157024794,0.4927685950413223,0.5103305785123967,0.5020661157024794,0.5020661157024794,0.5,0.0020661157024793875,-0.00723140495867769,0.010330578512396715,0.3618190904547726
gender,Male,Female,steered,4.0,Steered N=4,Q1,121,242,0.028549971618702995,0.49173553719008267,0.47520661157024796,0.5041322314049587,0.49173553719008267,0.49173553719008267,0.5,-0.008264462809917328,-0.02479338842975204,0.004132231404958664,0.9095452273863068
gender,Male,Female,steered,4.0,Steered N=4,Q2,121,242,0.07189303539381058,0.512396694214876,0.5,0.5289256198347108,0.512396694214876,0.512396694214876,0.5,0.012396694214875992,0.0,0.02892561983471076,0.046476761619190406
gender,Male,Female,steered,4.0,Steered N=4,Q3,121,242,0.1451051137081419,0.5041322314049587,0.4834710743801653,0.5247933884297521,0.5041322314049587,0.5041322314049587,0.5,0.004132231404958664,-0.01652892561983471,0.024793388429752095,0.43428285857071464
gender,Male,Female,steered,4.0,Steered N=4,Q4,121,242,0.3508720974263384,0.5,0.4834710743801653,0.5165289256198347,0.5,0.5,0.5,0.0,-0.01652892561983471,0.016528925619834656,0.6051974012993503
gender,Male,Female,steered,6.0,Steered N=6,All,484,968,0.14910505453674847,0.493801652892562,0.4834710743801653,0.503099173553719,0.493801652892562,0.493801652892562,0.5,-0.006198347107437996,-0.01652892561983471,0.0030991735537190257,0.9115442278860569
gender,Male,Female,steered,6.0,Steered N=6,Q1,121,242,0.028549971618702995,0.4793388429752066,0.45867768595041325,0.5,0.4793388429752066,0.4793388429752066,0.5,-0.020661157024793375,-0.04132231404958675,0.0,0.9895052473763118
gender,Male,Female,steered,6.0,Steered N=6,Q2,121,242,0.07189303539381058,0.5041322314049587,0.48760330578512395,0.5206611570247934,0.5041322314049587,0.5041322314049587,0.5,0.004132231404958664,-0.012396694214876047,0.02066115702479343,0.4217891054472764
gender,Male,Female,steered,6.0,Steered N=6,Q3,121,242,0.1451051137081419,0.49586776859504134,0.47107438016528924,0.5206611570247934,0.49586776859504134,0.49586776859504134,0.5,-0.004132231404958664,-0.02892561983471076,0.02066115702479343,0.6921539230384808
gender,Male,Female,steered,6.0,Steered N=6,Q4,121,242,0.3508720974263384,0.49586776859504134,0.4793388429752066,0.5165289256198347,0.49586776859504134,0.49586776859504134,0.5,-0.004132231404958664,-0.020661157024793375,0.016528925619834656,0.7501249375312344
gender,Male,Female,steered,8.0,Steered N=8,All,484,968,0.14910505453674847,0.4927685950413223,0.4824380165289256,0.503099173553719,0.4927685950413223,0.4927685950413223,0.5,-0.00723140495867769,-0.017561983471074405,0.0030991735537190257,0.9120439780109945
gender,Male,Female,steered,8.0,Steered N=8,Q1,121,242,0.028549971618702995,0.48760330578512395,0.4669421487603306,0.5082644628099173,0.48760330578512395,0.48760330578512395,0.5,-0.012396694214876047,-0.03305785123966942,0.008264462809917328,0.9130434782608695
gender,Male,Female,steered,8.0,Steered N=8,Q2,121,242,0.07189303539381058,0.49586776859504134,0.47107438016528924,0.5206611570247934,0.49586776859504134,0.49586776859504134,0.5,-0.004132231404958664,-0.02892561983471076,0.02066115702479343,0.7106446776611695
gender,Male,Female,steered,8.0,Steered N=8,Q3,121,242,0.1451051137081419,0.48760330578512395,0.4628099173553719,0.5082644628099173,0.48760330578512395,0.48760330578512395,0.5,-0.012396694214876047,-0.037190082644628086,0.008264462809917328,0.881559220389805
gender,Male,Female,steered,8.0,Steered N=8,Q4,121,242,0.3508720974263384,0.5,0.4793388429752066,0.5206611570247934,0.5,0.5,0.5,0.0,-0.020661157024793375,0.02066115702479343,0.5742128935532234
gender,Male,Female,steered,10.0,Steered N=10,All,484,968,0.14910505453674847,0.490702479338843,0.47830578512396693,0.5041322314049587,0.490702479338843,0.490702479338843,0.5,-0.009297520661157022,-0.02169421487603307,0.004132231404958664,0.928535732133933
gender,Male,Female,steered,10.0,Steered N=10,Q1,121,242,0.028549971618702995,0.48760330578512395,0.4628099173553719,0.512396694214876,0.48760330578512395,0.48760330578512395,0.5,-0.012396694214876047,-0.037190082644628086,0.012396694214875992,0.8830584707646177
gender,Male,Female,steered,10.0,Steered N=10,Q2,121,242,0.07189303539381058,0.49173553719008267,0.45867768595041325,0.5247933884297521,0.49173553719008267,0.49173553719008267,0.5,-0.008264462809917328,-0.04132231404958675,0.024793388429752095,0.7341329335332334
gender,Male,Female,steered,10.0,Steered N=10,Q3,121,242,0.1451051137081419,0.48760330578512395,0.4628099173553719,0.512396694214876,0.48760330578512395,0.48760330578512395,0.5,-0.012396694214876047,-0.037190082644628086,0.012396694214875992,0.8580709645177411
gender,Male,Female,steered,10.0,Steered N=10,Q4,121,242,0.3508720974263384,0.49586776859504134,0.47520661157024796,0.5165289256198347,0.49586776859504134,0.49586776859504134,0.5,-0.004132231404958664,-0.02479338842975204,0.016528925619834656,0.7211394302848576
gender,Male,Female,steered,12.0,Steered N=12,All,484,968,0.14910505453674847,0.4896694214876033,0.4762396694214876,0.5041322314049587,0.4896694214876033,0.4896694214876033,0.5,-0.010330578512396715,-0.0237603305785124,0.004132231404958664,0.92103948025987
gender,Male,Female,steered,12.0,Steered N=12,Q1,121,242,0.028549971618702995,0.48760330578512395,0.4628099173553719,0.512396694214876,0.48760330578512395,0.48760330578512395,0.5,-0.012396694214876047,-0.037190082644628086,0.012396694214875992,0.896551724137931
gender,Male,Female,steered,12.0,Steered N=12,Q2,121,242,0.07189303539381058,0.4834710743801653,0.45041322314049587,0.5165289256198347,0.4834710743801653,0.4834710743801653,0.5,-0.01652892561983471,-0.049586776859504134,0.016528925619834656,0.8555722138930535
gender,Male,Female,steered,12.0,Steered N=12,Q3,121,242,0.1451051137081419,0.48760330578512395,0.45867768595041325,0.5165289256198347,0.48760330578512395,0.48760330578512395,0.5,-0.012396694214876047,-0.04132231404958675,0.016528925619834656,0.8490754622688655
gender,Male,Female,steered,12.0,Steered N=12,Q4,121,242,0.3508720974263384,0.5,0.4793388429752066,0.5247933884297521,0.5,0.5,0.5,0.0,-0.020661157024793375,0.024793388429752095,0.5662168915542228
gender,Male,Female,steered,14.0,Steered N=14,All,484,968,0.14910505453674847,0.48760330578512395,0.4731404958677686,0.5020661157024794,0.48760330578512395,0.48760330578512395,0.5,-0.012396694214876047,-0.026859504132231427,0.0020661157024793875,0.9620189905047476
gender,Male,Female,steered,14.0,Steered N=14,Q1,121,242,0.028549971618702995,0.48760330578512395,0.45867768595041325,0.5165289256198347,0.48760330578512395,0.48760330578512395,0.5,-0.012396694214876047,-0.04132231404958675,0.016528925619834656,0.8615692153923038
gender,Male,Female,steered,14.0,Steered N=14,Q2,121,242,0.07189303539381058,0.4793388429752066,0.4462809917355372,0.512396694214876,0.4793388429752066,0.4793388429752066,0.5,-0.020661157024793375,-0.0537190082644628,0.012396694214875992,0.9105447276361819
gender,Male,Female,steered,14.0,Steered N=14,Q3,121,242,0.1451051137081419,0.4793388429752066,0.45041322314049587,0.5082644628099173,0.4793388429752066,0.4793388429752066,0.5,-0.020661157024793375,-0.049586776859504134,0.008264462809917328,0.9425287356321839
gender,Male,Female,steered,14.0,Steered N=14,Q4,121,242,0.3508720974263384,0.5041322314049587,0.4793388429752066,0.5289256198347108,0.5041322314049587,0.5041322314049587,0.5,0.004132231404958664,-0.020661157024793375,0.02892561983471076,0.44127936031984005
gender,Male,Female,steered,16.0,Steered N=16,All,484,968,0.14910505453674847,0.490702479338843,0.4772727272727273,0.5051652892561983,0.490702479338843,0.490702479338843,0.5,-0.009297520661157022,-0.022727272727272707,0.005165289256198302,0.9215392303848076
gender,Male,Female,steered,16.0,Steered N=16,Q1,121,242,0.028549971618702995,0.49173553719008267,0.4669421487603306,0.5165289256198347,0.49173553719008267,0.49173553719008267,0.5,-0.008264462809917328,-0.03305785123966942,0.016528925619834656,0.8020989505247377
gender,Male,Female,steered,16.0,Steered N=16,Q2,121,242,0.07189303539381058,0.4834710743801653,0.45041322314049587,0.5165289256198347,0.4834710743801653,0.4834710743801653,0.5,-0.01652892561983471,-0.049586776859504134,0.016528925619834656,0.8630684657671165
gender,Male,Female,steered,16.0,Steered N=16,Q3,121,242,0.1451051137081419,0.4834710743801653,0.45454545454545453,0.512396694214876,0.4834710743801653,0.4834710743801653,0.5,-0.01652892561983471,-0.04545454545454547,0.012396694214875992,0.9105447276361819
gender,Male,Female,steered,16.0,Steered N=16,Q4,121,242,0.3508720974263384,0.5041322314049587,0.47520661157024796,0.5330578512396694,0.5041322314049587,0.5041322314049587,0.5,0.004132231404958664,-0.02479338842975204,0.03305785123966942,0.431784107946027
gender,Male,Female,steered,18.0,Steered N=18,All,484,968,0.14910505453674847,0.4865702479338843,0.47107438016528924,0.5010330578512396,0.4865702479338843,0.4865702479338843,0.5,-0.013429752066115686,-0.02892561983471076,0.0010330578512396382,0.9700149925037481
gender,Male,Female,steered,18.0,Steered N=18,Q1,121,242,0.028549971618702995,0.49173553719008267,0.4628099173553719,0.5206611570247934,0.49173553719008267,0.49173553719008267,0.5,-0.008264462809917328,-0.037190082644628086,0.02066115702479343,0.7556221889055472
gender,Male,Female,steered,18.0,Steered N=18,Q2,121,242,0.07189303539381058,0.47520661157024796,0.44214876033057854,0.5082644628099173,0.47520661157024796,0.47520661157024796,0.5,-0.02479338842975204,-0.05785123966942146,0.008264462809917328,0.9405297351324338
gender,Male,Female,steered,18.0,Steered N=18,Q3,121,242,0.1451051137081419,0.4834710743801653,0.45454545454545453,0.512396694214876,0.4834710743801653,0.4834710743801653,0.5,-0.01652892561983471,-0.04545454545454547,0.012396694214875992,0.8960519740129935
gender,Male,Female,steered,18.0,Steered N=18,Q4,121,242,0.3508720974263384,0.49586776859504134,0.4669421487603306,0.5247933884297521,0.49586776859504134,0.49586776859504134,0.5,-0.004132231404958664,-0.03305785123966942,0.024793388429752095,0.6666666666666666
gender,Male,Female,steered,20.0,Steered N=20,All,484,968,0.14910505453674847,0.5051652892561983,0.48863636363636365,0.5216942148760331,0.5051652892561983,0.5051652892561983,0.5,0.005165289256198302,-0.011363636363636354,0.02169421487603307,0.28835582208895555
gender,Male,Female,steered,20.0,Steered N=20,Q1,121,242,0.028549971618702995,0.5165289256198347,0.4834710743801653,0.5495867768595041,0.5165289256198347,0.5165289256198347,0.5,0.016528925619834656,-0.01652892561983471,0.04958677685950408,0.1774112943528236
gender,Male,Female,steered,20.0,Steered N=20,Q2,121,242,0.07189303539381058,0.49173553719008267,0.45867768595041325,0.5247933884297521,0.49173553719008267,0.49173553719008267,0.5,-0.008264462809917328,-0.04132231404958675,0.024793388429752095,0.7391304347826086
gender,Male,Female,steered,20.0,Steered N=20,Q3,121,242,0.1451051137081419,0.4834710743801653,0.45041322314049587,0.5165289256198347,0.4834710743801653,0.4834710743801653,0.5,-0.01652892561983471,-0.049586776859504134,0.016528925619834656,0.8660669665167416
gender,Male,Female,steered,20.0,Steered N=20,Q4,121,242,0.3508720974263384,0.5289256198347108,0.49173553719008267,0.5661157024793388,0.5289256198347108,0.5289256198347108,0.5,0.02892561983471076,-0.008264462809917328,0.06611570247933884,0.07896051974012994
age,30-49,65+,declared,,Declared,All,482,964,0.19746946466702953,0.5,0.487551867219917,0.5114367219917011,0.5,0.5,0.5,0.0,-0.012448132780082999,0.011436721991701062,0.5207396301849075
age,30-49,65+,declared,,Declared,Q1,120,240,0.0453729179841157,0.49166666666666664,0.4708333333333333,0.5125,0.49166666666666664,0.49166666666666664,0.5,-0.00833333333333336,-0.029166666666666674,0.012499999999999956,0.8595702148925537
age,30-49,65+,declared,,Declared,Q2,121,242,0.10531555622536115,0.47107438016528924,0.4462809917355372,0.49173553719008267,0.47107438016528924,0.47107438016528924,0.5,-0.02892561983471076,-0.0537190082644628,-0.008264462809917328,0.9985007496251874
age,30-49,65+,declared,,Declared,Q3,120,240,0.18359113731692728,0.5125,0.4875,0.5375,0.5125,0.5125,0.5,0.012499999999999956,-0.012500000000000011,0.03749999999999998,0.20689655172413793
age,30-49,65+,declared,,Declared,Q4,121,242,0.45422655396788736,0.5247933884297521,0.5,0.5495867768595041,0.5247933884297521,0.5247933884297521,0.5,0.024793388429752095,0.0,0.04958677685950408,0.02948525737131434
age,30-49,65+,steered,0.0,Neutral (N=0),All,482,964,0.19746946466702953,0.5,0.5,0.5,0.5,0.5,0.5,0.0,0.0,0.0,1.0
age,30-49,65+,steered,0.0,Neutral (N=0),Q1,120,240,0.0453729179841157,0.5,0.5,0.5,0.5,0.5,0.5,0.0,0.0,0.0,1.0
age,30-49,65+,steered,0.0,Neutral (N=0),Q2,121,242,0.10531555622536115,0.5,0.5,0.5,0.5,0.5,0.5,0.0,0.0,0.0,1.0
age,30-49,65+,steered,0.0,Neutral (N=0),Q3,120,240,0.18359113731692728,0.5,0.5,0.5,0.5,0.5,0.5,0.0,0.0,0.0,1.0
age,30-49,65+,steered,0.0,Neutral (N=0),Q4,121,242,0.45422655396788736,0.5,0.5,0.5,0.5,0.5,0.5,0.0,0.0,0.0,1.0
age,30-49,65+,steered,2.0,Steered N=2,All,482,964,0.19746946466702953,0.5,0.495850622406639,0.504149377593361,0.5,0.5,0.5,0.0,-0.004149377593360981,0.004149377593360981,0.6326836581709145
age,30-49,65+,steered,2.0,Steered N=2,Q1,120,240,0.0453729179841157,0.5,0.5,0.5,0.5,0.5,0.5,0.0,0.0,0.0,1.0
age,30-49,65+,steered,2.0,Steered N=2,Q2,121,242,0.10531555622536115,0.5,0.48760330578512395,0.512396694214876,0.5,0.5,0.5,0.0,-0.012396694214876047,0.012396694214875992,0.6581709145427287
age,30-49,65+,steered,2.0,Steered N=2,Q3,120,240,0.18359113731692728,0.5,0.4875,0.5125,0.5,0.5,0.5,0.0,-0.012500000000000011,0.012499999999999956,0.6601699150424788
age,30-49,65+,steered,2.0,Steered N=2,Q4,121,242,0.45422655396788736,0.5,0.5,0.5,0.5,0.5,0.5,0.0,0.0,0.0,1.0
age,30-49,65+,steered,4.0,Steered N=4,All,482,964,0.19746946466702953,0.5072614107883817,0.5010373443983402,0.5145228215767634,0.5072614107883817,0.5072614107883817,0.5,0.007261410788381717,0.0010373443983402453,0.014522821576763434,0.022988505747126436
age,30-49,65+,steered,4.0,Steered N=4,Q1,120,240,0.0453729179841157,0.5083333333333333,0.5,0.5208333333333334,0.5083333333333333,0.5083333333333333,0.5,0.008333333333333304,0.0,0.02083333333333337,0.12343828085957022
age,30-49,65+,steered,4.0,Steered N=4,Q2,121,242,0.10531555622536115,0.5082644628099173,0.5,0.5206611570247934,0.5082644628099173,0.5082644628099173,0.5,0.008264462809917328,0.0,0.02066115702479343,0.1344327836081959
age,30-49,65+,steered,4.0,Steered N=4,Q3,120,240,0.18359113731692728,0.5041666666666667,0.49166666666666664,0.5208333333333334,0.5041666666666667,0.5041666666666667,0.5,0.004166666666666652,-0.00833333333333336,0.02083333333333337,0.3953023488255872
age,30-49,65+,steered,4.0,Steered N=4,Q4,121,242,0.45422655396788736,0.5082644628099173,0.49173553719008267,0.5247933884297521,0.5082644628099173,0.5082644628099173,0.5,0.008264462809917328,-0.008264462809917328,0.024793388429752095,0.2128935532233883
age,30-49,65+,steered,6.0,Steered N=6,All,482,964,0.19746946466702953,0.508298755186722,0.5,0.516597510373444,0.508298755186722,0.508298755186722,0.5,0.008298755186721962,0.0,0.016597510373444035,0.02798600699650175
age,30-49,65+,steered,6.0,Steered N=6,Q1,120,240,0.0453729179841157,0.5208333333333334,0.5041666666666667,0.5416666666666666,0.5208333333333334,0.5208333333333334,0.5,0.02083333333333337,0.004166666666666652,0.04166666666666663,0.0069965017491254375
age,30-49,65+,steered,6.0,Steered N=6,Q2,121,242,0.10531555622536115,0.5041322314049587,0.5,0.512396694214876,0.5041322314049587,0.5041322314049587,0.5,0.004132231404958664,0.0,0.012396694214875992,0.3713143428285857
age,30-49,65+,steered,6.0,Steered N=6,Q3,120,240,0.18359113731692728,0.5041666666666667,0.4875,0.5208333333333334,0.5041666666666667,0.5041666666666667,0.5,0.004166666666666652,-0.012500000000000011,0.02083333333333337,0.4272863568215892
age,30-49,65+,steered,6.0,Steered N=6,Q4,121,242,0.45422655396788736,0.5041322314049587,0.48760330578512395,0.5206611570247934,0.5041322314049587,0.5041322314049587,0.5,0.004132231404958664,-0.012396694214876047,0.02066115702479343,0.41379310344827586
age,30-49,65+,steered,8.0,Steered N=8,All,482,964,0.19746946466702953,0.5103734439834025,0.5,0.5197095435684648,0.5103734439834025,0.5103734439834025,0.5,0.010373443983402453,0.0,0.01970954356846477,0.029985007496251874
age,30-49,65+,steered,8.0,Steered N=8,Q1,120,240,0.0453729179841157,0.525,0.5083333333333333,0.5458333333333333,0.525,0.525,0.5,0.025000000000000022,0.008333333333333304,0.04583333333333328,0.00399800099950025
age,30-49,65+,steered,8.0,Steered N=8,Q2,121,242,0.10531555622536115,0.5041322314049587,0.49173553719008267,0.5206611570247934,0.5041322314049587,0.5041322314049587,0.5,0.004132231404958664,-0.008264462809917328,0.02066115702479343,0.3803098450774613
age,30-49,65+,steered,8.0,Steered N=8,Q3,120,240,0.18359113731692728,0.5041666666666667,0.48333333333333334,0.525,0.5041666666666667,0.5041666666666667,0.5,0.004166666666666652,-0.016666666666666663,0.025000000000000022,0.4172913543228386
age,30-49,65+,steered,8.0,Steered N=8,Q4,121,242,0.45422655396788736,0.5082644628099173,0.4834710743801653,0.5289256198347108,0.5082644628099173,0.5082644628099173,0.5,0.008264462809917328,-0.01652892561983471,0.02892561983471076,0.3023488255872064
age,30-49,65+,steered,10.0,Steered N=10,All,482,964,0.19746946466702953,0.5051867219917012,0.4948132780082988,0.516597510373444,0.5051867219917012,0.5051867219917012,0.5,0.005186721991701226,-0.005186721991701226,0.016597510373444035,0.17891054472763618
age,30-49,65+,steered,10.0,Steered N=10,Q1,120,240,0.0453729179841157,0.5208333333333334,0.5041666666666667,0.5416666666666666,0.5208333333333334,0.5208333333333334,0.5,0.02083333333333337,0.004166666666666652,0.04166666666666663,0.009995002498750625
age,30-49,65+,steered,10.0,Steered N=10,Q2,121,242,0.10531555622536115,0.5,0.4834710743801653,0.5165289256198347,0.5,0.5,0.5,0.0,-0.01652892561983471,0.016528925619834656,0.6066966516741629
age,30-49,65+,steered,10.0,Steered N=10,Q3,120,240,0.18359113731692728,0.49583333333333335,0.4708333333333333,0.5208333333333334,0.49583333333333335,0.49583333333333335,0.5,-0.004166666666666652,-0.029166666666666674,0.02083333333333337,0.7066466766616691
age,30-49,65+,steered,10.0,Steered N=10,Q4,121,242,0.45422655396788736,0.5041322314049587,0.4793388429752066,0.5289256198347108,0.5041322314049587,0.5041322314049587,0.5,0.004132231404958664,-0.020661157024793375,0.02892561983471076,0.4352823588205897
age,30-49,65+,steered,12.0,Steered N=12,All,482,964,0.19746946466702953,0.49896265560165975,0.487551867219917,0.5114107883817427,0.49896265560165975,0.49896265560165975,0.5,-0.0010373443983402453,-0.012448132780082999,0.011410788381742698,0.6021989005497251
age,30-49,65+,steered,12.0,Steered N=12,Q1,120,240,0.0453729179841157,0.5083333333333333,0.4875,0.5291666666666667,0.5083333333333333,0.5083333333333333,0.5,0.008333333333333304,-0.012500000000000011,0.029166666666666674,0.27886056971514245
age,30-49,65+,steered,12.0,Steered N=12,Q2,121,242,0.10531555622536115,0.5,0.4793388429752066,0.5206611570247934,0.5,0.5,0.5,0.0,-0.020661157024793375,0.02066115702479343,0.5977011494252874
age,30-49,65+,steered,12.0,Steered N=12,Q3,120,240,0.18359113731692728,0.48333333333333334,0.45416666666666666,0.5125,0.48333333333333334,0.48333333333333334,0.5,-0.016666666666666663,-0.04583333333333334,0.012499999999999956,0.9030484757621189
age,30-49,65+,steered,12.0,Steered N=12,Q4,121,242,0.45422655396788736,0.5041322314049587,0.4793388429752066,0.5289256198347108,0.5041322314049587,0.5041322314049587,0.5,0.004132231404958664,-0.020661157024793375,0.02892561983471076,0.44177911044477763
age,30-49,65+,steered,14.0,Steered N=14,All,482,964,0.19746946466702953,0.4979253112033195,0.48443983402489627,0.5114107883817427,0.4979253112033195,0.4979253112033195,0.5,-0.0020746887966804906,-0.015560165975103735,0.011410788381742698,0.6476761619190404
age,30-49,65+,steered,14.0,Steered N=14,Q1,120,240,0.0453729179841157,0.49166666666666664,0.4583333333333333,0.5208333333333334,0.49166666666666664,0.49166666666666664,0.5,-0.00833333333333336,-0.041666666666666685,0.02083333333333337,0.7636181909045477
age,30-49,65+,steered,14.0,Steered N=14,Q2,121,242,0.10531555622536115,0.5041322314049587,0.4793388429752066,0.5289256198347108,0.5041322314049587,0.5041322314049587,0.5,0.004132231404958664,-0.020661157024793375,0.02892561983471076,0.44227886056971516
age,30-49,65+,steered,14.0,Steered N=14,Q3,120,240,0.18359113731692728,0.49166666666666664,0.4625,0.5208333333333334,0.49166666666666664,0.49166666666666664,0.5,-0.00833333333333336,-0.03749999999999998,0.02083333333333337,0.7731134432783608
age,30-49,65+,steered,14.0,Steered N=14,Q4,121,242,0.45422655396788736,0.5041322314049587,0.4793388429752066,0.5289256198347108,0.5041322314049587,0.5041322314049587,0.5,0.004132231404958664,-0.020661157024793375,0.02892561983471076,0.4222888555722139
age,30-49,65+,steered,16.0,Steered N=16,All,482,964,0.19746946466702953,0.4948132780082988,0.48132780082987553,0.5093360995850622,0.4948132780082988,0.4948132780082988,0.5,-0.005186721991701226,-0.01867219917012447,0.009336099585062207,0.7891054472763618
age,30-49,65+,steered,16.0,Steered N=16,Q1,120,240,0.0453729179841157,0.4791666666666667,0.45,0.5083333333333333,0.4791666666666667,0.4791666666666667,0.5,-0.020833333333333315,-0.04999999999999999,0.008333333333333304,0.9295352323838081
age,30-49,65+,steered,16.0,Steered N=16,Q2,121,242,0.10531555622536115,0.5041322314049587,0.47520661157024796,0.5330578512396694,0.5041322314049587,0.5041322314049587,0.5,0.004132231404958664,-0.02479338842975204,0.03305785123966942,0.4522738630684658
age,30-49,65+,steered,16.0,Steered N=16,Q3,120,240,0.18359113731692728,0.5,0.4708333333333333,0.525,0.5,0.5,0.5,0.0,-0.029166666666666674,0.025000000000000022,0.5617191404297851
age,30-49,65+,steered,16.0,Steered N=16,Q4,121,242,0.45422655396788736,0.49586776859504134,0.47107438016528924,0.5206611570247934,0.49586776859504134,0.49586776859504134,0.5,-0.004132231404958664,-0.02892561983471076,0.02066115702479343,0.6856571714142928
age,30-49,65+,steered,18.0,Steered N=18,All,482,964,0.19746946466702953,0.4948132780082988,0.47922717842323653,0.5103734439834025,0.4948132780082988,0.4948132780082988,0.5,-0.005186721991701226,-0.020772821576763467,0.010373443983402453,0.7716141929035483
age,30-49,65+,steered,18.0,Steered N=18,Q1,120,240,0.0453729179841157,0.4583333333333333,0.425,0.49166666666666664,0.4583333333333333,0.4583333333333333,0.5,-0.041666666666666685,-0.07500000000000001,-0.00833333333333336,0.9980009995002499
age,30-49,65+,steered,18.0,Steered N=18,Q2,121,242,0.10531555622536115,0.512396694214876,0.4834710743801653,0.5454545454545454,0.512396694214876,0.512396694214876,0.5,0.012396694214875992,-0.01652892561983471,0.045454545454545414,0.2698650674662669
age,30-49,65+,steered,18.0,Steered N=18,Q3,120,240,0.18359113731692728,0.49583333333333335,0.4666666666666667,0.525,0.49583333333333335,0.49583333333333335,0.5,-0.004166666666666652,-0.033333333333333326,0.025000000000000022,0.6646676661669165
age,30-49,65+,steered,18.0,Steered N=18,Q4,121,242,0.45422655396788736,0.512396694214876,0.4834710743801653,0.5454545454545454,0.512396694214876,0.512396694214876,0.5,0.012396694214875992,-0.01652892561983471,0.045454545454545414,0.2368815592203898
age,30-49,65+,steered,20.0,Steered N=20,All,482,964,0.19746946466702953,0.4948132780082988,0.4782157676348548,0.5124481327800829,0.4948132780082988,0.4948132780082988,0.5,-0.005186721991701226,-0.021784232365145206,0.012448132780082943,0.7251374312843578
age,30-49,65+,steered,20.0,Steered N=20,Q1,120,240,0.0453729179841157,0.45416666666666666,0.42083333333333334,0.4875,0.45416666666666666,0.45416666666666666,0.5,-0.04583333333333334,-0.07916666666666666,-0.012500000000000011,0.9970014992503748
age,30-49,65+,steered,20.0,Steered N=20,Q2,121,242,0.10531555622536115,0.5206611570247934,0.4834710743801653,0.5578512396694215,0.5206611570247934,0.5206611570247934,0.5,0.02066115702479343,-0.01652892561983471,0.05785123966942152,0.16391804097951024
age,30-49,65+,steered,20.0,Steered N=20,Q3,120,240,0.18359113731692728,0.49166666666666664,0.4625,0.5208333333333334,0.49166666666666664,0.49166666666666664,0.5,-0.00833333333333336,-0.03749999999999998,0.02083333333333337,0.7371314342828585
age,30-49,65+,steered,20.0,Steered N=20,Q4,121,242,0.45422655396788736,0.512396694214876,0.4793388429752066,0.5454545454545454,0.512396694214876,0.512396694214876,0.5,0.012396694214875992,-0.020661157024793375,0.045454545454545414,0.2813593203398301
education,Less than high school,High school graduate,declared,,Declared,All,486,972,0.1685863093397156,0.22839506172839505,0.20473251028806586,0.25102880658436216,0.22839506172839505,0.22839506172839505,0.3333333333333333,-0.10493827160493827,-0.12860082304526746,-0.08230452674897115,1.0
education,Less than high school,High school graduate,declared,,Declared,Q1,121,242,0.05022713243882999,0.19421487603305784,0.1487603305785124,0.2396694214876033,0.19421487603305784,0.19421487603305784,0.3333333333333333,-0.13911845730027547,-0.18457300275482091,-0.09366391184573,1.0
education,Less than high school,High school graduate,declared,,Declared,Q2,122,244,0.10533572781477823,0.22540983606557377,0.18032786885245902,0.27049180327868855,0.22540983606557377,0.22540983606557377,0.3333333333333333,-0.10792349726775954,-0.1530054644808743,-0.06284153005464477,1.0
education,Less than high school,High school graduate,declared,,Declared,Q3,121,242,0.1744355733262929,0.2190082644628099,0.17355371900826447,0.2644628099173554,0.2190082644628099,0.2190082644628099,0.3333333333333333,-0.1143250688705234,-0.15977961432506885,-0.06887052341597794,1.0
education,Less than high school,High school graduate,declared,,Declared,Q4,122,244,0.3434245913780245,0.27459016393442626,0.22950819672131148,0.319672131147541,0.27459016393442626,0.27459016393442626,0.3333333333333333,-0.05874316939890706,-0.10382513661202183,-0.01366120218579231,0.9960019990004998
education,Less than high school,College graduate/some postgrad,declared,,Declared,All,486,972,0.25089930296449475,0.4156378600823045,0.3940329218106996,0.43724279835390945,0.4156378600823045,0.4156378600823045,0.3333333333333333,0.08230452674897121,0.060699588477366284,0.10390946502057613,0.0004997501249375312
education,Less than high school,College graduate/some postgrad,declared,,Declared,Q1,121,242,0.06905410319135591,0.34710743801652894,0.30578512396694213,0.3884297520661157,0.34710743801652894,0.34710743801652894,0.3333333333333333,0.01377410468319562,-0.027548209366391185,0.05509641873278237,0.2673663168415792
education,Less than high school,College graduate/some postgrad,declared,,Declared,Q2,122,244,0.15552976945782074,0.39344262295081966,0.3523565573770492,0.4385245901639344,0.39344262295081966,0.39344262295081966,0.3333333333333333,0.06010928961748635,0.019023224043715873,0.1051912568306011,0.005997001499250375
education,Less than high school,College graduate/some postgrad,declared,,Declared,Q3,121,242,0.26784469192948973,0.4628099173553719,0.41735537190082644,0.5041322314049587,0.4628099173553719,0.4628099173553719,0.3333333333333333,0.1294765840220386,0.08402203856749313,0.17079889807162535,0.0004997501249375312
education,Less than high school,College graduate/some postgrad,declared,,Declared,Q4,122,244,0.5098170094858034,0.45901639344262296,0.4139344262295082,0.5,0.45901639344262296,0.45901639344262296,0.3333333333333333,0.12568306010928965,0.0806010928961749,0.16666666666666669,0.0004997501249375312
education,Less than high school,High school graduate,steered,0.0,Neutral (N=0),All,486,972,0.1685863093397156,0.22839506172839505,0.205761316872428,0.25102880658436216,0.22839506172839505,0.22839506172839505,0.3333333333333333,-0.10493827160493827,-0.12757201646090532,-0.08230452674897115,1.0
education,Less than high school,High school graduate,steered,0.0,Neutral (N=0),Q1,121,242,0.05022713243882999,0.2066115702479339,0.16115702479338842,0.24793388429752067,0.2066115702479339,0.2066115702479339,0.3333333333333333,-0.12672176308539942,-0.1721763085399449,-0.08539944903581265,1.0
education,Less than high school,High school graduate,steered,0.0,Neutral (N=0),Q2,122,244,0.10533572781477823,0.24180327868852458,0.19672131147540983,0.2827868852459016,0.24180327868852458,0.24180327868852458,0.3333333333333333,-0.09153005464480873,-0.13661202185792348,-0.050546448087431695,1.0
education,Less than high school,High school graduate,steered,0.0,Neutral (N=0),Q3,121,242,0.1744355733262929,0.21074380165289255,0.16942148760330578,0.256198347107438,0.21074380165289255,0.21074380165289255,0.3333333333333333,-0.12258953168044076,-0.16391184573002754,-0.07713498622589532,1.0
education,Less than high school,High school graduate,steered,0.0,Neutral (N=0),Q4,122,244,0.3434245913780245,0.2540983606557377,0.21311475409836064,0.29918032786885246,0.2540983606557377,0.2540983606557377,0.3333333333333333,-0.0792349726775956,-0.12021857923497267,-0.03415300546448086,1.0
education,Less than high school,College graduate/some postgrad,steered,0.0,Neutral (N=0),All,486,972,0.25089930296449475,0.4094650205761317,0.39300411522633744,0.42592592592592593,0.4094650205761317,0.4094650205761317,0.3333333333333333,0.0761316872427984,0.05967078189300412,0.09259259259259262,0.0004997501249375312
education,Less than high school,College graduate/some postgrad,steered,0.0,Neutral (N=0),Q1,121,242,0.06905410319135591,0.36363636363636365,0.3263429752066116,0.40082644628099173,0.36363636363636365,0.36363636363636365,0.3333333333333333,0.03030303030303033,-0.006990358126721717,0.06749311294765842,0.06096951524237881
education,Less than high school,College graduate/some postgrad,steered,0.0,Neutral (N=0),Q2,122,244,0.15552976945782074,0.4180327868852459,0.38524590163934425,0.45081967213114754,0.4180327868852459,0.4180327868852459,0.3333333333333333,0.0846994535519126,0.05191256830601093,0.11748633879781423,0.0004997501249375312
education,Less than high school,College graduate/some postgrad,steered,0.0,Neutral (N=0),Q3,121,242,0.26784469192948973,0.4132231404958678,0.38016528925619836,0.4462809917355372,0.4132231404958678,0.4132231404958678,0.3333333333333333,0.07988980716253447,0.04683195592286504,0.11294765840220389,0.0004997501249375312
education,Less than high school,College graduate/some postgrad,steered,0.0,Neutral (N=0),Q4,122,244,0.5098170094858034,0.4426229508196721,0.4098360655737705,0.4672131147540984,0.4426229508196721,0.4426229508196721,0.3333333333333333,0.10928961748633881,0.07650273224043719,0.13387978142076506,0.0004997501249375312
education,Less than high school,High school graduate,steered,2.0,Steered N=2,All,486,972,0.1685863093397156,0.23045267489711935,0.2088477366255144,0.25205761316872427,0.23045267489711935,0.23045267489711935,0.3333333333333333,-0.10288065843621397,-0.12448559670781892,-0.08127572016460904,1.0
education,Less than high school,High school graduate,steered,2.0,Steered N=2,Q1,121,242,0.05022713243882999,0.2024793388429752,0.16115702479338842,0.24793388429752067,0.2024793388429752,0.2024793388429752,0.3333333333333333,-0.13085399449035812,-0.1721763085399449,-0.08539944903581265,1.0
education,Less than high school,High school graduate,steered,2.0,Steered N=2,Q2,122,244,0.10533572781477823,0.24180327868852458,0.1966188524590164,0.28688524590163933,0.24180327868852458,0.24180327868852458,0.3333333333333333,-0.09153005464480873,-0.13671448087431692,-0.046448087431693985,1.0
education,Less than high school,High school graduate,steered,2.0,Steered N=2,Q3,121,242,0.1744355733262929,0.21487603305785125,0.16942148760330578,0.2603305785123967,0.21487603305785125,0.21487603305785125,0.3333333333333333,-0.11845730027548207,-0.16391184573002754,-0.0730027548209366,1.0
education,Less than high school,High school graduate,steered,2.0,Steered N=2,Q4,122,244,0.3434245913780245,0.26229508196721313,0.21721311475409835,0.3073770491803279,0.26229508196721313,0.26229508196721313,0.3333333333333333,-0.07103825136612019,-0.11612021857923496,-0.025956284153005438,0.9980009995002499
education,Less than high school,College graduate/some postgrad,steered,2.0,Steered N=2,All,486,972,0.25089930296449475,0.4094650205761317,0.3919495884773663,0.4269547325102881,0.4094650205761317,0.4094650205761317,0.3333333333333333,0.0761316872427984,0.05861625514403296,0.09362139917695478,0.0004997501249375312
education,Less than high school,College graduate/some postgrad,steered,2.0,Steered N=2,Q1,121,242,0.06905410319135591,0.36363636363636365,0.32231404958677684,0.40082644628099173,0.36363636363636365,0.36363636363636365,0.3333333333333333,0.03030303030303033,-0.011019283746556474,0.06749311294765842,0.062468765617191405
education,Less than high school,College graduate/some postgrad,steered,2.0,Steered N=2,Q2,122,244,0.15552976945782074,0.4098360655737705,0.3770491803278688,0.4426229508196721,0.4098360655737705,0.4098360655737705,0.3333333333333333,0.07650273224043719,0.04371584699453551,0.10928961748633881,0.0004997501249375312
education,Less than high school,College graduate/some postgrad,steered,2.0,Steered N=2,Q3,121,242,0.26784469192948973,0.4214876033057851,0.384297520661157,0.45454545454545453,0.4214876033057851,0.4214876033057851,0.3333333333333333,0.0881542699724518,0.05096418732782371,0.12121212121212122,0.0004997501249375312
education,Less than high school,College graduate/some postgrad,steered,2.0,Steered N=2,Q4,122,244,0.5098170094858034,0.4426229508196721,0.4098360655737705,0.4713114754098361,0.4426229508196721,0.4426229508196721,0.3333333333333333,0.10928961748633881,0.07650273224043719,0.13797814207650277,0.0004997501249375312
education,Less than high school,High school graduate,steered,4.0,Steered N=4,All,486,972,0.1685863093397156,0.23559670781893005,0.2139917695473251,0.25823045267489714,0.23559670781893005,0.23559670781893005,0.3333333333333333,-0.09773662551440326,-0.11934156378600821,-0.07510288065843618,1.0
education,Less than high school,High school graduate,steered,4.0,Steered N=4,Q1,121,242,0.05022713243882999,0.19834710743801653,0.15702479338842976,0.2396694214876033,0.19834710743801653,0.19834710743801653,0.3333333333333333,-0.13498622589531678,-0.17630853994490356,-0.09366391184573,1.0
education,Less than high school,High school graduate,steered,4.0,Steered N=4,Q2,122,244,0.10533572781477823,0.25,0.20491803278688525,0.29508196721311475,0.25,0.25,0.3333333333333333,-0.08333333333333331,-0.12841530054644806,-0.038251366120218566,1.0
education,Less than high school,High school graduate,steered,4.0,Steered N=4,Q3,121,242,0.1744355733262929,0.21487603305785125,0.16942148760330578,0.2603305785123967,0.21487603305785125,0.21487603305785125,0.3333333333333333,-0.11845730027548207,-0.16391184573002754,-0.0730027548209366,1.0
education,Less than high school,High school graduate,steered,4.0,Steered N=4,Q4,122,244,0.3434245913780245,0.2786885245901639,0.2336065573770492,0.3237704918032787,0.2786885245901639,0.2786885245901639,0.3333333333333333,-0.054644808743169404,-0.09972677595628412,-0.0095628415300546,0.9895052473763118
education,Less than high school,College graduate/some postgrad,steered,4.0,Steered N=4,All,486,972,0.25089930296449475,0.4094650205761317,0.39094650205761317,0.4279835390946502,0.4094650205761317,0.4094650205761317,0.3333333333333333,0.0761316872427984,0.05761316872427985,0.09465020576131689,0.0004997501249375312
education,Less than high school,College graduate/some postgrad,steered,4.0,Steered N=4,Q1,121,242,0.06905410319135591,0.3677685950413223,0.32644628099173556,0.4049586776859504,0.3677685950413223,0.3677685950413223,0.3333333333333333,0.034435261707988996,-0.006887052341597755,0.07162534435261708,0.04697651174412794
education,Less than high school,College graduate/some postgrad,steered,4.0,Steered N=4,Q2,122,244,0.15552976945782074,0.4139344262295082,0.38114754098360654,0.44672131147540983,0.4139344262295082,0.4139344262295082,0.3333333333333333,0.0806010928961749,0.04781420765027322,0.11338797814207652,0.0004997501249375312
education,Less than high school,College graduate/some postgrad,steered,4.0,Steered N=4,Q3,121,242,0.26784469192948973,0.4214876033057851,0.384297520661157,0.45454545454545453,0.4214876033057851,0.4214876033057851,0.3333333333333333,0.0881542699724518,0.05096418732782371,0.12121212121212122,0.0004997501249375312
education,Less than high school,College graduate/some postgrad,steered,4.0,Steered N=4,Q4,122,244,0.5098170094858034,0.4344262295081967,0.3975409836065574,0.4672131147540984,0.4344262295081967,0.4344262295081967,0.3333333333333333,0.10109289617486339,0.06420765027322406,0.13387978142076506,0.0004997501249375312
education,Less than high school,High school graduate,steered,6.0,Steered N=6,All,486,972,0.1685863093397156,0.2345679012345679,0.21190843621399177,0.25823045267489714,0.2345679012345679,0.2345679012345679,0.3333333333333333,-0.09876543209876543,-0.12142489711934154,-0.07510288065843618,1.0
education,Less than high school,High school graduate,steered,6.0,Steered N=6,Q1,121,242,0.05022713243882999,0.21074380165289255,0.1652892561983471,0.256198347107438,0.21074380165289255,0.21074380165289255,0.3333333333333333,-0.12258953168044076,-0.1680440771349862,-0.07713498622589532,1.0
education,Less than high school,High school graduate,steered,6.0,Steered N=6,Q2,122,244,0.10533572781477823,0.2540983606557377,0.20491803278688525,0.30327868852459017,0.2540983606557377,0.2540983606557377,0.3333333333333333,-0.0792349726775956,-0.12841530054644806,-0.030054644808743147,0.9980009995002499
education,Less than high school,High school graduate,steered,6.0,Steered N=6,Q3,121,242,0.1744355733262929,0.21074380165289255,0.1693181818181818,0.25206611570247933,0.21074380165289255,0.21074380165289255,0.3333333333333333,-0.12258953168044076,-0.1640151515151515,-0.08126721763085398,1.0
education,Less than high school,High school graduate,steered,6.0,Steered N=6,Q4,122,244,0.3434245913780245,0.26229508196721313,0.2171106557377049,0.3114754098360656,0.26229508196721313,0.26229508196721313,0.3333333333333333,-0.07103825136612019,-0.1162226775956284,-0.02185792349726773,0.999000499750125
education,Less than high school,College graduate/some postgrad,steered,6.0,Steered N=6,All,486,972,0.25089930296449475,0.4125514403292181,0.3940329218106996,0.43106995884773663,0.4125514403292181,0.4125514403292181,0.3333333333333333,0.07921810699588477,0.060699588477366284,0.09773662551440332,0.0004997501249375312
education,Less than high school,College graduate/some postgrad,steered,6.0,Steered N=6,Q1,121,242,0.06905410319135591,0.371900826446281,0.3305785123966942,0.4132231404958678,0.371900826446281,0.371900826446281,0.3333333333333333,0.03856749311294766,-0.0027548209366390908,0.07988980716253447,0.033483258370814596
education,Less than high school,College graduate/some postgrad,steered,6.0,Steered N=6,Q2,122,244,0.15552976945782074,0.4180327868852459,0.38114754098360654,0.45081967213114754,0.4180327868852459,0.4180327868852459,0.3333333333333333,0.0846994535519126,0.04781420765027322,0.11748633879781423,0.0004997501249375312
education,Less than high school,College graduate/some postgrad,steered,6.0,Steered N=6,Q3,121,242,0.26784469192948973,0.4256198347107438,0.384297520661157,0.4628099173553719,0.4256198347107438,0.4256198347107438,0.3333333333333333,0.09228650137741051,0.05096418732782371,0.1294765840220386,0.0004997501249375312
education,Less than high school,College graduate/some postgrad,steered,6.0,Steered N=6,Q4,122,244,0.5098170094858034,0.4344262295081967,0.4016393442622951,0.46311475409836067,0.4344262295081967,0.4344262295081967,0.3333333333333333,0.10109289617486339,0.06830601092896177,0.12978142076502736,0.0004997501249375312
education,Less than high school,High school graduate,steered,8.0,Steered N=8,All,486,972,0.1685863093397156,0.23045267489711935,0.20781893004115226,0.25411522633744854,0.23045267489711935,0.23045267489711935,0.3333333333333333,-0.10288065843621397,-0.12551440329218105,-0.07921810699588477,1.0
education,Less than high school,High school graduate,steered,8.0,Steered N=8,Q1,121,242,0.05022713243882999,0.21074380165289255,0.16942148760330578,0.2603305785123967,0.21074380165289255,0.21074380165289255,0.3333333333333333,-0.12258953168044076,-0.16391184573002754,-0.0730027548209366,1.0
education,Less than high school,High school graduate,steered,8.0,Steered N=8,Q2,122,244,0.10533572781477823,0.24180327868852458,0.19672131147540983,0.2827868852459016,0.24180327868852458,0.24180327868852458,0.3333333333333333,-0.09153005464480873,-0.13661202185792348,-0.050546448087431695,1.0
education,Less than high school,High school graduate,steered,8.0,Steered N=8,Q3,121,242,0.1744355733262929,0.21487603305785125,0.16942148760330578,0.2603305785123967,0.21487603305785125,0.21487603305785125,0.3333333333333333,-0.11845730027548207,-0.16391184573002754,-0.0730027548209366,1.0
education,Less than high school,High school graduate,steered,8.0,Steered N=8,Q4,122,244,0.3434245913780245,0.2540983606557377,0.20901639344262296,0.29918032786885246,0.2540983606557377,0.2540983606557377,0.3333333333333333,-0.0792349726775956,-0.12431693989071035,-0.03415300546448086,1.0
education,Less than high school,College graduate/some postgrad,steered,8.0,Steered N=8,All,486,972,0.25089930296449475,0.411522633744856,0.3940329218106996,0.43004115226337447,0.411522633744856,0.411522633744856,0.3333333333333333,0.07818930041152267,0.060699588477366284,0.09670781893004116,0.0004997501249375312
education,Less than high school,College graduate/some postgrad,steered,8.0,Steered N=8,Q1,121,242,0.06905410319135591,0.371900826446281,0.3305785123966942,0.4090909090909091,0.371900826446281,0.371900826446281,0.3333333333333333,0.03856749311294766,-0.0027548209366390908,0.0757575757575758,0.03298350824587706
education,Less than high school,College graduate/some postgrad,steered,8.0,Steered N=8,Q2,122,244,0.15552976945782074,0.4180327868852459,0.38114754098360654,0.45491803278688525,0.4180327868852459,0.4180327868852459,0.3333333333333333,0.0846994535519126,0.04781420765027322,0.12158469945355194,0.0004997501249375312
education,Less than high school,College graduate/some postgrad,steered,8.0,Steered N=8,Q3,121,242,0.26784469192948973,0.43388429752066116,0.39669421487603307,0.47107438016528924,0.43388429752066116,0.43388429752066116,0.3333333333333333,0.10055096418732784,0.06336088154269975,0.13774104683195593,0.0004997501249375312
education,Less than high school,College graduate/some postgrad,steered,8.0,Steered N=8,Q4,122,244,0.5098170094858034,0.42213114754098363,0.38934426229508196,0.45491803278688525,0.42213114754098363,0.42213114754098363,0.3333333333333333,0.08879781420765032,0.05601092896174864,0.12158469945355194,0.0004997501249375312
education,Less than high school,High school graduate,steered,10.0,Steered N=10,All,486,972,0.1685863093397156,0.22839506172839505,0.20473251028806586,0.2500257201646089,0.22839506172839505,0.22839506172839505,0.3333333333333333,-0.10493827160493827,-0.12860082304526746,-0.0833076131687244,1.0
education,Less than high school,High school graduate,steered,10.0,Steered N=10,Q1,121,242,0.05022713243882999,0.21487603305785125,0.16942148760330578,0.2603305785123967,0.21487603305785125,0.21487603305785125,0.3333333333333333,-0.11845730027548207,-0.16391184573002754,-0.0730027548209366,1.0
education,Less than high school,High school graduate,steered,10.0,Steered N=10,Q2,122,244,0.10533572781477823,0.2336065573770492,0.1885245901639344,0.2786885245901639,0.2336065573770492,0.2336065573770492,0.3333333333333333,-0.09972677595628412,-0.1448087431693989,-0.054644808743169404,1.0
education,Less than high school,High school graduate,steered,10.0,Steered N=10,Q3,121,242,0.1744355733262929,0.21487603305785125,0.16942148760330578,0.2603305785123967,0.21487603305785125,0.21487603305785125,0.3333333333333333,-0.11845730027548207,-0.16391184573002754,-0.0730027548209366,1.0
education,Less than high school,High school graduate,steered,10.0,Steered N=10,Q4,122,244,0.3434245913780245,0.25,0.20491803278688525,0.29508196721311475,0.25,0.25,0.3333333333333333,-0.08333333333333331,-0.12841530054644806,-0.038251366120218566,0.9995002498750625
education,Less than high school,College graduate/some postgrad,steered,10.0,Steered N=10,All,486,972,0.25089930296449475,0.41460905349794236,0.39609053497942387,0.43415637860082307,0.41460905349794236,0.41460905349794236,0.3333333333333333,0.08127572016460904,0.06275720164609055,0.10082304526748975,0.0004997501249375312
education,Less than high school,College graduate/some postgrad,steered,10.0,Steered N=10,Q1,121,242,0.06905410319135591,0.38016528925619836,0.3347107438016529,0.4214876033057851,0.38016528925619836,0.38016528925619836,0.3333333333333333,0.04683195592286504,0.0013774104683195731,0.0881542699724518,0.017991004497751123
education,Less than high school,College graduate/some postgrad,steered,10.0,Steered N=10,Q2,122,244,0.15552976945782074,0.4262295081967213,0.38934426229508196,0.46311475409836067,0.4262295081967213,0.4262295081967213,0.3333333333333333,0.09289617486338797,0.05601092896174864,0.12978142076502736,0.0004997501249375312
education,Less than high school,College graduate/some postgrad,steered,10.0,Steered N=10,Q3,121,242,0.26784469192948973,0.4297520661157025,0.3884297520661157,0.4669421487603306,0.4297520661157025,0.4297520661157025,0.3333333333333333,0.09641873278236918,0.05509641873278237,0.13360881542699726,0.0004997501249375312
education,Less than high school,College graduate/some postgrad,steered,10.0,Steered N=10,Q4,122,244,0.5098170094858034,0.42213114754098363,0.38524590163934425,0.45491803278688525,0.42213114754098363,0.42213114754098363,0.3333333333333333,0.08879781420765032,0.05191256830601093,0.12158469945355194,0.0004997501249375312
education,Less than high school,High school graduate,steered,12.0,Steered N=12,All,486,972,0.1685863093397156,0.23868312757201646,0.21604938271604937,0.2623456790123457,0.23868312757201646,0.23868312757201646,0.3333333333333333,-0.09465020576131686,-0.11728395061728394,-0.07098765432098764,1.0
education,Less than high school,High school graduate,steered,12.0,Steered N=12,Q1,121,242,0.05022713243882999,0.2190082644628099,0.17355371900826447,0.2644628099173554,0.2190082644628099,0.2190082644628099,0.3333333333333333,-0.1143250688705234,-0.15977961432506885,-0.06887052341597794,1.0
education,Less than high school,High school graduate,steered,12.0,Steered N=12,Q2,122,244,0.10533572781477823,0.22540983606557377,0.18032786885245902,0.2664959016393437,0.22540983606557377,0.22540983606557377,0.3333333333333333,-0.10792349726775954,-0.1530054644808743,-0.06683743169398959,1.0
education,Less than high school,High school graduate,steered,12.0,Steered N=12,Q3,121,242,0.1744355733262929,0.25206611570247933,0.2024793388429752,0.30578512396694213,0.25206611570247933,0.25206611570247933,0.3333333333333333,-0.08126721763085398,-0.13085399449035812,-0.027548209366391185,0.9995002498750625
education,Less than high school,High school graduate,steered,12.0,Steered N=12,Q4,122,244,0.3434245913780245,0.2581967213114754,0.21311475409836064,0.30327868852459017,0.2581967213114754,0.2581967213114754,0.3333333333333333,-0.0751366120218579,-0.12021857923497267,-0.030054644808743147,0.999000499750125
education,Less than high school,College graduate/some postgrad,steered,12.0,Steered N=12,All,486,972,0.25089930296449475,0.41975308641975306,0.4012088477366255,0.4382716049382716,0.41975308641975306,0.41975308641975306,0.3333333333333333,0.08641975308641975,0.0678755144032922,0.1049382716049383,0.0004997501249375312
education,Less than high school,College graduate/some postgrad,steered,12.0,Steered N=12,Q1,121,242,0.06905410319135591,0.384297520661157,0.34297520661157027,0.4256198347107438,0.384297520661157,0.384297520661157,0.3333333333333333,0.05096418732782371,0.009641873278236957,0.09228650137741051,0.009995002498750625
education,Less than high school,College graduate/some postgrad,steered,12.0,Steered N=12,Q2,122,244,0.15552976945782074,0.4180327868852459,0.38114754098360654,0.45491803278688525,0.4180327868852459,0.4180327868852459,0.3333333333333333,0.0846994535519126,0.04781420765027322,0.12158469945355194,0.0004997501249375312
education,Less than high school,College graduate/some postgrad,steered,12.0,Steered N=12,Q3,121,242,0.26784469192948973,0.43388429752066116,0.39669421487603307,0.47107438016528924,0.43388429752066116,0.43388429752066116,0.3333333333333333,0.10055096418732784,0.06336088154269975,0.13774104683195593,0.0004997501249375312
education,Less than high school,College graduate/some postgrad,steered,12.0,Steered N=12,Q4,122,244,0.5098170094858034,0.4426229508196721,0.4016393442622951,0.47950819672131145,0.4426229508196721,0.4426229508196721,0.3333333333333333,0.10928961748633881,0.06830601092896177,0.14617486338797814,0.0004997501249375312
education,Less than high school,High school graduate,steered,14.0,Steered N=14,All,486,972,0.1685863093397156,0.2417695473251029,0.2191358024691358,0.2664609053497942,0.2417695473251029,0.2417695473251029,0.3333333333333333,-0.09156378600823042,-0.11419753086419751,-0.0668724279835391,1.0
education,Less than high school,High school graduate,steered,14.0,Steered N=14,Q1,121,242,0.05022713243882999,0.23140495867768596,0.1859504132231405,0.2768595041322314,0.23140495867768596,0.23140495867768596,0.3333333333333333,-0.10192837465564736,-0.14738292011019283,-0.05647382920110189,1.0
education,Less than high school,High school graduate,steered,14.0,Steered N=14,Q2,122,244,0.10533572781477823,0.22540983606557377,0.18032786885245902,0.27049180327868855,0.22540983606557377,0.22540983606557377,0.3333333333333333,-0.10792349726775954,-0.1530054644808743,-0.06284153005464477,1.0
education,Less than high school,High school graduate,steered,14.0,Steered N=14,Q3,121,242,0.1744355733262929,0.24380165289256198,0.19421487603305784,0.29338842975206614,0.24380165289256198,0.24380165289256198,0.3333333333333333,-0.08953168044077134,-0.13911845730027547,-0.03994490358126718,0.9995002498750625
education,Less than high school,High school graduate,steered,14.0,Steered N=14,Q4,122,244,0.3434245913780245,0.26639344262295084,0.22131147540983606,0.3155737704918033,0.26639344262295084,0.26639344262295084,0.3333333333333333,-0.06693989071038248,-0.11202185792349725,-0.01775956284153002,0.9975012493753124
education,Less than high school,College graduate/some postgrad,steered,14.0,Steered N=14,All,486,972,0.25089930296449475,0.4166666666666667,0.39711934156378603,0.43726851851851833,0.4166666666666667,0.4166666666666667,0.3333333333333333,0.08333333333333337,0.06378600823045272,0.10393518518518505,0.0004997501249375312
education,Less than high school,College graduate/some postgrad,steered,14.0,Steered N=14,Q1,121,242,0.06905410319135591,0.384297520661157,0.33884297520661155,0.4297520661157025,0.384297520661157,0.384297520661157,0.3333333333333333,0.05096418732782371,0.005509641873278237,0.09641873278236918,0.013993003498250875
education,Less than high school,College graduate/some postgrad,steered,14.0,Steered N=14,Q2,122,244,0.15552976945782074,0.4139344262295082,0.3770491803278688,0.45081967213114754,0.4139344262295082,0.4139344262295082,0.3333333333333333,0.0806010928961749,0.04371584699453551,0.11748633879781423,0.0004997501249375312
education,Less than high school,College graduate/some postgrad,steered,14.0,Steered N=14,Q3,121,242,0.26784469192948973,0.4256198347107438,0.384297520661157,0.4628099173553719,0.4256198347107438,0.4256198347107438,0.3333333333333333,0.09228650137741051,0.05096418732782371,0.1294765840220386,0.0004997501249375312
education,Less than high school,College graduate/some postgrad,steered,14.0,Steered N=14,Q4,122,244,0.5098170094858034,0.4426229508196721,0.4016393442622951,0.47950819672131145,0.4426229508196721,0.4426229508196721,0.3333333333333333,0.10928961748633881,0.06830601092896177,0.14617486338797814,0.0004997501249375312
education,Less than high school,High school graduate,steered,16.0,Steered N=16,All,486,972,0.1685863093397156,0.23251028806584362,0.20987654320987653,0.25823045267489714,0.23251028806584362,0.23251028806584362,0.3333333333333333,-0.1008230452674897,-0.12345679012345678,-0.07510288065843618,1.0
education,Less than high school,High school graduate,steered,16.0,Steered N=16,Q1,121,242,0.05022713243882999,0.2231404958677686,0.17768595041322313,0.2727272727272727,0.2231404958677686,0.2231404958677686,0.3333333333333333,-0.11019283746556471,-0.15564738292011018,-0.06060606060606061,1.0
education,Less than high school,High school graduate,steered,16.0,Steered N=16,Q2,122,244,0.10533572781477823,0.21311475409836064,0.1680327868852459,0.26229508196721313,0.21311475409836064,0.21311475409836064,0.3333333333333333,-0.12021857923497267,-0.16530054644808742,-0.07103825136612019,1.0
education,Less than high school,High school graduate,steered,16.0,Steered N=16,Q3,121,242,0.1744355733262929,0.24380165289256198,0.19824380165289257,0.29338842975206614,0.24380165289256198,0.24380165289256198,0.3333333333333333,-0.08953168044077134,-0.13508953168044074,-0.03994490358126718,0.9995002498750625
education,Less than high school,High school graduate,steered,16.0,Steered N=16,Q4,122,244,0.3434245913780245,0.25,0.20491803278688525,0.29508196721311475,0.25,0.25,0.3333333333333333,-0.08333333333333331,-0.12841530054644806,-0.038251366120218566,0.9995002498750625
education,Less than high school,College graduate/some postgrad,steered,16.0,Steered N=16,All,486,972,0.25089930296449475,0.41358024691358025,0.39300411522633744,0.43415637860082307,0.41358024691358025,0.41358024691358025,0.3333333333333333,0.08024691358024694,0.05967078189300412,0.10082304526748975,0.0004997501249375312
education,Less than high school,College graduate/some postgrad,steered,16.0,Steered N=16,Q1,121,242,0.06905410319135591,0.38016528925619836,0.3347107438016529,0.4256198347107438,0.38016528925619836,0.38016528925619836,0.3333333333333333,0.04683195592286504,0.0013774104683195731,0.09228650137741051,0.017991004497751123
education,Less than high school,College graduate/some postgrad,steered,16.0,Steered N=16,Q2,122,244,0.15552976945782074,0.4180327868852459,0.3770491803278688,0.45491803278688525,0.4180327868852459,0.4180327868852459,0.3333333333333333,0.0846994535519126,0.04371584699453551,0.12158469945355194,0.0004997501249375312
education,Less than high school,College graduate/some postgrad,steered,16.0,Steered N=16,Q3,121,242,0.26784469192948973,0.4132231404958678,0.371900826446281,0.45454545454545453,0.4132231404958678,0.4132231404958678,0.3333333333333333,0.07988980716253447,0.03856749311294766,0.12121212121212122,0.0009995002498750624
education,Less than high school,College graduate/some postgrad,steered,16.0,Steered N=16,Q4,122,244,0.5098170094858034,0.4426229508196721,0.4057377049180328,0.47950819672131145,0.4426229508196721,0.4426229508196721,0.3333333333333333,0.10928961748633881,0.07240437158469948,0.14617486338797814,0.0004997501249375312
education,Less than high school,High school graduate,steered,18.0,Steered N=18,All,486,972,0.1685863093397156,0.22839506172839505,0.205761316872428,0.25205761316872427,0.22839506172839505,0.22839506172839505,0.3333333333333333,-0.10493827160493827,-0.12757201646090532,-0.08127572016460904,1.0
education,Less than high school,High school graduate,steered,18.0,Steered N=18,Q1,121,242,0.05022713243882999,0.2066115702479339,0.16115702479338842,0.256198347107438,0.2066115702479339,0.2066115702479339,0.3333333333333333,-0.12672176308539942,-0.1721763085399449,-0.07713498622589532,1.0
education,Less than high school,High school graduate,steered,18.0,Steered N=18,Q2,122,244,0.10533572781477823,0.20901639344262296,0.1598360655737705,0.2581967213114754,0.20901639344262296,0.20901639344262296,0.3333333333333333,-0.12431693989071035,-0.1734972677595628,-0.0751366120218579,1.0
education,Less than high school,High school graduate,steered,18.0,Steered N=18,Q3,121,242,0.1744355733262929,0.24793388429752067,0.19834710743801653,0.2975206611570248,0.24793388429752067,0.24793388429752067,0.3333333333333333,-0.08539944903581265,-0.13498622589531678,-0.03581267217630851,0.9985007496251874
education,Less than high school,High school graduate,steered,18.0,Steered N=18,Q4,122,244,0.3434245913780245,0.25,0.20491803278688525,0.29918032786885246,0.25,0.25,0.3333333333333333,-0.08333333333333331,-0.12841530054644806,-0.03415300546448086,0.9995002498750625
education,Less than high school,College graduate/some postgrad,steered,18.0,Steered N=18,All,486,972,0.25089930296449475,0.41460905349794236,0.39300411522633744,0.43415637860082307,0.41460905349794236,0.41460905349794236,0.3333333333333333,0.08127572016460904,0.05967078189300412,0.10082304526748975,0.0004997501249375312
education,Less than high school,College graduate/some postgrad,steered,18.0,Steered N=18,Q1,121,242,0.06905410319135591,0.3677685950413223,0.32231404958677684,0.4132231404958678,0.3677685950413223,0.3677685950413223,0.3333333333333333,0.034435261707988996,-0.011019283746556474,0.07988980716253447,0.06896551724137931
education,Less than high school,College graduate/some postgrad,steered,18.0,Steered N=18,Q2,122,244,0.15552976945782074,0.430327868852459,0.38934426229508196,0.4713114754098361,0.430327868852459,0.430327868852459,0.3333333333333333,0.09699453551912568,0.05601092896174864,0.13797814207650277,0.0004997501249375312
education,Less than high school,College graduate/some postgrad,steered,18.0,Steered N=18,Q3,121,242,0.26784469192948973,0.4090909090909091,0.36363636363636365,0.4462809917355372,0.4090909090909091,0.4090909090909091,0.3333333333333333,0.0757575757575758,0.03030303030303033,0.11294765840220389,0.0009995002498750624
education,Less than high school,College graduate/some postgrad,steered,18.0,Steered N=18,Q4,122,244,0.5098170094858034,0.45081967213114754,0.4139344262295082,0.48770491803278687,0.45081967213114754,0.45081967213114754,0.3333333333333333,0.11748633879781423,0.0806010928961749,0.15437158469945356,0.0004997501249375312
education,Less than high school,High school graduate,steered,20.0,Steered N=20,All,486,972,0.1685863093397156,0.25,0.2242798353909465,0.27469135802469136,0.25,0.25,0.3333333333333333,-0.08333333333333331,-0.1090534979423868,-0.05864197530864196,1.0
education,Less than high school,High school graduate,steered,20.0,Steered N=20,Q1,121,242,0.05022713243882999,0.22727272727272727,0.17768595041322313,0.27696280991735484,0.22727272727272727,0.22727272727272727,0.3333333333333333,-0.10606060606060605,-0.15564738292011018,-0.05637052341597849,1.0
education,Less than high school,High school graduate,steered,20.0,Steered N=20,Q2,122,244,0.10533572781477823,0.22131147540983606,0.1762295081967213,0.26639344262295084,0.22131147540983606,0.22131147540983606,0.3333333333333333,-0.11202185792349725,-0.157103825136612,-0.06693989071038248,1.0
education,Less than high school,High school graduate,steered,20.0,Steered N=20,Q3,121,242,0.1744355733262929,0.2727272727272727,0.2271694214876033,0.3181818181818182,0.2727272727272727,0.2727272727272727,0.3333333333333333,-0.06060606060606061,-0.10616391184573001,-0.015151515151515138,0.993503248375812
education,Less than high school,High school graduate,steered,20.0,Steered N=20,Q4,122,244,0.3434245913780245,0.2786885245901639,0.22540983606557377,0.3319672131147541,0.2786885245901639,0.2786885245901639,0.3333333333333333,-0.054644808743169404,-0.10792349726775954,-0.0013661202185792365,0.9780109945027486
education,Less than high school,College graduate/some postgrad,steered,20.0,Steered N=20,All,486,972,0.25089930296449475,0.4207818930041152,0.4012088477366255,0.44135802469135804,0.4207818930041152,0.4207818930041152,0.3333333333333333,0.08744855967078191,0.0678755144032922,0.10802469135802473,0.0004997501249375312
education,Less than high school,College graduate/some postgrad,steered,20.0,Steered N=20,Q1,121,242,0.06905410319135591,0.3760330578512397,0.3305785123966942,0.41735537190082644,0.3760330578512397,0.3760330578512397,0.3333333333333333,0.04269972451790638,-0.0027548209366390908,0.08402203856749313,0.029985007496251874
education,Less than high school,College graduate/some postgrad,steered,20.0,Steered N=20,Q2,122,244,0.15552976945782074,0.4262295081967213,0.38524590163934425,0.4672131147540984,0.4262295081967213,0.4262295081967213,0.3333333333333333,0.09289617486338797,0.05191256830601093,0.13387978142076506,0.0004997501249375312
education,Less than high school,College graduate/some postgrad,steered,20.0,Steered N=20,Q3,121,242,0.26784469192948973,0.4214876033057851,0.38016528925619836,0.4669421487603306,0.4214876033057851,0.4214876033057851,0.3333333333333333,0.0881542699724518,0.04683195592286504,0.13360881542699726,0.0004997501249375312
education,Less than high school,College graduate/some postgrad,steered,20.0,Steered N=20,Q4,122,244,0.5098170094858034,0.45901639344262296,0.42213114754098363,0.5,0.45901639344262296,0.45901639344262296,0.3333333333333333,0.12568306010928965,0.08879781420765032,0.16666666666666669,0.0004997501249375312
education,High school graduate,College graduate/some postgrad,declared,,Declared,All,486,972,0.17017613626227454,0.3724279835390947,0.3518261316872428,0.3940329218106996,0.3724279835390947,0.3724279835390947,0.3333333333333333,0.03909465020576136,0.018492798353909493,0.060699588477366284,0.0004997501249375312
education,High school graduate,College graduate/some postgrad,declared,,Declared,Q1,121,242,0.048746712886811996,0.35537190082644626,0.30991735537190085,0.40082644628099173,0.35537190082644626,0.35537190082644626,0.3333333333333333,0.02203856749311295,-0.023415977961432466,0.06749311294765842,0.1504247876061969
education,High school graduate,College graduate/some postgrad,declared,,Declared,Q2,122,244,0.10797407847401763,0.3319672131147541,0.28688524590163933,0.3770491803278688,0.3319672131147541,0.3319672131147541,0.3333333333333333,-0.0013661202185792365,-0.046448087431693985,0.04371584699453551,0.5392303848075962
education,High school graduate,College graduate/some postgrad,declared,,Declared,Q3,121,242,0.18585507629900233,0.38016528925619836,0.3347107438016529,0.4215909090909085,0.38016528925619836,0.38016528925619836,0.3333333333333333,0.04683195592286504,0.0013774104683195731,0.0882575757575752,0.020989505247376312
education,High school graduate,College graduate/some postgrad,declared,,Declared,Q4,122,244,0.3372618701487849,0.42213114754098363,0.38114754098360654,0.46311475409836067,0.42213114754098363,0.42213114754098363,0.3333333333333333,0.08879781420765032,0.04781420765027322,0.12978142076502736,0.0004997501249375312
education,High school graduate,College graduate/some postgrad,steered,0.0,Neutral (N=0),All,486,972,0.17017613626227454,0.36213991769547327,0.34156378600823045,0.38271604938271603,0.36213991769547327,0.36213991769547327,0.3333333333333333,0.028806584362139953,0.008230452674897137,0.04938271604938271,0.0034982508745627187
education,High school graduate,College graduate/some postgrad,steered,0.0,Neutral (N=0),Q1,121,242,0.048746712886811996,0.34297520661157027,0.2975206611570248,0.384297520661157,0.34297520661157027,0.34297520661157027,0.3333333333333333,0.009641873278236957,-0.03581267217630851,0.05096418732782371,0.3053473263368316
education,High school graduate,College graduate/some postgrad,steered,0.0,Neutral (N=0),Q2,122,244,0.10797407847401763,0.319672131147541,0.27459016393442626,0.36065573770491804,0.319672131147541,0.319672131147541,0.3333333333333333,-0.01366120218579231,-0.05874316939890706,0.02732240437158473,0.7241379310344828
education,High school graduate,College graduate/some postgrad,steered,0.0,Neutral (N=0),Q3,121,242,0.18585507629900233,0.371900826446281,0.3305785123966942,0.4090909090909091,0.371900826446281,0.371900826446281,0.3333333333333333,0.03856749311294766,-0.0027548209366390908,0.0757575757575758,0.026986506746626688
education,High school graduate,College graduate/some postgrad,steered,0.0,Neutral (N=0),Q4,122,244,0.3372618701487849,0.4139344262295082,0.3770491803278688,0.44672131147540983,0.4139344262295082,0.4139344262295082,0.3333333333333333,0.0806010928961749,0.04371584699453551,0.11338797814207652,0.0004997501249375312
education,High school graduate,College graduate/some postgrad,steered,2.0,Steered N=2,All,486,972,0.17017613626227454,0.36213991769547327,0.34156378600823045,0.38271604938271603,0.36213991769547327,0.36213991769547327,0.3333333333333333,0.028806584362139953,0.008230452674897137,0.04938271604938271,0.00399800099950025
education,High school graduate,College graduate/some postgrad,steered,2.0,Steered N=2,Q1,121,242,0.048746712886811996,0.34297520661157027,0.30165289256198347,0.384297520661157,0.34297520661157027,0.34297520661157027,0.3333333333333333,0.009641873278236957,-0.03168044077134985,0.05096418732782371,0.3188405797101449
education,High school graduate,College graduate/some postgrad,steered,2.0,Steered N=2,Q2,122,244,0.10797407847401763,0.3155737704918033,0.27459016393442626,0.35655737704918034,0.3155737704918033,0.3155737704918033,0.3333333333333333,-0.01775956284153002,-0.05874316939890706,0.02322404371584702,0.8040979510244878
education,High school graduate,College graduate/some postgrad,steered,2.0,Steered N=2,Q3,121,242,0.18585507629900233,0.384297520661157,0.34297520661157027,0.4214876033057851,0.384297520661157,0.384297520661157,0.3333333333333333,0.05096418732782371,0.009641873278236957,0.0881542699724518,0.0034982508745627187
education,High school graduate,College graduate/some postgrad,steered,2.0,Steered N=2,Q4,122,244,0.3372618701487849,0.4057377049180328,0.3729508196721312,0.4385245901639344,0.4057377049180328,0.4057377049180328,0.3333333333333333,0.07240437158469948,0.03961748633879786,0.1051912568306011,0.0004997501249375312
education,High school graduate,College graduate/some postgrad,steered,4.0,Steered N=4,All,486,972,0.17017613626227454,0.36522633744855965,0.3436213991769547,0.38580246913580246,0.36522633744855965,0.36522633744855965,0.3333333333333333,0.03189300411522633,0.010288065843621408,0.05246913580246915,0.001999000499750125
education,High school graduate,College graduate/some postgrad,steered,4.0,Steered N=4,Q1,121,242,0.048746712886811996,0.34710743801652894,0.30165289256198347,0.3884297520661157,0.34710743801652894,0.34710743801652894,0.3333333333333333,0.01377410468319562,-0.03168044077134985,0.05509641873278237,0.263368315842079
education,High school graduate,College graduate/some postgrad,steered,4.0,Steered N=4,Q2,122,244,0.10797407847401763,0.3114754098360656,0.26639344262295084,0.3524590163934426,0.3114754098360656,0.3114754098360656,0.3333333333333333,-0.02185792349726773,-0.06693989071038248,0.01912568306010931,0.8645677161419291
education,High school graduate,College graduate/some postgrad,steered,4.0,Steered N=4,Q3,121,242,0.18585507629900233,0.3884297520661157,0.34710743801652894,0.4297520661157025,0.3884297520661157,0.3884297520661157,0.3333333333333333,0.05509641873278237,0.01377410468319562,0.09641873278236918,0.004997501249375313
education,High school graduate,College graduate/some postgrad,steered,4.0,Steered N=4,Q4,122,244,0.3372618701487849,0.4139344262295082,0.3770491803278688,0.45081967213114754,0.4139344262295082,0.4139344262295082,0.3333333333333333,0.0806010928961749,0.04371584699453551,0.11748633879781423,0.0004997501249375312
education,High school graduate,College graduate/some postgrad,steered,6.0,Steered N=6,All,486,972,0.17017613626227454,0.36522633744855965,0.3436213991769547,0.38580246913580246,0.36522633744855965,0.36522633744855965,0.3333333333333333,0.03189300411522633,0.010288065843621408,0.05246913580246915,0.001999000499750125
education,High school graduate,College graduate/some postgrad,steered,6.0,Steered N=6,Q1,121,242,0.048746712886811996,0.3512396694214876,0.3098140495867769,0.3925619834710744,0.3512396694214876,0.3512396694214876,0.3333333333333333,0.017906336088154284,-0.02351928374655643,0.05922865013774109,0.20239880059970014
education,High school graduate,College graduate/some postgrad,steered,6.0,Steered N=6,Q2,122,244,0.10797407847401763,0.3114754098360656,0.26639344262295084,0.35655737704918034,0.3114754098360656,0.3114754098360656,0.3333333333333333,-0.02185792349726773,-0.06693989071038248,0.02322404371584702,0.84007996001999
education,High school graduate,College graduate/some postgrad,steered,6.0,Steered N=6,Q3,121,242,0.18585507629900233,0.384297520661157,0.34297520661157027,0.4214876033057851,0.384297520661157,0.384297520661157,0.3333333333333333,0.05096418732782371,0.009641873278236957,0.0881542699724518,0.0074962518740629685
education,High school graduate,College graduate/some postgrad,steered,6.0,Steered N=6,Q4,122,244,0.3372618701487849,0.4139344262295082,0.3770491803278688,0.44672131147540983,0.4139344262295082,0.4139344262295082,0.3333333333333333,0.0806010928961749,0.04371584699453551,0.11338797814207652,0.0004997501249375312
education,High school graduate,College graduate/some postgrad,steered,8.0,Steered N=8,All,486,972,0.17017613626227454,0.36213991769547327,0.3415380658436214,0.3837448559670782,0.36213991769547327,0.36213991769547327,0.3333333333333333,0.028806584362139953,0.008204732510288085,0.050411522633744876,0.004497751124437781
education,High school graduate,College graduate/some postgrad,steered,8.0,Steered N=8,Q1,121,242,0.048746712886811996,0.35537190082644626,0.30991735537190085,0.40082644628099173,0.35537190082644626,0.35537190082644626,0.3333333333333333,0.02203856749311295,-0.023415977961432466,0.06749311294765842,0.16891554222888555
education,High school graduate,College graduate/some postgrad,steered,8.0,Steered N=8,Q2,122,244,0.10797407847401763,0.29918032786885246,0.2540983606557377,0.3401639344262295,0.29918032786885246,0.29918032786885246,0.3333333333333333,-0.03415300546448086,-0.0792349726775956,0.0068306010928961824,0.9470264867566217
education,High school graduate,College graduate/some postgrad,steered,8.0,Steered N=8,Q3,121,242,0.18585507629900233,0.3884297520661157,0.34297520661157027,0.4297520661157025,0.3884297520661157,0.3884297520661157,0.3333333333333333,0.05509641873278237,0.009641873278236957,0.09641873278236918,0.005997001499250375
education,High school graduate,College graduate/some postgrad,steered,8.0,Steered N=8,Q4,122,244,0.3372618701487849,0.4057377049180328,0.36885245901639346,0.4426229508196721,0.4057377049180328,0.4057377049180328,0.3333333333333333,0.07240437158469948,0.03551912568306015,0.10928961748633881,0.0009995002498750624
education,High school graduate,College graduate/some postgrad,steered,10.0,Steered N=10,All,486,972,0.17017613626227454,0.35905349794238683,0.3374485596707819,0.37962962962962965,0.35905349794238683,0.35905349794238683,0.3333333333333333,0.02572016460905352,0.0041152263374485964,0.046296296296296335,0.009995002498750625
education,High school graduate,College graduate/some postgrad,steered,10.0,Steered N=10,Q1,121,242,0.048746712886811996,0.35537190082644626,0.30991735537190085,0.39669421487603307,0.35537190082644626,0.35537190082644626,0.3333333333333333,0.02203856749311295,-0.023415977961432466,0.06336088154269975,0.1549225387306347
education,High school graduate,College graduate/some postgrad,steered,10.0,Steered N=10,Q2,122,244,0.10797407847401763,0.3073770491803279,0.26229508196721313,0.3524590163934426,0.3073770491803279,0.3073770491803279,0.3333333333333333,-0.025956284153005438,-0.07103825136612019,0.01912568306010931,0.8825587206396801
education,High school graduate,College graduate/some postgrad,steered,10.0,Steered N=10,Q3,121,242,0.18585507629900233,0.3760330578512397,0.3347107438016529,0.41745867768594985,0.3760330578512397,0.3760330578512397,0.3333333333333333,0.04269972451790638,0.0013774104683195731,0.08412534435261654,0.021989005497251374
education,High school graduate,College graduate/some postgrad,steered,10.0,Steered N=10,Q4,122,244,0.3372618701487849,0.3975409836065574,0.35655737704918034,0.4344262295081967,0.3975409836065574,0.3975409836065574,0.3333333333333333,0.06420765027322406,0.02322404371584702,0.10109289617486339,0.0024987506246876563
education,High school graduate,College graduate/some postgrad,steered,12.0,Steered N=12,All,486,972,0.17017613626227454,0.36419753086419754,0.3425925925925926,0.3868312757201646,0.36419753086419754,0.36419753086419754,0.3333333333333333,0.030864197530864224,0.0092592592592593,0.05349794238683131,0.004997501249375313
education,High school graduate,College graduate/some postgrad,steered,12.0,Steered N=12,Q1,121,242,0.048746712886811996,0.359504132231405,0.3140495867768595,0.40082644628099173,0.359504132231405,0.359504132231405,0.3333333333333333,0.026170798898071668,-0.019283746556473802,0.06749311294765842,0.11944027986006997
education,High school graduate,College graduate/some postgrad,steered,12.0,Steered N=12,Q2,122,244,0.10797407847401763,0.3155737704918033,0.27049180327868855,0.36065573770491804,0.3155737704918033,0.3155737704918033,0.3333333333333333,-0.01775956284153002,-0.06284153005464477,0.02732240437158473,0.7951024487756122
education,High school graduate,College graduate/some postgrad,steered,12.0,Steered N=12,Q3,121,242,0.18585507629900233,0.3760330578512397,0.3305785123966942,0.4214876033057851,0.3760330578512397,0.3760330578512397,0.3333333333333333,0.04269972451790638,-0.0027548209366390908,0.0881542699724518,0.030984507746126936
education,High school graduate,College graduate/some postgrad,steered,12.0,Steered N=12,Q4,122,244,0.3372618701487849,0.4057377049180328,0.36475409836065575,0.44672131147540983,0.4057377049180328,0.4057377049180328,0.3333333333333333,0.07240437158469948,0.03142076502732244,0.11338797814207652,0.0004997501249375312
education,High school graduate,College graduate/some postgrad,steered,14.0,Steered N=14,All,486,972,0.17017613626227454,0.36213991769547327,0.3395061728395062,0.3837448559670782,0.36213991769547327,0.36213991769547327,0.3333333333333333,0.028806584362139953,0.006172839506172867,0.050411522633744876,0.006496751624187906
education,High school graduate,College graduate/some postgrad,steered,14.0,Steered N=14,Q1,121,242,0.048746712886811996,0.359504132231405,0.30991735537190085,0.4049586776859504,0.359504132231405,0.359504132231405,0.3333333333333333,0.026170798898071668,-0.023415977961432466,0.07162534435261708,0.12243878060969515
education,High school graduate,College graduate/some postgrad,steered,14.0,Steered N=14,Q2,122,244,0.10797407847401763,0.3155737704918033,0.27049180327868855,0.36065573770491804,0.3155737704918033,0.3155737704918033,0.3333333333333333,-0.01775956284153002,-0.06284153005464477,0.02732240437158473,0.7861069465267366
education,High school graduate,College graduate/some postgrad,steered,14.0,Steered N=14,Q3,121,242,0.18585507629900233,0.3760330578512397,0.32644628099173556,0.4214876033057851,0.3760330578512397,0.3760330578512397,0.3333333333333333,0.04269972451790638,-0.006887052341597755,0.0881542699724518,0.04097951024487756
education,High school graduate,College graduate/some postgrad,steered,14.0,Steered N=14,Q4,122,244,0.3372618701487849,0.3975409836065574,0.35655737704918034,0.4344262295081967,0.3975409836065574,0.3975409836065574,0.3333333333333333,0.06420765027322406,0.02322404371584702,0.10109289617486339,0.0029985007496251873
education,High school graduate,College graduate/some postgrad,steered,16.0,Steered N=16,All,486,972,0.17017613626227454,0.360082304526749,0.3374485596707819,0.3816872427983539,0.360082304526749,0.360082304526749,0.3333333333333333,0.026748971193415683,0.0041152263374485964,0.048353909465020606,0.009495252373813094
education,High school graduate,College graduate/some postgrad,steered,16.0,Steered N=16,Q1,121,242,0.048746712886811996,0.359504132231405,0.3140495867768595,0.40082644628099173,0.359504132231405,0.359504132231405,0.3333333333333333,0.026170798898071668,-0.019283746556473802,0.06749311294765842,0.11444277861069466
education,High school graduate,College graduate/some postgrad,steered,16.0,Steered N=16,Q2,122,244,0.10797407847401763,0.3114754098360656,0.26639344262295084,0.3524590163934426,0.3114754098360656,0.3114754098360656,0.3333333333333333,-0.02185792349726773,-0.06693989071038248,0.01912568306010931,0.8455772113943029
education,High school graduate,College graduate/some postgrad,steered,16.0,Steered N=16,Q3,121,242,0.18585507629900233,0.371900826446281,0.32644628099173556,0.4214876033057851,0.371900826446281,0.371900826446281,0.3333333333333333,0.03856749311294766,-0.006887052341597755,0.0881542699724518,0.04997501249375312
education,High school graduate,College graduate/some postgrad,steered,16.0,Steered N=16,Q4,122,244,0.3372618701487849,0.3975409836065574,0.35655737704918034,0.4385245901639344,0.3975409836065574,0.3975409836065574,0.3333333333333333,0.06420765027322406,0.02322404371584702,0.1051912568306011,0.001999000499750125
education,High school graduate,College graduate/some postgrad,steered,18.0,Steered N=18,All,486,972,0.17017613626227454,0.35288065843621397,0.3302211934156379,0.37551440329218105,0.35288065843621397,0.35288065843621397,0.3333333333333333,0.019547325102880653,-0.0031121399176954304,0.04218106995884774,0.05247376311844078
education,High school graduate,College graduate/some postgrad,steered,18.0,Steered N=18,Q1,121,242,0.048746712886811996,0.36363636363636365,0.3181818181818182,0.4090909090909091,0.36363636363636365,0.36363636363636365,0.3333333333333333,0.03030303030303033,-0.015151515151515138,0.0757575757575758,0.09245377311344327
education,High school graduate,College graduate/some postgrad,steered,18.0,Steered N=18,Q2,122,244,0.10797407847401763,0.3073770491803279,0.26229508196721313,0.3524590163934426,0.3073770491803279,0.3073770491803279,0.3333333333333333,-0.025956284153005438,-0.07103825136612019,0.01912568306010931,0.8790604697651174
education,High school graduate,College graduate/some postgrad,steered,18.0,Steered N=18,Q3,121,242,0.18585507629900233,0.36363636363636365,0.3140495867768595,0.4132231404958678,0.36363636363636365,0.36363636363636365,0.3333333333333333,0.03030303030303033,-0.019283746556473802,0.07988980716253447,0.10994502748625687
education,High school graduate,College graduate/some postgrad,steered,18.0,Steered N=18,Q4,122,244,0.3372618701487849,0.3770491803278688,0.3319672131147541,0.4180327868852459,0.3770491803278688,0.3770491803278688,0.3333333333333333,0.04371584699453551,-0.0013661202185792365,0.0846994535519126,0.033483258370814596
education,High school graduate,College graduate/some postgrad,steered,20.0,Steered N=20,All,486,972,0.17017613626227454,0.3662551440329218,0.3425925925925926,0.39094650205761317,0.3662551440329218,0.3662551440329218,0.3333333333333333,0.032921810699588494,0.0092592592592593,0.05761316872427985,0.00399800099950025
education,High school graduate,College graduate/some postgrad,steered,20.0,Steered N=20,Q1,121,242,0.048746712886811996,0.36363636363636365,0.3181818181818182,0.4090909090909091,0.36363636363636365,0.36363636363636365,0.3333333333333333,0.03030303030303033,-0.015151515151515138,0.0757575757575758,0.09895052473763119
education,High school graduate,College graduate/some postgrad,steered,20.0,Steered N=20,Q2,122,244,0.10797407847401763,0.3237704918032787,0.27459016393442626,0.36885245901639346,0.3237704918032787,0.3237704918032787,0.3333333333333333,-0.0095628415300546,-0.05874316939890706,0.03551912568306015,0.6621689155422289
education,High school graduate,College graduate/some postgrad,steered,20.0,Steered N=20,Q3,121,242,0.18585507629900233,0.3760330578512397,0.32231404958677684,0.4297520661157025,0.3760330578512397,0.3760330578512397,0.3333333333333333,0.04269972451790638,-0.011019283746556474,0.09641873278236918,0.05347326336831584
education,High school graduate,College graduate/some postgrad,steered,20.0,Steered N=20,Q4,122,244,0.3372618701487849,0.4016393442622951,0.35655737704918034,0.45081967213114754,0.4016393442622951,0.4016393442622951,0.3333333333333333,0.06830601092896177,0.02322404371584702,0.11748633879781423,0.0034982508745627187
socioeco,"Less than $30,000","$100,000 or more",declared,,Declared,All,486,972,0.20496130601456683,0.5339506172839507,0.5164609053497943,0.5524691358024691,0.5339506172839507,0.5339506172839507,0.5,0.03395061728395066,0.016460905349794275,0.05246913580246915,0.0004997501249375312
socioeco,"Less than $30,000","$100,000 or more",declared,,Declared,Q1,121,242,0.04815234216570784,0.5041322314049587,0.47107438016528924,0.5330578512396694,0.5041322314049587,0.5041322314049587,0.5,0.004132231404958664,-0.02892561983471076,0.03305785123966942,0.44627686156921537
socioeco,"Less than $30,000","$100,000 or more",declared,,Declared,Q2,122,244,0.11008846585942775,0.5163934426229508,0.48360655737704916,0.5491803278688525,0.5163934426229508,0.5163934426229508,0.5,0.016393442622950838,-0.016393442622950838,0.049180327868852514,0.18040979510244878
socioeco,"Less than $30,000","$100,000 or more",declared,,Declared,Q3,121,242,0.20565233374747746,0.512396694214876,0.4834710743801653,0.5454545454545454,0.512396694214876,0.512396694214876,0.5,0.012396694214875992,-0.01652892561983471,0.045454545454545414,0.2723638180909545
socioeco,"Less than $30,000","$100,000 or more",declared,,Declared,Q4,122,244,0.4546724270715891,0.6024590163934426,0.5614754098360656,0.6475409836065574,0.6024590163934426,0.6024590163934426,0.5,0.10245901639344257,0.061475409836065587,0.14754098360655743,0.0004997501249375312
socioeco,"Less than $30,000","$100,000 or more",steered,0.0,Neutral (N=0),All,486,972,0.20496130601456683,0.5,0.5,0.5,0.5,0.5,0.5,0.0,0.0,0.0,1.0
socioeco,"Less than $30,000","$100,000 or more",steered,0.0,Neutral (N=0),Q1,121,242,0.04815234216570784,0.5,0.5,0.5,0.5,0.5,0.5,0.0,0.0,0.0,1.0
socioeco,"Less than $30,000","$100,000 or more",steered,0.0,Neutral (N=0),Q2,122,244,0.11008846585942775,0.5,0.5,0.5,0.5,0.5,0.5,0.0,0.0,0.0,1.0
socioeco,"Less than $30,000","$100,000 or more",steered,0.0,Neutral (N=0),Q3,121,242,0.20565233374747746,0.5,0.5,0.5,0.5,0.5,0.5,0.0,0.0,0.0,1.0
socioeco,"Less than $30,000","$100,000 or more",steered,0.0,Neutral (N=0),Q4,122,244,0.4546724270715891,0.5,0.5,0.5,0.5,0.5,0.5,0.0,0.0,0.0,1.0
socioeco,"Less than $30,000","$100,000 or more",steered,2.0,Steered N=2,All,486,972,0.20496130601456683,0.49897119341563784,0.4948559670781893,0.5030864197530864,0.49897119341563784,0.49897119341563784,0.5,-0.001028806584362163,-0.005144032921810704,0.0030864197530864335,0.7581209395302348
socioeco,"Less than $30,000","$100,000 or more",steered,2.0,Steered N=2,Q1,121,242,0.04815234216570784,0.49173553719008267,0.4793388429752066,0.5,0.49173553719008267,0.49173553719008267,0.5,-0.008264462809917328,-0.020661157024793375,0.0,1.0
socioeco,"Less than $30,000","$100,000 or more",steered,2.0,Steered N=2,Q2,122,244,0.11008846585942775,0.5040983606557377,0.5,0.5122950819672131,0.5040983606557377,0.5040983606557377,0.5,0.004098360655737654,0.0,0.012295081967213073,0.3743128435782109
socioeco,"Less than $30,000","$100,000 or more",steered,2.0,Steered N=2,Q3,121,242,0.20565233374747746,0.5,0.5,0.5,0.5,0.5,0.5,0.0,0.0,0.0,1.0
socioeco,"Less than $30,000","$100,000 or more",steered,2.0,Steered N=2,Q4,122,244,0.4546724270715891,0.5,0.48770491803278687,0.5122950819672131,0.5,0.5,0.5,0.0,-0.012295081967213128,0.012295081967213073,0.6546726636681659
socioeco,"Less than $30,000","$100,000 or more",steered,4.0,Steered N=4,All,486,972,0.20496130601456683,0.49794238683127573,0.49176954732510286,0.5041152263374485,0.49794238683127573,0.49794238683127573,0.5,-0.0020576131687242705,-0.008230452674897137,0.004115226337448541,0.7816091954022989
socioeco,"Less than $30,000","$100,000 or more",steered,4.0,Steered N=4,Q1,121,242,0.04815234216570784,0.49173553719008267,0.4793388429752066,0.5,0.49173553719008267,0.49173553719008267,0.5,-0.008264462809917328,-0.020661157024793375,0.0,1.0
socioeco,"Less than $30,000","$100,000 or more",steered,4.0,Steered N=4,Q2,122,244,0.11008846585942775,0.5,0.48770491803278687,0.5122950819672131,0.5,0.5,0.5,0.0,-0.012295081967213128,0.012295081967213073,0.6451774112943528
socioeco,"Less than $30,000","$100,000 or more",steered,4.0,Steered N=4,Q3,121,242,0.20565233374747746,0.49173553719008267,0.4793388429752066,0.5,0.49173553719008267,0.49173553719008267,0.5,-0.008264462809917328,-0.020661157024793375,0.0,1.0
socioeco,"Less than $30,000","$100,000 or more",steered,4.0,Steered N=4,Q4,122,244,0.4546724270715891,0.5081967213114754,0.4918032786885246,0.5245901639344263,0.5081967213114754,0.5081967213114754,0.5,0.008196721311475419,-0.008196721311475419,0.024590163934426257,0.223888055972014
socioeco,"Less than $30,000","$100,000 or more",steered,6.0,Steered N=6,All,486,972,0.20496130601456683,0.49794238683127573,0.49074074074074076,0.5051440329218106,0.49794238683127573,0.49794238683127573,0.5,-0.0020576131687242705,-0.009259259259259245,0.005144032921810648,0.7706146926536732
socioeco,"Less than $30,000","$100,000 or more",steered,6.0,Steered N=6,Q1,121,242,0.04815234216570784,0.49173553719008267,0.4793388429752066,0.5,0.49173553719008267,0.49173553719008267,0.5,-0.008264462809917328,-0.020661157024793375,0.0,1.0
socioeco,"Less than $30,000","$100,000 or more",steered,6.0,Steered N=6,Q2,122,244,0.11008846585942775,0.4959016393442623,0.47950819672131145,0.5081967213114754,0.4959016393442623,0.4959016393442623,0.5,-0.0040983606557377095,-0.020491803278688547,0.008196721311475419,0.8180909545227386
socioeco,"Less than $30,000","$100,000 or more",steered,6.0,Steered N=6,Q3,121,242,0.20565233374747746,0.49586776859504134,0.48760330578512395,0.5,0.49586776859504134,0.49586776859504134,0.5,-0.004132231404958664,-0.012396694214876047,0.0,1.0
socioeco,"Less than $30,000","$100,000 or more",steered,6.0,Steered N=6,Q4,122,244,0.4546724270715891,0.5081967213114754,0.48770491803278687,0.5286885245901639,0.5081967213114754,0.5081967213114754,0.5,0.008196721311475419,-0.012295081967213128,0.02868852459016391,0.2543728135932034
socioeco,"Less than $30,000","$100,000 or more",steered,8.0,Steered N=8,All,486,972,0.20496130601456683,0.5010288065843621,0.492798353909465,0.5092592592592593,0.5010288065843621,0.5010288065843621,0.5,0.0010288065843621075,-0.007201646090534974,0.0092592592592593,0.4292853573213393
socioeco,"Less than $30,000","$100,000 or more",steered,8.0,Steered N=8,Q1,121,242,0.04815234216570784,0.49173553719008267,0.47107438016528924,0.512396694214876,0.49173553719008267,0.49173553719008267,0.5,-0.008264462809917328,-0.02892561983471076,0.012396694214875992,0.8500749625187406
socioeco,"Less than $30,000","$100,000 or more",steered,8.0,Steered N=8,Q2,122,244,0.11008846585942775,0.5040983606557377,0.48770491803278687,0.5204918032786885,0.5040983606557377,0.5040983606557377,0.5,0.004098360655737654,-0.012295081967213128,0.020491803278688492,0.40929535232383807
socioeco,"Less than $30,000","$100,000 or more",steered,8.0,Steered N=8,Q3,121,242,0.20565233374747746,0.49586776859504134,0.48760330578512395,0.5,0.49586776859504134,0.49586776859504134,0.5,-0.004132231404958664,-0.012396694214876047,0.0,1.0
socioeco,"Less than $30,000","$100,000 or more",steered,8.0,Steered N=8,Q4,122,244,0.4546724270715891,0.5122950819672131,0.4959016393442623,0.5286885245901639,0.5122950819672131,0.5122950819672131,0.5,0.012295081967213073,-0.0040983606557377095,0.02868852459016391,0.13193403298350825
socioeco,"Less than $30,000","$100,000 or more",steered,10.0,Steered N=10,All,486,972,0.20496130601456683,0.5030864197530864,0.4948559670781893,0.5113168724279835,0.5030864197530864,0.5030864197530864,0.5,0.0030864197530864335,-0.005144032921810704,0.011316872427983515,0.29235382308845576
socioeco,"Less than $30,000","$100,000 or more",steered,10.0,Steered N=10,Q1,121,242,0.04815234216570784,0.49586776859504134,0.47520661157024796,0.5165289256198347,0.49586776859504134,0.49586776859504134,0.5,-0.004132231404958664,-0.02479338842975204,0.016528925619834656,0.7381309345327336
socioeco,"Less than $30,000","$100,000 or more",steered,10.0,Steered N=10,Q2,122,244,0.11008846585942775,0.5,0.47950819672131145,0.5204918032786885,0.5,0.5,0.5,0.0,-0.020491803278688547,0.020491803278688492,0.56071964017991
socioeco,"Less than $30,000","$100,000 or more",steered,10.0,Steered N=10,Q3,121,242,0.20565233374747746,0.49586776859504134,0.48760330578512395,0.5,0.49586776859504134,0.49586776859504134,0.5,-0.004132231404958664,-0.012396694214876047,0.0,1.0
socioeco,"Less than $30,000","$100,000 or more",steered,10.0,Steered N=10,Q4,122,244,0.4546724270715891,0.5204918032786885,0.5040983606557377,0.5409836065573771,0.5204918032786885,0.5204918032786885,0.5,0.020491803278688492,0.004098360655737654,0.040983606557377095,0.011494252873563218
socioeco,"Less than $30,000","$100,000 or more",steered,12.0,Steered N=12,All,486,972,0.20496130601456683,0.5010288065843621,0.49176954732510286,0.5102880658436214,0.5010288065843621,0.5010288065843621,0.5,0.0010288065843621075,-0.008230452674897137,0.010288065843621408,0.46276861569215394
socioeco,"Less than $30,000","$100,000 or more",steered,12.0,Steered N=12,Q1,121,242,0.04815234216570784,0.49173553719008267,0.4669421487603306,0.512396694214876,0.49173553719008267,0.49173553719008267,0.5,-0.008264462809917328,-0.03305785123966942,0.012396694214875992,0.8050974512743628
socioeco,"Less than $30,000","$100,000 or more",steered,12.0,Steered N=12,Q2,122,244,0.11008846585942775,0.4959016393442623,0.47540983606557374,0.5163934426229508,0.4959016393442623,0.4959016393442623,0.5,-0.0040983606557377095,-0.024590163934426257,0.016393442622950838,0.7091454272863568
socioeco,"Less than $30,000","$100,000 or more",steered,12.0,Steered N=12,Q3,121,242,0.20565233374747746,0.5041322314049587,0.49173553719008267,0.5206611570247934,0.5041322314049587,0.5041322314049587,0.5,0.004132231404958664,-0.008264462809917328,0.02066115702479343,0.39980009995002497
socioeco,"Less than $30,000","$100,000 or more",steered,12.0,Steered N=12,Q4,122,244,0.4546724270715891,0.5122950819672131,0.4959016393442623,0.5286885245901639,0.5122950819672131,0.5122950819672131,0.5,0.012295081967213073,-0.0040983606557377095,0.02868852459016391,0.13543228385807096
socioeco,"Less than $30,000","$100,000 or more",steered,14.0,Steered N=14,All,486,972,0.20496130601456683,0.5,0.4897119341563786,0.5102880658436214,0.5,0.5,0.5,0.0,-0.010288065843621408,0.010288065843621408,0.5542228885557221
socioeco,"Less than $30,000","$100,000 or more",steered,14.0,Steered N=14,Q1,121,242,0.04815234216570784,0.49586776859504134,0.47107438016528924,0.5206611570247934,0.49586776859504134,0.49586776859504134,0.5,-0.004132231404958664,-0.02892561983471076,0.02066115702479343,0.6876561719140429
socioeco,"Less than $30,000","$100,000 or more",steered,14.0,Steered N=14,Q2,122,244,0.11008846585942775,0.4918032786885246,0.4672131147540984,0.5122950819672131,0.4918032786885246,0.4918032786885246,0.5,-0.008196721311475419,-0.03278688524590162,0.012295081967213073,0.8180909545227386
socioeco,"Less than $30,000","$100,000 or more",steered,14.0,Steered N=14,Q3,121,242,0.20565233374747746,0.5041322314049587,0.49173553719008267,0.5206611570247934,0.5041322314049587,0.5041322314049587,0.5,0.004132231404958664,-0.008264462809917328,0.02066115702479343,0.392303848075962
socioeco,"Less than $30,000","$100,000 or more",steered,14.0,Steered N=14,Q4,122,244,0.4546724270715891,0.5081967213114754,0.4918032786885246,0.5245901639344263,0.5081967213114754,0.5081967213114754,0.5,0.008196721311475419,-0.008196721311475419,0.024590163934426257,0.23088455772113944
socioeco,"Less than $30,000","$100,000 or more",steered,16.0,Steered N=16,All,486,972,0.20496130601456683,0.5,0.4876543209876543,0.5123456790123457,0.5,0.5,0.5,0.0,-0.012345679012345678,0.012345679012345734,0.5462268865567217
socioeco,"Less than $30,000","$100,000 or more",steered,16.0,Steered N=16,Q1,121,242,0.04815234216570784,0.49586776859504134,0.47107438016528924,0.5206611570247934,0.49586776859504134,0.49586776859504134,0.5,-0.004132231404958664,-0.02892561983471076,0.02066115702479343,0.6841579210394803
socioeco,"Less than $30,000","$100,000 or more",steered,16.0,Steered N=16,Q2,122,244,0.11008846585942775,0.4959016393442623,0.4713114754098361,0.5204918032786885,0.4959016393442623,0.4959016393442623,0.5,-0.0040983606557377095,-0.02868852459016391,0.020491803278688492,0.6731634182908546
socioeco,"Less than $30,000","$100,000 or more",steered,16.0,Steered N=16,Q3,121,242,0.20565233374747746,0.5,0.4793388429752066,0.5206611570247934,0.5,0.5,0.5,0.0,-0.020661157024793375,0.02066115702479343,0.5907046476761619
socioeco,"Less than $30,000","$100,000 or more",steered,16.0,Steered N=16,Q4,122,244,0.4546724270715891,0.5081967213114754,0.48360655737704916,0.5327868852459017,0.5081967213114754,0.5081967213114754,0.5,0.008196721311475419,-0.016393442622950838,0.032786885245901676,0.2943528235882059
socioeco,"Less than $30,000","$100,000 or more",steered,18.0,Steered N=18,All,486,972,0.20496130601456683,0.5051440329218106,0.49176954732510286,0.5174897119341564,0.5051440329218106,0.5051440329218106,0.5,0.005144032921810648,-0.008230452674897137,0.017489711934156382,0.2448775612193903
socioeco,"Less than $30,000","$100,000 or more",steered,18.0,Steered N=18,Q1,121,242,0.04815234216570784,0.5041322314049587,0.4793388429752066,0.5289256198347108,0.5041322314049587,0.5041322314049587,0.5,0.004132231404958664,-0.020661157024793375,0.02892561983471076,0.4427786106946527
socioeco,"Less than $30,000","$100,000 or more",steered,18.0,Steered N=18,Q2,122,244,0.11008846585942775,0.4918032786885246,0.46311475409836067,0.5204918032786885,0.4918032786885246,0.4918032786885246,0.5,-0.008196721311475419,-0.03688524590163933,0.020491803278688492,0.7531234382808596
socioeco,"Less than $30,000","$100,000 or more",steered,18.0,Steered N=18,Q3,121,242,0.20565233374747746,0.5082644628099173,0.4834710743801653,0.5289256198347108,0.5082644628099173,0.5082644628099173,0.5,0.008264462809917328,-0.01652892561983471,0.02892561983471076,0.30634682658670664
socioeco,"Less than $30,000","$100,000 or more",steered,18.0,Steered N=18,Q4,122,244,0.4546724270715891,0.5163934426229508,0.4918032786885246,0.5409836065573771,0.5163934426229508,0.5163934426229508,0.5,0.016393442622950838,-0.008196721311475419,0.040983606557377095,0.1374312843578211
socioeco,"Less than $30,000","$100,000 or more",steered,20.0,Steered N=20,All,486,972,0.20496130601456683,0.49691358024691357,0.4825102880658436,0.5102880658436214,0.49691358024691357,0.49691358024691357,0.5,-0.0030864197530864335,-0.017489711934156382,0.010288065843621408,0.7056471764117941
socioeco,"Less than $30,000","$100,000 or more",steered,20.0,Steered N=20,Q1,121,242,0.04815234216570784,0.49173553719008267,0.4669421487603306,0.5165289256198347,0.49173553719008267,0.49173553719008267,0.5,-0.008264462809917328,-0.03305785123966942,0.016528925619834656,0.7936031984007996
socioeco,"Less than $30,000","$100,000 or more",steered,20.0,Steered N=20,Q2,122,244,0.11008846585942775,0.47950819672131145,0.45081967213114754,0.5081967213114754,0.47950819672131145,0.47950819672131145,0.5,-0.020491803278688547,-0.04918032786885246,0.008196721311475419,0.9375312343828086
socioeco,"Less than $30,000","$100,000 or more",steered,20.0,Steered N=20,Q3,121,242,0.20565233374747746,0.5,0.47520661157024796,0.5247933884297521,0.5,0.5,0.5,0.0,-0.02479338842975204,0.024793388429752095,0.5707146426786607
socioeco,"Less than $30,000","$100,000 or more",steered,20.0,Steered N=20,Q4,122,244,0.4546724270715891,0.5163934426229508,0.48770491803278687,0.5491803278688525,0.5163934426229508,0.5163934426229508,0.5,0.016393442622950838,-0.012295081967213128,0.049180327868852514,0.16441779110444776
